# string-xref names: 0x<rva>|<qualified name>|tier|votes|<mangled>
0x00001270|AlchemyItem::InitItem|T2|1|?InitItem@AlchemyItem@@UAAXXZ
0x000017A0|AlchemyItem::IsWater|T2|1|?IsWater@AlchemyItem@@QAA_NXZ
0x00003940|EffectItemList::Load|T2|2|?Load@EffectItemList@@QAAXPAVTESFile@@PBD@Z
0x00004C80|EffectItemList::BuildMenuString|T2|2|?BuildMenuString@EffectItemList@@QAAXPADI@Z
0x00004EE0|EffectItemList::GetEffectItemIndex|T2|1|?GetEffectItemIndex@EffectItemList@@QAAEPAVEffectItem@@@Z
0x00004F50|EffectItemList::GetEffectItemByIndex|T2|1|?GetEffectItemByIndex@EffectItemList@@QAAPAVEffectItem@@E@Z
0x00005E40|EffectSetting::Load|T2|1|?Load@EffectSetting@@UAA_NPAVTESFile@@@Z
0x00006140|EffectSetting::InitItem|T2|2|?InitItem@EffectSetting@@UAAXXZ
0x00006CC0|EffectSetting::QueueEffect|T2|1|?QueueEffect@EffectSetting@@QAAHXZ
0x00007000|EffectSettingCollection::CreateDefaultEffects|T2|6|?CreateDefaultEffects@EffectSettingCollection@@SAXXZ
0x00009DA0|MagicItem::FinishedLoading|T2|1|?FinishedLoading@MagicItem@@QAAXXZ
0x0000BDDE|MagicSystem::GenerateDefaultObjects|T3|3|?GenerateDefaultObjects@MagicSystem@@SAXXZ
0x0000C870|ContainerItemExtra::InitItem|T2|1|?InitItem@ContainerItemExtra@@QAAXPAVTESForm@@@Z
0x0000DEE0|BaseExtraList::RemoveAllDefault|T2|1|?RemoveAllDefault@BaseExtraList@@QAAX_N@Z
0x0000DF70|BaseExtraList::AddExtra|T2|1|?AddExtra@BaseExtraList@@QAAPAVBSExtraData@@PAV2@@Z
0x0000E0B0|BaseExtraList::RemoveExtra|T2|1|?RemoveExtra@BaseExtraList@@QAAXE@Z
0x0000E160|BaseExtraList::RemoveExtra|T2|1|?RemoveExtra@BaseExtraList@@QAAXPAVBSExtraData@@_N@Z
0x0000E280|BaseExtraList::GetExtraData|T2|1|?GetExtraData@BaseExtraList@@QAAPAVBSExtraData@@E@Z
0x0000E3C0|BaseExtraList::GetPrevExtraData|T2|1|?GetPrevExtraData@BaseExtraList@@QAAPAVBSExtraData@@E@Z
0x0000F900|ExtraDataList::AddExtraCopy|T2|1|?AddExtraCopy@ExtraDataList@@QAAXPAVBSExtraData@@@Z
0x0000FEE0|ExtraDataList::CopyList|T2|1|?CopyList@ExtraDataList@@QAAXPAV1@@Z
0x00010020|ExtraDataList::RemoveAllCopyableExtra|T2|1|?RemoveAllCopyableExtra@ExtraDataList@@QAAX_N@Z
0x00010105|ExtraDataList::RemoveNonPersistentCellData|T2|1|?RemoveNonPersistentCellData@ExtraDataList@@QAAXXZ
0x00010220|ExtraDataList::CopyListForContainer|T2|1|?CopyListForContainer@ExtraDataList@@QAAXPAV1@_N@Z
0x0001039D|ExtraDataList::DuplicateExtraListForContainer|T2|1|?DuplicateExtraListForContainer@ExtraDataList@@QAAXPAV1@@Z
0x000104ED|ExtraDataList::CopyListForReference|T2|1|?CopyListForReference@ExtraDataList@@QAAXPAV1@_N@Z
0x000106E2|ExtraDataList::CompareListForContainer|T2|1|?CompareListForContainer@ExtraDataList@@QAA_NPAV1@_N1@Z
0x0001083A|ExtraDataList::CompareList|T2|1|?CompareList@ExtraDataList@@QAA_NPAV1@@Z
0x00013468|ExtraDataList::Load|T2|1|?Load@ExtraDataList@@QAAXPAVTESFile@@PAVTESForm@@@Z
0x00015CDF|ExtraDataList::InitItem|T2|18|?InitItem@ExtraDataList@@QAAXPAVTESForm@@@Z
0x00019350|ExtraDataList::SetStartingWorldOrCellForRef|T2|1|?SetStartingWorldOrCellForRef@ExtraDataList@@QAAXPAVTESObjectREFR@@@Z
0x00020A60|ExtraDataList::SetSavedAnimation|T2|1|?SetSavedAnimation@ExtraDataList@@QAAXPAD@Z
0x00020B54|ExtraDataList::SetSavedHavokData|T2|1|?SetSavedHavokData@ExtraDataList@@QAAXPAD@Z
0x000214F0|EffectSettingCollection::GetKnownEffectsSaveSize|T2|1|?GetKnownEffectsSaveSize@EffectSettingCollection@@SAHXZ
0x00022820|MiddleHighProcess::SaveGame|T1|3|?SaveGame@MiddleHighProcess@@UAAXIPAVMobileObject@@@Z
0x00023E5A|ExtraDataList::LoadGame|T2|4|?LoadGame@ExtraDataList@@QAAXIIPAVTESObjectREFR@@@Z
0x00025FD0|ExtraDataList::SaveGame|T2|1|?SaveGame@ExtraDataList@@QAAXPAVBGSSaveFormBuffer@@@Z
0x00027A45|ExtraDataList::LoadGame|T2|2|?LoadGame@ExtraDataList@@QAAXPAVBGSLoadFormBuffer@@@Z
0x00031E50|ExtraDecalRefs::InitItem|T2|1|?InitItem@ExtraDecalRefs@@QAAXPAVTESForm@@@Z
0x00032000|ExtraReflectorRefs::InitItem|T2|1|?InitItem@ExtraReflectorRefs@@QAAXPAVTESForm@@@Z
0x00032140|ExtraLitWaterRefs::InitItem|T1|2|?InitItem@ExtraLitWaterRefs@@QAAXPAVTESForm@@@Z
0x00036090|ExtraSecuritronFace::ApplyFace|T2|1|?ApplyFace@ExtraSecuritronFace@@QAAXPAVNiAVObject@@@Z
0x000388A0|DoorTeleportData::InitItem|T2|1|?InitItem@DoorTeleportData@@QAA_NPAVTESForm@@@Z
0x00038DF0|Model::InitModel|T2|2|?InitModel@Model@@QAAXPBDPAVBSStream@@_N2@Z
0x00039C3E|LoadedFile::~LoadedFile|T2|1|??1LoadedFile@@QAA@XZ
0x0003A210|LoadedFile::LoadedFile|T2|1|??0LoadedFile@@QAA@PBDPAVBSFile@@@Z
0x0003A390|QueuedTexture::Run|T2|1|?Run@QueuedTexture@@UAAXXZ
0x0003A810|QueuedTexture::GetDescription|T2|1|?GetDescription@QueuedTexture@@UAA_NPADI@Z
0x0003AF5C|QueuedModel::Run|T1|3|?Run@QueuedModel@@UAAXXZ
0x0003B1B0|QueuedHead::Attach|T2|1|?Attach@QueuedHead@@QAAXPAVTESObjectREFR@@PAVBipedAnim@@@Z
0x0003B8A9|QueuedTreeBillboard::GetDescription|T2|1|?GetDescription@QueuedTreeBillboard@@UAA_NPADI@Z
0x0003BA60|QueuedReference::Attach|T2|1|?Attach@QueuedReference@@UAAXXZ
0x0003C3B0|QueuedCharacter::BackgroundClone|T2|1|?BackgroundClone@QueuedCharacter@@UAA_NXZ
0x0003C430|QueuedKF::Run|T2|2|?Run@QueuedKF@@UAAXXZ
0x0003CCF0|QueuedReference::BackgroundClone|T2|1|?BackgroundClone@QueuedReference@@UAA_NXZ
0x0003CF40|QueuedHead::GetDescription|T2|1|?GetDescription@QueuedHead@@UAA_NPADI@Z
0x0003D3CD|QueuedHelmet::CheckFinished|T2|1|?CheckFinished@QueuedHelmet@@UAAXXZ
0x0003DC30|QueuedHelmet::GetDescription|T2|1|?GetDescription@QueuedHelmet@@UAA_NPADI@Z
0x0003DF01|KFModel::DecManualRefCount|T2|1|?DecManualRefCount@KFModel@@QAAXXZ
0x0003E080|QueuedKF::Finish|T2|1|?Finish@QueuedKF@@UAAXXZ
0x0003EAF0|QueuedModel::Finish|T2|1|?Finish@QueuedModel@@UAAXXZ
0x0003EC20|QueuedCharacter::FinishAttach|T2|1|?FinishAttach@QueuedCharacter@@UAAXXZ
0x0003EF10|KFModel::ModManualRefCount|T2|1|?ModManualRefCount@KFModel@@QAAXH@Z
0x0003F385|Model::ModManualRefCount|T2|1|?ModManualRefCount@Model@@QAAXH@Z
0x0003F5AD|QueuedReference::QueueMe|T2|1|?QueueMe@QueuedReference@@UAAXXZ
0x0003F721|QueuedActor::QueueModels|T2|1|?QueueModels@QueuedActor@@UAAXXZ
0x0003F850|QueuedCharacter::QueueModels|T2|1|?QueueModels@QueuedCharacter@@UAAXXZ
0x0003FA80|QueuedCreature::QueueModels|T2|1|?QueueModels@QueuedCreature@@UAAXXZ
0x0003FC10|QueuedPlayer::QueueModels|T2|1|?QueueModels@QueuedPlayer@@UAAXXZ
0x0003FED0|QueuedReference::QueueModels|T2|1|?QueueModels@QueuedReference@@UAAXXZ
0x0003FFE2|QueuedFileLoad::Run|T2|1|?Run@QueuedFileLoad@@UAAXXZ
0x0004020D|BackgroundCloneThread::BackgroundCloneThread|T2|1|??0BackgroundCloneThread@@QAA@I@Z
0x00042A57|QueuedTree::QueueModels|T2|1|?QueueModels@QueuedTree@@UAAXXZ
0x00042AA0|ModelLoader::QueueReference|T2|1|?QueueReference@ModelLoader@@QAAXPAVTESObjectREFR@@W4IO_TASK_PRIORITY@@_N@Z
0x00042BA5|ModelLoader::QueueReplacementKFList|T2|1|?QueueReplacementKFList@ModelLoader@@QAAXPAV?$BSSimpleList@PBD@@PAVAnimation@@W4IO_TASK_PRIORITY@@PAVQueuedFile@@PBD@Z
0x00043D30|ModelLoader::QueueAnimations|T2|4|?QueueAnimations@ModelLoader@@QAAXPAVTESModel@@W4IO_TASK_PRIORITY@@PAVQueuedFile@@PAVTESObjectREFR@@_N4@Z
0x00043EC1|MagicItem::Preload|T2|1|?Preload@MagicItem@@QAAX_N@Z
0x000446A0|QueuedHead::Run|T2|1|?Run@QueuedHead@@UAAXXZ
0x00045300|ModelLoader::LoadKF|T2|1|?LoadKF@ModelLoader@@QAAPAVKFModel@@PBD@Z
0x00045370|QueuedTreeModel::Run|T2|1|?Run@QueuedTreeModel@@UAAXXZ
0x00045570|TESBoundObject::GetLODObjectExists|T2|1|?GetLODObjectExists@TESBoundObject@@QAA_N_N@Z
0x00045750|ModelLoader::BuildKFFileList|T2|3|?BuildKFFileList@ModelLoader@@QAAPAV?$BSSimpleList@PBD@@PBD_N1W4ANIM_GROUP_WEAPON_ENUM@@@Z
0x000462D2|BGSSceneInfo::CollectSceneDataFromAddonNodes|T2|1|?CollectSceneDataFromAddonNodes@BGSSceneInfo@@QAAXXZ
0x00047330|*>::CopyKey|T2|1|?CopyKey@?$LockFreeCaseInsensitiveStringMap@PAVModel@@@@UAAPBDPBD@Z
0x00047DF3|*>::CopyKey|T2|1|?CopyKey@?$LockFreeStringMap@PAVKFModel@@@@UAAPBDPBD@Z
0x000493D0|>::LockFreeMapInterface::ScanForDeletedNodes|T2|1|?ScanForDeletedNodes@LockFreeMapInterface@?$LockFreeMap@PAVAnimation@@V?$NiPointer@VQueuedReplacementKFList@@@@@@AAAXXZ
0x00049580|>::LockFreeMapInterface::ScanForDeletedNodes|T2|1|?ScanForDeletedNodes@LockFreeMapInterface@?$LockFreeMap@PAVBSFileEntry@@V?$NiPointer@VQueuedTexture@@@@@@AAAXXZ
0x000496A0|*>::CopyKey|T2|1|?CopyKey@?$LockFreeStringMap@PAVLoadedFile@@@@UAAPBDPBD@Z
0x000497C0|>::LockFreeMapInterface::ScanForDeletedNodes|T2|1|?ScanForDeletedNodes@LockFreeMapInterface@?$LockFreeMap@PAVMobileObject@@V?$NiPointer@VLipTask@@@@@@AAAXXZ
0x00049A80|*>::LockFreeMapInterface::ScanForDeletedNodes|T2|1|?ScanForDeletedNodes@LockFreeMapInterface@?$LockFreeMap@PAVPathingRequest@@PAVPathingTaskData@@@@AAAXXZ
0x00049C50|*>::LockFreeMapInterface::ScanForDeletedNodes|T2|1|?ScanForDeletedNodes@LockFreeMapInterface@?$LockFreeMap@PAVTESObjectREFR@@PAVBSTreeNode@@@@AAAXXZ
0x00049F20|>::LockFreeMapInterface::ScanForDeletedNodes|T2|1|?ScanForDeletedNodes@LockFreeMapInterface@?$LockFreeMap@PAVTESObjectREFR@@V?$NiPointer@VQueuedHelmet@@@@@@AAAXXZ
0x0004A0A0|>::LockFreeMapInterface::ScanForDeletedNodes|T2|1|?ScanForDeletedNodes@LockFreeMapInterface@?$LockFreeMap@PAVTESObjectREFR@@V?$NiPointer@VQueuedReference@@@@@@AAAXXZ
0x0004A2E0|*>::LockFreeMapInterface::ScanForDeletedNodes|T2|1|?ScanForDeletedNodes@LockFreeMapInterface@?$LockFreeMap@PBDPAVKFModel@@@@AAAXXZ
0x0004A4C0|*>::LockFreeMapInterface::ScanForDeletedNodes|T2|1|?ScanForDeletedNodes@LockFreeMapInterface@?$LockFreeMap@PBDPAVLoadedFile@@@@AAAXXZ
0x0004A7D0|*>::LockFreeMapInterface::ScanForDeletedNodes|T2|1|?ScanForDeletedNodes@LockFreeMapInterface@?$LockFreeMap@PBDPAVModel@@@@AAAXXZ
0x0004A9A0|>::LockFreeMapInterface::ScanForDeletedNodes|T2|1|?ScanForDeletedNodes@LockFreeMapInterface@?$LockFreeMap@_JV?$NiPointer@V?$BSTask@_J@@@@@@AAAXXZ
0x0004AD84|*>::LockFreeQueueInterface::ScanForDeletedNodes|T2|1|?ScanForDeletedNodes@LockFreeQueueInterface@?$LockFreeQueue@PAVbhkRigidBody@@@@AAAXXZ
0x0004B0C0|>::LockFreeQueueInterface::ScanForDeletedNodes|T2|1|?ScanForDeletedNodes@LockFreeQueueInterface@?$LockFreeQueue@V?$NiPointer@VAttachDistant3DTask@@@@@@AAAXXZ
0x0004B270|>::LockFreeQueueInterface::ScanForDeletedNodes|T2|1|?ScanForDeletedNodes@LockFreeQueueInterface@?$LockFreeQueue@V?$NiPointer@VIOTask@@@@@@AAAXXZ
0x0004C1C0|>::LockFreeQueueInterface::ScanForDeletedNodes|T2|1|?ScanForDeletedNodes@LockFreeQueueInterface@?$LockFreeQueue@V?$NiPointer@VQueuedReference@@@@@@AAAXXZ
0x0004D000|>::LockFreeMapInterface::SetAt|T2|1|?SetAt@LockFreeMapInterface@?$LockFreeMap@IV?$NiPointer@VExteriorCellLoaderTask@@@@@@QAA_NIIABV?$NiPointer@VExteriorCellLoaderTask@@@@_N@Z
0x0004D240|>::LockFreeMapInterface::SetAt|T2|1|?SetAt@LockFreeMapInterface@?$LockFreeMap@PAVAnimIdle@@V?$NiPointer@VQueuedAnimIdle@@@@@@QAA_NIPAVAnimIdle@@ABV?$NiPointer@VQueuedAnimIdle@@@@_N@Z
0x0004D268|>::LockFreeMapInterface::SetAt|T2|1|?SetAt@LockFreeMapInterface@?$LockFreeMap@PAVAnimation@@V?$NiPointer@VQueuedReplacementKFList@@@@@@QAA_NIPAVAnimation@@ABV?$NiPointer@VQueuedReplacementKFList@@@@_N@Z
0x0004FBD4|TES::LoadGridCell|T2|1|?LoadGridCell@TES@@IAAXHHHH@Z
0x000543A0|TES::TestAllCells|T2|1|?TestAllCells@TES@@QAAXH@Z
0x00054BD0|TES::SaveWorld|T2|1|?SaveWorld@TES@@QAAXPBD@Z
0x00057256|BSTempEffectGeometryDecal::GetSaveSize|T2|1|?GetSaveSize@BSTempEffectGeometryDecal@@UAAGXZ
0x00057520|AlarmPackage::SaveGame|T2|2|?SaveGame@AlarmPackage@@UAAXXZ
0x00057B80|TES::RunCellTest|T2|1|?RunCellTest@TES@@QAAXI@Z
0x00057F9C|TES::TestCell|T2|3|?TestCell@TES@@QAAXPAVTESObjectCELL@@II@Z
0x000584D0|TES::PreloadDefaultModels|T1|3|?PreloadDefaultModels@TES@@QAAXXZ
0x00059000|TES::SetNavMeshInfoMap|T2|1|?SetNavMeshInfoMap@TES@@QAAXPAVNavMeshInfoMap@@@Z
0x0005DF10|TESDataHandler::ClearData|T1|3|?ClearData@TESDataHandler@@QAA_NXZ
0x0005EF1A|TESDataHandler::AddFormToDataHandler|T2|1|?AddFormToDataHandler@TESDataHandler@@QAA_NPAVTESForm@@@Z
0x0005F58D|TESDataHandler::FileCacheCompleteCallback|T2|1|?FileCacheCompleteCallback@TESDataHandler@@SAXPBD@Z
0x0005FDEB|TESDataHandler::GetCellFromCellCoord|T2|2|?GetCellFromCellCoord@TESDataHandler@@QAAPAVTESObjectCELL@@HHPAVTESWorldSpace@@_N@Z
0x0006053B|TESDataHandler::GetExtCellDataFromFileByEditorID|T2|1|?GetExtCellDataFromFileByEditorID@TESDataHandler@@QAAPAVTESWorldSpace@@PBDAAH1@Z
0x0006072A|TESDataHandler::BuildFileList|T2|2|?BuildFileList@TESDataHandler@@QAA_NPAD@Z
0x000610B0|TESDataHandler::NewCell|T2|1|?NewCell@TESDataHandler@@QAAPAVTESObjectCELL@@PADHHPAVTESWorldSpace@@@Z
0x000612E0|TESDataHandler::CompileFiles|T2|2|?CompileFiles@TESDataHandler@@QAA_N_N@Z
0x00061780|TESDataHandler::ReleaseForm|T2|1|?ReleaseForm@TESDataHandler@@QAAXPAVTESForm@@@Z
0x00062EA0|TESDataHandler::CleanUpBadForms|T2|1|?CleanUpBadForms@TESDataHandler@@QAAXXZ
0x000632C3|TESDataHandler::SaveActiveData|T2|1|?SaveActiveData@TESDataHandler@@QAA_NPAD_N@Z
0x00065D6B|TESDataHandler::CreateFormOfType|T1|2|?CreateFormOfType@TESDataHandler@@SAPAVTESForm@@E@Z
0x00066064|TESDataHandler::ConstructObject|T2|3|?ConstructObject@TESDataHandler@@QAA_NPAVTESFile@@_NPAVTESForm@@1@Z
0x00066AE1|TESDataHandler::ConstructObjectList|T2|1|?ConstructObjectList@TESDataHandler@@QAA_NPAVTESFile@@_N@Z
0x00067131|TESDataHandler::SelectCell|T2|1|?SelectCell@TESDataHandler@@QAAPAVTESObjectCELL@@VNiPoint3@@PA_NPAVTESWorldSpace@@@Z
0x00067BB0|TESDataHandler::GetNextID|T2|1|?GetNextID@TESDataHandler@@QAAIXZ
0x000684C8|TESDataHandler::DataError|T2|1|?DataError@TESDataHandler@@IAAXW4DAT_ERROR@@@Z
0x0006A794|TESDataHandler::GenerateDefaultObjects|T3|14|?GenerateDefaultObjects@TESDataHandler@@QAAXXZ
0x0006AF89|TESObjectCELL::UpdateHavokCamera|T2|1|?UpdateHavokCamera@TESObjectCELL@@QAAXPAVNiCamera@@@Z
0x0006B40E|CaravanMenu::DoIdle|T3|3|?DoIdle@CaravanMenu@@UAAXXZ
0x0006BFEB|TESDataHandler::CheckModels|T2|3|?CheckModels@TESDataHandler@@QAAX_N@Z
0x0006CA95|TESDataHandler::CheckTexturesRecurse|T2|4|?CheckTexturesRecurse@TESDataHandler@@QAAXPAVNiAVObject@@PBD@Z
0x0006D12D|TESDataHandler::CheckIcons|T2|4|?CheckIcons@TESDataHandler@@QAAXXZ
0x0006EA11|TESFile::TESFile|T2|1|??0TESFile@@QAA@PBD0W4OpenMode@NiFile@@@Z
0x0006FAF0|TESFile::GenIndexTable|T2|1|?GenIndexTable@TESFile@@QAA_NPAV?$BSSimpleList@PAVTESFile@@@@_N@Z
0x0007052D|TESFile::SetOffsetChunk|T2|1|?SetOffsetChunk@TESFile@@QAA_NI@Z
0x000711CE|TESFile::EasyWrite|T2|1|?EasyWrite@TESFile@@AAA?AW4TES_RETURN_CODE@@PAXI@Z
0x00071820|TESFile::StartAndEndGroupsForForm|T2|1|?StartAndEndGroupsForForm@TESFile@@QAAXPAVTESForm@@@Z
0x00071A10|TESFile::IsFileVersionTooHigh|T2|1|?IsFileVersionTooHigh@TESFile@@QAA_NXZ
0x00072100|TESFile::StartGroup|T2|1|?StartGroup@TESFile@@QAAXPAUFORM@@@Z
0x000722EE|TESFile::DecompressCurrentForm|T2|2|?DecompressCurrentForm@TESFile@@IAAXXZ
0x00072D30|BGSAmmoForm::InitItem|T1|3|?InitItem@BGSAmmoForm@@QAAXPAVTESForm@@@Z
0x00072F60|BGSBipedModelList::InitItem|T2|3|?InitItem@BGSBipedModelList@@QAAXPAVTESForm@@@Z
0x000762D3|BGSDestructibleObjectForm::LoadChunk|T2|1|?LoadChunk@BGSDestructibleObjectForm@@SAXPAV1@PAVTESFile@@@Z
0x00076EC0|BGSDestructibleObjectForm::InitItem|T2|3|?InitItem@BGSDestructibleObjectForm@@QAAXPAVTESForm@@@Z
0x00077780|BGSEquipType::GenerateDefaultMenuIcons|T1|3|?GenerateDefaultMenuIcons@BGSEquipType@@SAXXZ
0x00077C67|BGSIdleCollection::InitItem|T2|1|?InitItem@BGSIdleCollection@@QAAXPAVTESForm@@@Z
0x00078DC4|BGSOpenCloseForm::HandleAnimEnd|T2|1|?HandleAnimEnd@BGSOpenCloseForm@@SAXPAVTESObjectREFR@@PAVNiControllerSequence@@@Z
0x00079190|BGSOpenCloseForm::HandleAnimEndHavok|T2|1|?HandleAnimEndHavok@BGSOpenCloseForm@@SA_NPAVTESObjectREFR@@PAVNiControllerSequence@@@Z
0x00079790|BGSPickupPutdownSounds::InitItem|T2|3|?InitItem@BGSPickupPutdownSounds@@QAAXPAVTESForm@@@Z
0x000799F0|BGSRepairItemList::InitItem|T1|3|?InitItem@BGSRepairItemList@@QAAXPAVTESForm@@@Z
0x00079FB0|BGSTouchSpellForm::InitItem|T2|3|?InitItem@BGSTouchSpellForm@@QAAXPAVTESForm@@@Z
0x0007BD40|TESActorBaseData::InitItem|T2|1|?InitItem@TESActorBaseData@@QAAXPAVTESForm@@@Z
0x0007C44B|TESActorBaseData::CalcTemplateForRef|T2|1|?CalcTemplateForRef@TESActorBaseData@@QAAXPAVTESObjectREFR@@@Z
0x0007C513|TESActorBaseData::GetSaveSize|T1|2|?GetSaveSize@TESActorBaseData@@QAAGI@Z
0x0007C64A|TESActorBaseData::RemoveFormChange|T2|1|?RemoveFormChange@TESActorBaseData@@QAAXH@Z
0x0007C6E0|TESActorBaseData::SaveGame|T2|3|?SaveGame@TESActorBaseData@@QAAXI@Z
0x0007C790|TESActorBaseData::SetFlagBit|T2|1|?SetFlagBit@TESActorBaseData@@QAAXH_N0@Z
0x0007C7D0|TESActorBaseData::AddFormChange|T2|1|?AddFormChange@TESActorBaseData@@QAAXH@Z
0x0007C9D0|TESActorBaseData::TESActorBaseData|T2|1|??0TESActorBaseData@@QAA@XZ
0x0007CAC0|TESActorBaseData::LoadGame|T2|3|?LoadGame@TESActorBaseData@@QAAXII@Z
0x0007F4C0|ContainerObject::InitItem|T1|3|?InitItem@ContainerObject@@QAAXPAVTESForm@@@Z
0x00081390|TESEnchantableForm::InitItem|T2|1|?InitItem@TESEnchantableForm@@QAAXPAVTESForm@@@Z
0x00081540|TESForm::TESForm|T1|2|??0TESForm@@QAA@XZ
0x00081EB0|TESForm::CompressSaveBuffer|T2|2|?CompressSaveBuffer@TESForm@@SAXXZ
0x00083E70|TESForm::__SaveData|T2|1|?__SaveData@TESForm@@QAAXPAXI@Z
0x00084950|TESForm::GetFormDetailedString|T2|1|?GetFormDetailedString@TESForm@@UAAXAAV?$BSStringT@D@@@Z
0x00085568|TESImageSpaceModifiableCountForm<6>::InitItem|T2|2|?InitItem@?$TESImageSpaceModifiableCountForm@$05@@QAAXPAVTESForm@@@Z
0x000866BE|TESLeveledList::InitItem|T2|3|?InitItem@TESLeveledList@@QAAXPAVTESForm@@@Z
0x00087840|TESTextureList::LoadFromBuffer|T2|2|?LoadFromBuffer@TESTextureList@@QAAXPAUBSHashData@@IPAVTESForm@@PBD@Z
0x00088C50|TESModelTextureSwap::InitItem|T2|1|?InitItem@TESModelTextureSwap@@QAAXPAVTESForm@@@Z
0x000890E0|TESModelTextureSwap::SwapTextures|T2|2|?SwapTextures@TESModelTextureSwap@@QAAXPAVNiAVObject@@@Z
0x00089860|TESProduceForm::InitItem|T1|3|?InitItem@TESProduceForm@@QAAXPAVTESForm@@@Z
0x000899F0|TESRaceForm::InitItem|T1|3|?InitItem@TESRaceForm@@QAAXPAVTESForm@@@Z
0x0008A3D0|TESReactionForm::GetSaveSize|T1|2|?GetSaveSize@TESReactionForm@@QAAGI@Z
0x0008A7B0|TESReactionForm::SaveGame|T2|4|?SaveGame@TESReactionForm@@QAAXI@Z
0x0008A990|TESReactionForm::LoadGame|T2|5|?LoadGame@TESReactionForm@@QAAXII@Z
0x0008AF10|TESScriptableForm::InitItem|T1|2|?InitItem@TESScriptableForm@@QAAXPAVTESForm@@@Z
0x0008B530|TESSpellList::InitItem|T2|2|?InitItem@TESSpellList@@QAAXPAVTESForm@@@Z
0x0008BA00|TESSpellList::GetSaveSize|T1|2|?GetSaveSize@TESSpellList@@UAAGI@Z
0x0008BD50|TESSpellList::SaveGame|T2|3|?SaveGame@TESSpellList@@UAAXI@Z
0x0008C742|TESTexture::GetAsSkinFile|T2|1|?GetAsSkinFile@TESTexture@@SAXPBDPAD@Z
0x0008D700|AnimSequenceMultiple::GetCorrespondingSequence|T2|1|?GetCorrespondingSequence@AnimSequenceMultiple@@QAAPAVBSAnimGroupSequence@@PAV2@W4ANIM_GROUP_SECTION@@@Z
0x0008E005|Animation::AddAnimationsFromList|T2|1|?AddAnimationsFromList@Animation@@QAAXPAV?$BSSimpleList@PBD@@@Z
0x0008E3B0|Animation::AddSpecialAnimations|T1|2|?AddSpecialAnimations@Animation@@QAAXPAV?$BSSimpleList@PBD@@PBD@Z
0x0008E4A0|Animation::Init|T2|1|?Init@Animation@@QAA_NPAV?$BSSimpleList@PBD@@PAVNiNode@@PAVTESObjectREFR@@_N@Z
0x0008E660|Animation::AddAnimation|T2|2|?AddAnimation@Animation@@QAA_NPAVKFModel@@_N@Z
0x0008F720|Animation::Update|T2|1|?Update@Animation@@QAAXPAVTESObjectREFR@@MM@Z
0x00091F2B|Animation::InitGroupSpeed|T2|1|?InitGroupSpeed@Animation@@QAAXPAVTESAnimGroup@@@Z
0x0009306B|Animation::StartGroup|T2|1|?StartGroup@Animation@@IAAPAVBSAnimGroupSequence@@PAV2@GW4ANIM_GROUP_SECTION@@@Z
0x00094710|AnimIdle::AnimIdle|T1|2|??0AnimIdle@@QAA@PAVTESIdleForm@@W4ANIM_GROUP_SECTION@@W4PLAY_TYPE_ENUM@0@PAVActor@@_NPAVAnimation@@@Z
0x00094E2E|Animation::LoadGame|T2|1|?LoadGame@Animation@@QAAXPAVBGSLoadFormBuffer@@@Z
0x00095580|AnimIdle::Loaded|T2|1|?Loaded@AnimIdle@@QAAXPAVKFModel@@@Z
0x000955C0|AnimIdle::GetAnimIdleSaveSize|T1|2|?GetAnimIdleSaveSize@AnimIdle@@SAGPAVActor@@PAV1@@Z
0x00095740|Animation::ReloadTargets|T2|1|?ReloadTargets@Animation@@QAAX_N@Z
0x00095BE0|AnimIdle::LoadAnimIdle|T2|8|?LoadAnimIdle@AnimIdle@@SAPAV1@PAVActor@@PAVAnimation@@M@Z
0x00095D20|Animation::Revert|T2|1|?Revert@Animation@@QAAXPAVBGSLoadFormBuffer@@@Z
0x00095F50|Animation::SpecialIdleAuto|T2|1|?SpecialIdleAuto@Animation@@QAAXPAVTESIdleForm@@PAVActor@@W4ANIM_GROUP_SECTION@@W4PLAY_TYPE_ENUM@AnimIdle@@@Z
0x000961A7|Animation::SpecialIdleReplace|T2|1|?SpecialIdleReplace@Animation@@QAAXPAVTESIdleForm@@PAVActor@@W4ANIM_GROUP_SECTION@@@Z
0x00096C91|Animation::SpecialIdleFree|T2|1|?SpecialIdleFree@Animation@@QAAX_N0@Z
0x00097BC0|Animation::GetSaveSize|T1|2|?GetSaveSize@Animation@@QAAGPAVTESObjectREFR@@@Z
0x00098170|AnimIdle::SaveAnimIdle|T2|3|?SaveAnimIdle@AnimIdle@@SAXPAVActor@@PAV1@PAVAnimation@@M@Z
0x000981F0|Animation::SaveGame|T2|2|?SaveGame@Animation@@QAAXPAVTESObjectREFR@@@Z
0x00098271|AnimIdle::~AnimIdle|T2|1|??1AnimIdle@@UAA@XZ
0x00098290|Animation::SpecialIdleQueue|T2|1|?SpecialIdleQueue@Animation@@QAAXPAVTESIdleForm@@W4ANIM_GROUP_SECTION@@@Z
0x00098910|Animation::LoadGame|T2|5|?LoadGame@Animation@@QAAXPAVTESObjectREFR@@@Z
0x0009C5A0|BGSAutoWater::GeneratePlaceableWater|T2|1|?GeneratePlaceableWater@BGSAutoWater@@CAXPAVTESObjectCELL@@@Z
0x0009E2F0|BGSDecalManager::UpdateSimpleDecals|T1|2|?UpdateSimpleDecals@BGSDecalManager@@QAAXXZ
0x0009E9A1|BGSDecalManager::IssueDecalOcclusionQuery|T2|3|?IssueDecalOcclusionQuery@BGSDecalManager@@QAAXPAVBSTempEffectSimpleDecal@@@Z
0x0009F3C0|BGSDecalManager::AddDecal|T2|1|?AddDecal@BGSDecalManager@@QAAXAAVDECAL_CREATION_DATA@@W4DECAL_TYPE@1@_N@Z
0x0009FB50|BGSDecalManager::AddGeometryDecalRecurse|T2|3|?AddGeometryDecalRecurse@BGSDecalManager@@AAA_NAAVDECAL_CREATION_DATA@@@Z
0x000A0330|BGSDecalManager::AddProjectedDecalRecurse|T2|4|?AddProjectedDecalRecurse@BGSDecalManager@@AAA_NAAVDECAL_CREATION_DATA@@@Z
0x000A34D8|BGSPrimitivePlane::Build|T2|1|?Build@BGSPrimitivePlane@@UAAXXZ
0x000A5B1D|BGSPrimitiveSphere::Build|T1|2|?Build@BGSPrimitiveSphere@@UAAXXZ
0x000A61B4|TESRace::KillEGTData|T2|1|?KillEGTData@TESRace@@QAAXXZ
0x000A6370|BGSSceneInfo::CollectSceneDataRecursive|T2|1|?CollectSceneDataRecursive@BGSSceneInfo@@QAAXPAVNiAVObject@@PAUSCENE_INFO_DATA_STRUCT@@_N0@Z
0x000A7240|BGSSceneInfo::BuildMNumberString|T2|1|?BuildMNumberString@BGSSceneInfo@@SAXMAAV?$BSStringT@D@@_N@Z
0x000A8E81|bhkBlendController::MoveHead|T2|1|?MoveHead@bhkBlendController@@IAAPAVNiNode@@PAVbhkBlendCollisionObject@@@Z
0x000A97E0|BipedAnim::RemoveBipedWeapon|T2|1|?RemoveBipedWeapon@BipedAnim@@QAAXXZ
0x000A98B0|BipedAnim::AttachBipedWeapon|T2|1|?AttachBipedWeapon@BipedAnim@@QAAXPAVTESObjectWEAP@@E@Z
0x000AADE1|BipedAnim::AttachHelmet|T2|1|?AttachHelmet@BipedAnim@@QAAXPAVBSFaceGenModel@@PAVNiNode@@W4BIPED_OBJECT@@@Z
0x000AAE30|BipedAnim::LoadBipedParts|T2|1|?LoadBipedParts@BipedAnim@@QAAX_N@Z
0x000AB400|BipedAnim::ApplySkinnedObjects|T2|1|?ApplySkinnedObjects@BipedAnim@@IAAPAVNiAVObject@@PAVNiNode@@W4BIPED_OBJECT@@_N2PAVBSFaceGenModel@@@Z
0x000ABA6F|BipedAnim::AttachSkinnedObject|T2|1|?AttachSkinnedObject@BipedAnim@@IAAPAVNiAVObject@@PAVNiNode@@0W4BIPED_OBJECT@@_N2PAVBSFaceGenModel@@@Z
0x000ABD30|HighProcess::PrintCurrentHeadTrackTarget|T2|1|?PrintCurrentHeadTrackTarget@HighProcess@@QAAXXZ
0x000AC559|BipedAnim::AttachToParent|T2|4|?AttachToParent@BipedAnim@@SAXPAVNiNode@@00PAV1@W4BIPED_OBJECT@@PAVBSFaceGenModel@@@Z
0x000AC884|BipedAnim::LoadFaceGenModel|T2|1|?LoadFaceGenModel@BipedAnim@@QAAPAVBSFaceGenModel@@W4BIPED_OBJECT@@@Z
0x000ACCC3|TESObjectREFR::AttachWeapon|T2|1|?AttachWeapon@TESObjectREFR@@QAAXPAVTESObjectWEAP@@@Z
0x000AD1B0|BipedAnim::LoadAndAttachAddOn|T2|1|?LoadAndAttachAddOn@BipedAnim@@SAPAVNiAVObject@@PAVTESForm@@PAVTESModel@@W4BIPED_OBJECT@@PAVTESObjectREFR@@PAV2@@Z
0x000AD4A0|BipedAnim::GetSkinBipedObject|T2|1|?GetSkinBipedObject@BipedAnim@@SA?AW4BIPED_OBJECT@@PAVNiAVObject@@PAVBSShaderPPLightingProperty@@@Z
0x000ADA87|BipedAnim::Get1stPersonModelFileName|T2|2|?Get1stPersonModelFileName@BipedAnim@@IAA_NPAVTESModel@@PAD@Z
0x000AEAAB|BSClonePools::MakeClones|T2|1|?MakeClones@BSClonePools@@QAAXPAVNiAVObject@@I@Z
0x000B3E60|TESObjectREFR::CullChildMarkers|T2|1|?CullChildMarkers@TESObjectREFR@@QAAX_N@Z
0x000B4880|TESObjectREFR::SaveHavokDataForCollisionObjectOld|T2|1|?SaveHavokDataForCollisionObjectOld@TESObjectREFR@@SAXPAVbhkNiCollisionObject@@AAUObjectRecData@bhkWorldNS@@@Z
0x000B5980|TESNPC::Clone3D|T2|1|?Clone3D@TESNPC@@UAAPAVNiAVObject@@PAVTESObjectREFR@@@Z
0x000B6360|TESNPC::UpdateFaceEars|T2|1|?UpdateFaceEars@TESNPC@@QAAXXZ
0x000B6810|TESObjectREFR::GetFaceNodeSkinned|T2|1|?GetFaceNodeSkinned@TESObjectREFR@@UAAPAVBSFaceGenNiNode@@PAVNiNode@@@Z
0x000B6980|FixedStrings::InitSDM|T3|3|?InitSDM@FixedStrings@@SAXXZ
0x000B8940|GridCellArray::RecreateCanopyShadowMaskTexture|T2|1|?RecreateCanopyShadowMaskTexture@GridCellArray@@QAAXXZ
0x000B8F7A|GridCellArray::Set|T2|1|?Set@GridCellArray@@QAAXIIPAUGridCell@@@Z
0x000BC749|InventoryChanges::GetSaveSize|T1|2|?GetSaveSize@InventoryChanges@@QAAGXZ
0x000BC8F0|InventoryChanges::SaveGame|T2|3|?SaveGame@InventoryChanges@@QAAXXZ
0x000BD2DB|InventoryChanges::InventoryChanges|T2|1|??0InventoryChanges@@QAA@PAVTESObjectREFR@@@Z
0x000BD570|InventoryChanges::AddChangeItem|T2|1|?AddChangeItem@InventoryChanges@@QAAXPAVItemChange@@_N@Z
0x000BD880|InventoryChanges::AddItem|T2|1|?AddItem@InventoryChanges@@QAAXPAVTESBoundObject@@PAVExtraDataList@@H@Z
0x000BE060|InventoryChanges::AddItem|T2|1|?AddItem@InventoryChanges@@QAAXPAVTESObjectREFR@@H_N1@Z
0x000BF5B0|InventoryChanges::AddWorn|T2|1|?AddWorn@InventoryChanges@@QAAXPAVTESBoundObject@@HPAVActor@@PAVExtraDataList@@_N3@Z
0x000BFD80|InventoryChanges::CreateCopyofList|T2|1|?CreateCopyofList@InventoryChanges@@QAAXPAV1@PAVTESObjectREFR@@_N@Z
0x000C0BD0|InventoryChanges::CreateExtraDataList|T2|1|?CreateExtraDataList@InventoryChanges@@QAAXPAVTESBoundObject@@HPAVActor@@PAVExtraDataList@@PAVItemChange@@@Z
0x000C13EE|InventoryChanges::GetBestAmmo|T2|1|?GetBestAmmo@InventoryChanges@@QAAPAVItemChange@@PAVTESActorBase@@_N@Z
0x000C1A31|InventoryChanges::GetBestArmor|T2|1|?GetBestArmor@InventoryChanges@@QAAPAVItemChange@@PAVTESActorBase@@W4BIPED_OBJECT@@_N@Z
0x000C4F9E|InventoryChanges::GetBestClothing|T2|1|?GetBestClothing@InventoryChanges@@QAAPAVItemChange@@PAVTESActorBase@@W4BIPED_OBJECT@@_N@Z
0x000C54ED|InventoryChanges::GetBestFood|T2|1|?GetBestFood@InventoryChanges@@QAAPAVItemChange@@XZ
0x000C62FD|InventoryChanges::GetBestLight|T2|1|?GetBestLight@InventoryChanges@@QAAPAVItemChange@@PAVTESActorBase@@_N@Z
0x000C6D40|InventoryChanges::GetBestWeapon|T2|1|?GetBestWeapon@InventoryChanges@@QAAPAVItemChange@@PAVTESActorBase@@AAMW4COMBAT_WEAPON_TYPE@@_N@Z
0x000C7541|InventoryChanges::GetHotKeyItem|T2|1|?GetHotKeyItem@InventoryChanges@@QAAPAVItemChange@@H@Z
0x000C8262|InventoryChanges::GetInventoryChanges|T2|1|?GetInventoryChanges@InventoryChanges@@SAPAV1@PAVTESObjectREFR@@@Z
0x000C8368|InventoryChanges::GetItembyIndex|T2|1|?GetItembyIndex@InventoryChanges@@QAAPAVItemChange@@H@Z
0x000C9233|InventoryChanges::GetWornItem|T2|1|?GetWornItem@InventoryChanges@@QAAPAVItemChange@@W4BIPED_OBJECT@@_N@Z
0x000C9941|ItemChange::GetStatusIcon|T2|1|?GetStatusIcon@ItemChange@@QAAPBDH@Z
0x000CCFC5|InventoryChanges::RemoveStolenItems|T2|3|?RemoveStolenItems@InventoryChanges@@QAAXPAVTESObjectREFR@@0PAVTESForm@@@Z
0x000CD4F1|InventoryChanges::RemoveAllItems|T1|3|?RemoveAllItems@InventoryChanges@@QAAMPAVTESObjectREFR@@0_N111HPAVBGSListForm@@@Z
0x000CD9C0|Script::RemoveItemFunction|T1|3|?RemoveItemFunction@Script@@SA_NPBUSCRIPT_PARAMETER@@PBDPAVTESObjectREFR@@2PAV1@PAVScriptLocals@@AANAAI@Z
0x000D0505|InventoryChanges::RunScripts|T2|1|?RunScripts@InventoryChanges@@QAA_NPAVTESObjectREFR@@@Z
0x000D0729|InventoryChanges::SetHotKeyItem|T2|1|?SetHotKeyItem@InventoryChanges@@QAAXPAVItemChange@@PAVExtraDataList@@H@Z
0x000D1B41|ItemChange::GetSaveSize|T1|2|?GetSaveSize@ItemChange@@QAAGXZ
0x000D1D5D|ItemChange::SaveGame|T1|4|?SaveGame@ItemChange@@QAAXXZ
0x000D1E89|InventoryChanges::LoadGame|T2|3|?LoadGame@InventoryChanges@@QAAXXZ
0x000D2107|ItemChange::LoadGame|T2|5|?LoadGame@ItemChange@@QAAXXZ
0x000D3EC8|MiscStatManager::ModVal|T2|1|?ModVal@MiscStatManager@@SAXW4MiscStatID@1@H@Z
0x000D3F37|MiscStatManager::GetIDByName|T2|1|?GetIDByName@MiscStatManager@@SA?AW4MiscStatID@1@PBD@Z
0x000D4A25|D3DXShader::Compiler::ScanForMultipleLineNumbers|T2|1|?ScanForMultipleLineNumbers@Compiler@D3DXShader@@QAAIPAVCNode@2@@Z
0x000D8168|RagDollData::CreateRagDollBoneArray|T2|1|?CreateRagDollBoneArray@RagDollData@@IAAXPAVTESObjectREFR@@@Z
0x000D8560|Renderer::Kill|T2|1|?Kill@Renderer@@SAX_N@Z
0x000D8FA0|Renderer::Init|T2|1|?Init@Renderer@@SAPAVNiXenonRenderer@@PAUHWND__@@PAUHINSTANCE__@@@Z
0x000DA650|Main::CreateMenuRootNode|T2|1|?CreateMenuRootNode@Main@@SAXXZ
0x000DA95A|Main::CreateMenuRootNode3D|T2|1|?CreateMenuRootNode3D@Main@@SAXXZ
0x000DFD5F|TESWaterSystem::CreateQuadShape|T2|1|?CreateQuadShape@TESWaterSystem@@QAAPAVNiTriShape@@PAVNiTriShapeData@@@Z
0x000E0B43|TESWaterSystem::UpdatePlaceableWater|T2|1|?UpdatePlaceableWater@TESWaterSystem@@QAAXPAVNiCamera@@_N@Z
0x000E13CE|TESWaterSystem::UpdateLODWater|T2|1|?UpdateLODWater@TESWaterSystem@@QAAXPAVNiCamera@@_N@Z
0x000E56C0|TESWaterSystem::InitializeGreyTexture|T2|1|?InitializeGreyTexture@TESWaterSystem@@AAAPAVBSRenderedTexture@@XZ
0x000E5808|TESWaterSystem::MTRenderSelectiveDepthTexture|T2|1|?MTRenderSelectiveDepthTexture@TESWaterSystem@@AAAXPAUPlaceableWaterGroup@@G@Z
0x000E5DC8|TESWaterSystem::CreateQuadData|T2|1|?CreateQuadData@TESWaterSystem@@QAAPAVNiTriShapeData@@MMII_N0@Z
0x000E7F5B|TESWaterSystem::MTRenderSelectiveReflectionTexture|T2|1|?MTRenderSelectiveReflectionTexture@TESWaterSystem@@AAAXPAUPlaceableWaterGroup@@@Z
0x000E8C55|TESWaterSystem::MTRenderSkyReflectionTexture|T2|1|?MTRenderSkyReflectionTexture@TESWaterSystem@@AAAXXZ
0x000E9137|TESWaterSystem::MTRenderWorldReflectionTexture|T2|1|?MTRenderWorldReflectionTexture@TESWaterSystem@@AAAXXZ
0x000E926B|TESWaterSystem::MTSetupSelectiveDepthTexture|T2|1|?MTSetupSelectiveDepthTexture@TESWaterSystem@@AAAXPAVNiCamera@@PAUPlaceableWaterGroup@@@Z
0x000E9581|TESWaterSystem::MTSetupSelectiveReflectionTexture|T2|1|?MTSetupSelectiveReflectionTexture@TESWaterSystem@@AAAXPAVNiCamera@@PAUPlaceableWaterGroup@@_N@Z
0x000E9C10|TESWaterSystem::MTSetupSkyReflectionTexture|T2|1|?MTSetupSkyReflectionTexture@TESWaterSystem@@AAAXPAVNiCamera@@@Z
0x000E9F45|TESWaterSystem::MTSetupWorldReflectionTexture|T2|1|?MTSetupWorldReflectionTexture@TESWaterSystem@@AAAXPAVNiCamera@@@Z
0x000EA860|TESWaterSystem::UpdateWaterNoise|T2|1|?UpdateWaterNoise@TESWaterSystem@@QAAXPAUPlaceableWaterGroup@@@Z
0x000EB2CD|TESWaterSystem::UpdateWaterSystem|T2|1|?UpdateWaterSystem@TESWaterSystem@@QAAXPAVNiCamera@@PAVNiNode@@@Z
0x000ED110|BSAnimGroupSequence::PlaySounds|T1|2|?PlaySounds@BSAnimGroupSequence@@SA_NPAVNiControllerSequence@@PAVTESObjectREFR@@@Z
0x000EDA30|BSAnimGroupSequence::GetPriority|T2|1|?GetPriority@BSAnimGroupSequence@@QAAEPBDPAI@Z
0x000EFA50|TESRegionDataGrass::LoadRegionDataGrass|T2|1|?LoadRegionDataGrass@TESRegionDataGrass@@UAA_NPAVTESFile@@@Z
0x000F1161|TESRegionDataLandscape::GetDefaultFullMaskTextureProp|T2|1|?GetDefaultFullMaskTextureProp@TESRegionDataLandscape@@SAPAVNiTexturingProperty@@XZ
0x000F29C0|TESRegionDataSound::LoadRegionDataSound|T2|1|?LoadRegionDataSound@TESRegionDataSound@@UAA_NPAVTESFile@@@Z
0x000F32B0|TESRegionDataWeather::LoadRegionDataWeather|T2|1|?LoadRegionDataWeather@TESRegionDataWeather@@UAAXPAVTESFile@@PAVTESRegion@@@Z
0x000F38E0|TESRegionGrassObject::TESRegionGrassObject|T2|2|??0TESRegionGrassObject@@QAA@PAUREGION_GRASS_OBJECT_FILE_DATA@0@@Z
0x000F6850|GameSettingCollection::GetViewerStrings|T2|1|?GetViewerStrings@GameSettingCollection@@UAAIPAV?$NiTPrimitiveArray@PAD@@@Z
0x000F6D3E|BGSAddonNode::InitItem|T2|1|?InitItem@BGSAddonNode@@UAAXXZ
0x000F7740|BGSConstructibleObject::InitItem|T2|1|?InitItem@BGSConstructibleObject@@UAAXXZ
0x000F81E0|BGSDebris::Load|T1|2|?Load@BGSDebris@@UAA_NPAVTESFile@@@Z
0x000F9041|BGSExplosion::InitItem|T2|1|?InitItem@BGSExplosion@@UAAXXZ
0x000FD420|BGSTalkingActivator::GetRadioStationsInRangeOfRef|T2|1|?GetRadioStationsInRangeOfRef@BGSTalkingActivator@@SAXPAVTESObjectREFR@@PAV?$BSSimpleList@PAVTESObjectREFR@@@@PAV?$BSSimpleList@M@@@Z
0x000FDED1|BGSTerminal::InitItem|T2|1|?InitItem@BGSTerminal@@UAAXXZ
0x000FF518|BGSTerminal::Activate|T1|2|?Activate@BGSTerminal@@UAA_NPAVTESObjectREFR@@0_NPAVTESBoundObject@@H@Z
0x00100CB0|TESAmmo::InitItem|T1|3|?InitItem@TESAmmo@@UAAXXZ
0x00101990|TESAmmo::Clone3D|T2|1|?Clone3D@TESAmmo@@UAAPAVNiAVObject@@PAVTESObjectREFR@@_N@Z
0x00105C00|TESEffectShader::StartTextureShader|T2|1|?StartTextureShader@TESEffectShader@@QAAXPAVNiAVObject@@PAVTextureEffectData@BSShaderPPLightingProperty@@@Z
0x00106D84|TESFlora::Activate|T2|1|?Activate@TESFlora@@UAA_NPAVTESObjectREFR@@0_NPAVTESBoundObject@@H@Z
0x00107474|TESFurniture::VerifyMarkers|T1|2|?VerifyMarkers@TESFurniture@@QAAXXZ
0x0010AC27|TESObjectLIGH::InitItem|T2|1|?InitItem@TESObjectLIGH@@UAAXXZ
0x0010BAA0|TESObjectLIGH::GenDynamic|T2|1|?GenDynamic@TESObjectLIGH@@QAAPAVNiLight@@PAVTESObjectREFR@@PAVNiAVObject@@_N@Z
0x0010D1D0|TESBoundObject::Clone3D|T2|1|?Clone3D@TESBoundObject@@UAAPAVNiAVObject@@PAVTESObjectREFR@@_N@Z
0x0010DB2A|TESObject::IsMarker|T2|1|?IsMarker@TESObject@@UAA_NXZ
0x0010E9F0|TESObjectACTI::InitItem|T2|1|?InitItem@TESObjectACTI@@UAAXXZ
0x00110080|TESObjectARMA::InitItem|T2|1|?InitItem@TESObjectARMA@@UAAXXZ
0x00110EA0|TESObjectARMO::InitItem|T2|1|?InitItem@TESObjectARMO@@UAAXXZ
0x00113A21|TESObjectCLOT::InitItem|T2|1|?InitItem@TESObjectCLOT@@UAAXXZ
0x00114659|TESObjectCONT::InitItem|T2|1|?InitItem@TESObjectCONT@@UAAXXZ
0x00115942|TESObjectDOOR::InitItem|T2|1|?InitItem@TESObjectDOOR@@UAAXXZ
0x00116580|TESObjectCONT::Activate|T2|2|?Activate@TESObjectCONT@@UAA_NPAVTESObjectREFR@@0_NPAVTESBoundObject@@H@Z
0x00118A8F|TESObjectMISC::InitItem|T2|1|?InitItem@TESObjectMISC@@UAAXXZ
0x001195E0|TESObjectSTAT::InitItem|T2|1|?InitItem@TESObjectSTAT@@UAAXXZ
0x0011CBA0|TESObjectWEAP::InitItem|T2|4|?InitItem@TESObjectWEAP@@UAAXXZ
0x0011EFCD|TESObjectWEAP::Load|T2|1|?Load@TESObjectWEAP@@UAA_NPAVTESFile@@@Z
0x00120F71|TESObjectWEAP::GetCombatWeaponType|T2|1|?GetCombatWeaponType@TESObjectWEAP@@QAA?AW4COMBAT_WEAPON_TYPE@@XZ
0x00123B12|TESObjectWEAP::GetFireNodeName|T2|1|?GetFireNodeName@TESObjectWEAP@@QAAPBDXZ
0x00123FAE|BGSEncounterZone::InitItem|T2|1|?InitItem@BGSEncounterZone@@UAAXXZ
0x0012456B|BGSEncounterZone::CreateNoZone|T2|1|?CreateNoZone@BGSEncounterZone@@SAXXZ
0x00124E5D|BGSLoadedReferenceCollection::AddReference|T2|1|?AddReference@BGSLoadedReferenceCollection@@QAAXPAVTESObjectREFR@@@Z
0x00124F82|BGSLoadedReferenceCollection::Create|T2|1|?Create@BGSLoadedReferenceCollection@@SAXXZ
0x00126A50|>::LockFreeMapInterface::SetAt|T2|1|?SetAt@LockFreeMapInterface@?$LockFreeMap@PAVBSFileEntry@@V?$NiPointer@VQueuedTexture@@@@@@QAA_NIPAVBSFileEntry@@ABV?$NiPointer@VQueuedTexture@@@@_N@Z
0x00126EB0|>::LockFreeMapInterface::SetAt|T2|1|?SetAt@LockFreeMapInterface@?$LockFreeMap@PAVMobileObject@@V?$NiPointer@VLipTask@@@@@@QAA_NIPAVMobileObject@@ABV?$NiPointer@VLipTask@@@@_N@Z
0x00127F90|ImageSpaceModifierInstanceForm::PrintInfo|T2|2|?PrintInfo@ImageSpaceModifierInstanceForm@@UAAXPAD@Z
0x001282D0|ImageSpaceModifierInstanceDOF::PrintInfo|T2|1|?PrintInfo@ImageSpaceModifierInstanceDOF@@UAAXPAD@Z
0x001285A0|ImageSpaceModifierInstanceRB::PrintInfo|T2|1|?PrintInfo@ImageSpaceModifierInstanceRB@@UAAXPAD@Z
0x0012898C|ImageSpaceModifierInstanceDRB::PrintInfo|T2|1|?PrintInfo@ImageSpaceModifierInstanceDRB@@UAAXPAD@Z
0x00128E10|TESClimate::Load|T2|1|?Load@TESClimate@@UAA_NPAVTESFile@@@Z
0x001292A0|TESClimate::MakeDefault|T1|4|?MakeDefault@TESClimate@@QAAXXZ
0x0012B543|TESImageSpaceModifier::InitItem|T1|2|?InitItem@TESImageSpaceModifier@@UAAXXZ
0x00131490|TESObjectLAND::ReplaceAdditionalGeometryData|T2|1|?ReplaceAdditionalGeometryData@TESObjectLAND@@QAAXPAVNiTriStrips@@PAVNiXenonShaderDeclaration@@@Z
0x00131A3E|TESObjectLAND::InitializeStatics|T2|1|?InitializeStatics@TESObjectLAND@@SAXXZ
0x00132BBF|TESObjectLAND::Save|T2|1|?Save@TESObjectLAND@@UAAXXZ
0x00133A74|TESObjectLAND::Load|T2|3|?Load@TESObjectLAND@@UAA_NPAVTESFile@@@Z
0x00133F13|TESObjectLAND::LoadVerticesIntoArrays|T2|3|?LoadVerticesIntoArrays@TESObjectLAND@@QAA_NXZ
0x00135562|TESObjectLAND::MakeLandTriStrips|T2|1|?MakeLandTriStrips@TESObjectLAND@@IAAPAVNiTriStrips@@E@Z
0x00137B10|TESObjectLAND::SetLandNormal|T2|1|?SetLandNormal@TESObjectLAND@@QAAXHHABVNiPoint3@@@Z
0x0013F390|TESLandTexture::InitItem|T2|1|?InitItem@TESLandTexture@@UAAXXZ
0x0013FB7A|TESObjectCELL::CellRefLockEnter|T2|1|?CellRefLockEnter@TESObjectCELL@@IAAXXZ
0x00140FE0|TESObjectCELL::InitItem|T2|1|?InitItem@TESObjectCELL@@UAAXXZ
0x00143D31|TESObjectCELL::InitHavok|T2|1|?InitHavok@TESObjectCELL@@QAAXXZ
0x00145030|TESObjectCELL::Load3D|T2|1|?Load3D@TESObjectCELL@@QAAPAVNiNode@@XZ
0x001458C2|TESObjectCELL::CreateCanopyShadowMaskForCell|T2|1|?CreateCanopyShadowMaskForCell@TESObjectCELL@@SAHPAV1@AAPAVNiRenderedTexture@@AAPAU_D3DLOCKED_RECT@@@Z
0x0014A4D1|TESObjectCELL::CalcRefCenterPoint|T2|1|?CalcRefCenterPoint@TESObjectCELL@@QAAXAAVNiPoint3@@@Z
0x0014AA60|TESObjectCELL::AssignPersistentRefsToCellsInWorld|T2|1|?AssignPersistentRefsToCellsInWorld@TESObjectCELL@@QAAXPAVTESWorldSpace@@@Z
0x0014C8C0|TESObjectCELL::Load|T2|1|?Load@TESObjectCELL@@UAA_NPAVTESFile@@@Z
0x0014EC0B|TESObjectCELL::LoadTempDataFromFile|T2|1|?LoadTempDataFromFile@TESObjectCELL@@QAA_NPAVTESFile@@@Z
0x0014F8D7|TESObjectCELL::GetFormDetailedString|T2|1|?GetFormDetailedString@TESObjectCELL@@UAAXAAV?$BSStringT@D@@@Z
0x00150A29|TESObjectCELL::MoveExteriorWorld|T2|1|?MoveExteriorWorld@TESObjectCELL@@KAXAAVNiPoint3@@@Z
0x00150F60|TESObjectCELL::PlaceCanopyShadow|T2|1|?PlaceCanopyShadow@TESObjectCELL@@QAAXVNiPoint3@@IM@Z
0x00151256|TESObjectCELL::Save|T2|1|?Save@TESObjectCELL@@UAAXXZ
0x00151680|TESObjectCELL::SavesBefore|T2|1|?SavesBefore@TESObjectCELL@@UAA_NPAUFORM@@@Z
0x00152218|TESObjectCELL::SetupMopp|T2|1|?SetupMopp@TESObjectCELL@@QAAXXZ
0x001526D0|TESObjectCELL::TakeLocalMapPicture|T2|1|?TakeLocalMapPicture@TESObjectCELL@@IAAXPAVNiCamera@@AAV?$NiPointer@VBSRenderedTexture@@@@@Z
0x00152DA0|TESObjectCELL::GetSaveSize|T1|2|?GetSaveSize@TESObjectCELL@@UAAGI@Z
0x00152F36|TESObjectCELL::UnLoadAllTempData|T2|1|?UnLoadAllTempData@TESObjectCELL@@QAAXXZ
0x00153189|TESObjectCELL::LoadGame|T2|3|?LoadGame@TESObjectCELL@@UAAXII@Z
0x00153440|TESObjectCELL::UpdateManagedNodes|T2|1|?UpdateManagedNodes@TESObjectCELL@@QAAXM_N@Z
0x001534F0|TESObjectCELL::GetMultiBoundNode|T2|1|?GetMultiBoundNode@TESObjectCELL@@QAAPAVBSMultiBoundNode@@PAVTESObjectREFR@@@Z
0x00153540|TESObjectCELL::RenderTestCell|T2|1|?RenderTestCell@TESObjectCELL@@SAXPAV1@PAURENDER_TEST_DATA@1@_N@Z
0x001559D0|TESObjectCELL::ClearLocationMarkers|T2|1|?ClearLocationMarkers@TESObjectCELL@@QAAXXZ
0x00156850|TESObjectCELL::SaveRenderFailureData|T2|3|?SaveRenderFailureData@TESObjectCELL@@SAXPAURENDER_FAILURE_DATA@1@@Z
0x00159940|TESObjectREFR::Load|T2|1|?Load@TESObjectREFR@@UAA_NPAVTESFile@@@Z
0x0015B6E1|TESObjectREFR::GetFormDetailedString|T2|3|?GetFormDetailedString@TESObjectREFR@@UAAXAAV?$BSStringT@D@@@Z
0x0015B8F8|TESObjectREFR::InitItem|T2|2|?InitItem@TESObjectREFR@@UAAXXZ
0x0015C8FD|TESObjectREFR::GetSaveSize|T1|2|?GetSaveSize@TESObjectREFR@@UAAGI@Z
0x0015C939|TESObjectREFR::SetLocationOnReferenceY|T2|1|?SetLocationOnReferenceY@TESObjectREFR@@QAAXM@Z
0x0015CD05|TESObjectREFR::SaveGame|T1|4|?SaveGame@TESObjectREFR@@UAAXI@Z
0x0015CD1A|TESObjectREFR::SetLocationOnReferenceZ|T2|1|?SetLocationOnReferenceZ@TESObjectREFR@@QAAXM@Z
0x0015CD6B|TESObjectREFR::SetLocationOnReference|T2|1|?SetLocationOnReference@TESObjectREFR@@QAAXABVNiPoint3@@@Z
0x0015D230|TESObjectREFR::LoadGame|T2|5|?LoadGame@TESObjectREFR@@UAAXII@Z
0x0015E710|TESObjectREFR::LoadHavokData|T1|4|?LoadHavokData@TESObjectREFR@@QAAXG@Z
0x0015EB1A|TESObjectREFR::GetCollisionObjectSize|T2|1|?GetCollisionObjectSize@TESObjectREFR@@SAXPAVbhkNiCollisionObject@@AAUObjectRecData@bhkWorldNS@@@Z
0x0015EFAC|ArrowProjectile::Load3D|T2|1|?Load3D@ArrowProjectile@@UAAPAVNiAVObject@@_N@Z
0x0015FA43|TESObjectREFR::LoadHavokData|T2|1|?LoadHavokData@TESObjectREFR@@QAAXPAVBGSLoadFormBuffer@@@Z
0x0015FBCF|TESObjectREFR::LoadHavokDataForCollisionObjectOld|T2|1|?LoadHavokDataForCollisionObjectOld@TESObjectREFR@@SAXPAVbhkNiCollisionObject@@AAUObjectRecData@bhkWorldNS@@@Z
0x001610F0|TESObjectREFR::LoadHavokDataPreVersion81|T2|1|?LoadHavokDataPreVersion81@TESObjectREFR@@QAAXG@Z
0x001617C0|TESObjectREFR::LoadAnimation|T2|1|?LoadAnimation@TESObjectREFR@@QAAXPAVBGSLoadFormBuffer@@@Z
0x00161800|BGSOpenCloseForm::SetOpenState|T2|1|?SetOpenState@BGSOpenCloseForm@@SA_NPAVTESObjectREFR@@_N1@Z
0x001625EB|TESObjectREFR::SetLocationOnReferenceX|T2|1|?SetLocationOnReferenceX@TESObjectREFR@@QAAXM@Z
0x00163781|TESObjectREFR::SetStartingPosition|T2|1|?SetStartingPosition@TESObjectREFR@@UAAXVNiPoint3@@@Z
0x00163B8B|MagicItem::Unload|T2|1|?Unload@MagicItem@@QAAX_N@Z
0x00164335|TESObjectREFR::InitAnimation|T2|2|?InitAnimation@TESObjectREFR@@QAAXXZ
0x00165050|TESObjectREFR::BuildKFFileList|T2|3|?BuildKFFileList@TESObjectREFR@@QAAPAV?$BSSimpleList@PBD@@W4ANIM_GROUP_WEAPON_ENUM@@@Z
0x001675E1|TESObjectREFR::CheckUsesExternalEmittance|T2|1|?CheckUsesExternalEmittance@TESObjectREFR@@QAA_NXZ
0x00167D20|TESObjectREFR::DrawRefLink|T2|1|?DrawRefLink@TESObjectREFR@@QAAX_N@Z
0x00168150|TESObjectREFR::DrawActivateRefLink|T2|1|?DrawActivateRefLink@TESObjectREFR@@QAAX_N@Z
0x0016AF00|TESObjectREFR::InitHavokForPlaceableWater|T2|1|?InitHavokForPlaceableWater@TESObjectREFR@@QAAXXZ
0x0016E450|TESObjectREFR::Set3D|T2|1|?Set3D@TESObjectREFR@@UAAXPAVNiAVObject@@_N@Z
0x0016F44A|Actor::InitLightingPropertyPtr|T2|1|?InitLightingPropertyPtr@Actor@@QAAXPAVNiAVObject@@@Z
0x0016FDDD|TESObjectREFR::RemoveWeapon|T2|1|?RemoveWeapon@TESObjectREFR@@QAAXXZ
0x00170BF5|TESObjectREFR::ShouldPlaySound|T2|1|?ShouldPlaySound@TESObjectREFR@@QAA_NXZ
0x001714E2|TESObjectREFR::Activate|T2|1|?Activate@TESObjectREFR@@QAA_NPAV1@_NPAVTESBoundObject@@H@Z
0x00174400|Actor::DismemberLimb|T1|2|?DismemberLimb@Actor@@QAAXW4Index@ActorValue@@W4LIMB_ENUM@BGSBodyPart@@_N222@Z
0x00175F30|TESObjectREFR::AddAddonNodes|T2|1|?AddAddonNodes@TESObjectREFR@@SA_NPAVNiNode@@@Z
0x00179A62|TESObjectREFR::SayForceGoodbyeGreetingToPlayer|T2|1|?SayForceGoodbyeGreetingToPlayer@TESObjectREFR@@QAAXPAVTESTopic@@_N1@Z
0x0017AF46|TESTerrainLODManager::CreateGrass|T2|1|?CreateGrass@TESTerrainLODManager@@CAXHHHPAVTESObjectLAND@@JABVNiPoint3@@PAVNiNode@@V3@PAVGrassParam@TallGrassShaderProperty@@PAMMMGW4GRASS_WATER_STATE@TESGrass@@MEE@Z
0x0017B127|TESTerrainLODManager::InitGrass|T2|1|?InitGrass@TESTerrainLODManager@@SAXXZ
0x0017BE80|TESTerrainLODManager::UpdateGrass|T2|1|?UpdateGrass@TESTerrainLODManager@@SAXVNiPoint3@@0M@Z
0x0017DBC8|TESWaterForm::InitItem|T2|1|?InitItem@TESWaterForm@@UAAXXZ
0x0017E283|TESWaterForm::GetPlaceableAutoWater|T2|1|?GetPlaceableAutoWater@TESWaterForm@@QAAPAVBGSPlaceableWater@@XZ
0x0017E85B|TESWaterForm::GetPlaceableLODWater|T2|1|?GetPlaceableLODWater@TESWaterForm@@QAAPAVBGSPlaceableWater@@XZ
0x0017FD52|TESWeather::MakeDefault|T1|2|?MakeDefault@TESWeather@@QAAXXZ
0x001802D0|TESImageSpaceModifiableForm::InitItem|T1|3|?InitItem@TESImageSpaceModifiableForm@@QAAXPAVTESForm@@@Z
0x00180B6F|TESWeatherList::LoadWeatherListChunk|T2|1|?LoadWeatherListChunk@TESWeatherList@@SAXPAV1@PAVTESFile@@PAVTESForm@@@Z
0x00182BC1|TESWorldSpace::InitItem|T2|4|?InitItem@TESWorldSpace@@UAAXXZ
0x00183DE0|TESWorldSpace::LoadCell|T2|1|?LoadCell@TESWorldSpace@@QAAPAVTESObjectCELL@@HH@Z
0x001855DB|TESWorldSpace::GetCellFromCellCoord|T2|1|?GetCellFromCellCoord@TESWorldSpace@@QAAPAVTESObjectCELL@@HH@Z
0x001858B0|TESWorldSpace::AddCell|T2|1|?AddCell@TESWorldSpace@@QAA_NPAVTESObjectCELL@@@Z
0x00187B4E|BGSAcousticSpace::InitItem|T2|2|?InitItem@BGSAcousticSpace@@UAAXXZ
0x00188F2C|BGSCameraPath::InitItem|T1|2|?InitItem@BGSCameraPath@@UAAXXZ
0x00189190|BGSCameraPath::InitParents|T2|1|?InitParents@BGSCameraPath@@QAA_NXZ
0x001892C0|BGSCameraPath::FixNextPaths|T2|1|?FixNextPaths@BGSCameraPath@@QAAXPAVNiFormArray@@@Z
0x0018A5B6|BGSCameraShot::InitItem|T2|1|?InitItem@BGSCameraShot@@UAAXXZ
0x0018AAC4|BGSCameraShot::InitCamera|T2|1|?InitCamera@BGSCameraShot@@QAAXPAVTESObjectREFR@@W4CAM_ZOOM@1@@Z
0x0018B2D9|BGSCameraShot::Update|T2|1|?Update@BGSCameraShot@@QAAXM@Z
0x0018BB23|BGSDefaultObjectManager::InitItem|T2|1|?InitItem@BGSDefaultObjectManager@@UAAXXZ
0x0018C769|BGSImpactData::InitItem|T1|2|?InitItem@BGSImpactData@@UAAXXZ
0x0018CAE0|BGSImpactDataSet::CreateDefaultImpactDataSet|T2|1|?CreateDefaultImpactDataSet@BGSImpactDataSet@@SAXXZ
0x0018CF60|BGSImpactDataSet::InitItem|T2|1|?InitItem@BGSImpactDataSet@@UAAXXZ
0x0018D441|ImpactSwap::InitItem|T1|2|?InitItem@ImpactSwap@@QAAXPAVTESForm@@@Z
0x0018DFF2|BGSListForm::InitItem|T2|1|?InitItem@BGSListForm@@UAAXXZ
0x0018E790|BGSMessage::InitItem|T2|1|?InitItem@BGSMessage@@UAAXXZ
0x00190E80|TileImage::ConvertToActualFilename|T2|1|?ConvertToActualFilename@TileImage@@SAXPBDAAMMPAD@Z
0x001910D0|BGSTextureSet::CreateShaderTextureSet|T2|1|?CreateShaderTextureSet@BGSTextureSet@@QAAPAVBSShaderTextureSet@@XZ
0x00191200|BGSTextureSet::CreateNullTextureSet|T2|1|?CreateNullTextureSet@BGSTextureSet@@SAXXZ
0x0019451B|MediaLocationController::InitItem|T2|1|?InitItem@MediaLocationController@@UAAXXZ
0x00196BD8|MediaSet::InitItem|T2|1|?InitItem@MediaSet@@UAAXXZ
0x00196E70|MediaSet::Load|T2|1|?Load@MediaSet@@UAA_NPAVTESFile@@@Z
0x0019833B|TESAmmoEffect::BuildMenuString|T2|1|?BuildMenuString@TESAmmoEffect@@QAAXPADI@Z
0x0019A1A4|Script::GetPosConditionFunction|T2|1|?GetPosConditionFunction@Script@@SA_NPAVTESObjectREFR@@PAX1AAN@Z
0x0019A355|Script::GetStartingPosConditionFunction|T2|1|?GetStartingPosConditionFunction@Script@@SA_NPAVTESObjectREFR@@PAX1AAN@Z
0x0019A370|Script::GetStartingAngleConditionFunction|T2|1|?GetStartingAngleConditionFunction@Script@@SA_NPAVTESObjectREFR@@PAX1AAN@Z
0x0019A4C0|Script::GetSecondsPassedConditionFunction|T2|1|?GetSecondsPassedConditionFunction@Script@@SA_NPAVTESObjectREFR@@PAX1AAN@Z
0x0019A620|Script::GetActorValueConditionFunction|T2|1|?GetActorValueConditionFunction@Script@@SA_NPAVTESObjectREFR@@PAX1AAN@Z
0x0019A670|Script::GetBaseActorValueConditionFunction|T2|1|?GetBaseActorValueConditionFunction@Script@@SA_NPAVTESObjectREFR@@PAX1AAN@Z
0x0019A751|Script::GetPermanentActorValueConditionFunction|T2|1|?GetPermanentActorValueConditionFunction@Script@@SA_NPAVTESObjectREFR@@PAX1AAN@Z
0x0019A800|Script::GetFatiguePercentageConditionFunction|T2|1|?GetFatiguePercentageConditionFunction@Script@@SA_NPAVTESObjectREFR@@PAX1AAN@Z
0x0019A9DD|Script::GetWalkSpeedConditionFunction|T2|1|?GetWalkSpeedConditionFunction@Script@@SA_NPAVTESObjectREFR@@PAX1AAN@Z
0x0019AE60|Script::GetLOSConditionFunction|T1|2|?GetLOSConditionFunction@Script@@SA_NPAVTESObjectREFR@@PAX1AAN@Z
0x0019B043|Script::GetDisabledConditionFunction|T2|1|?GetDisabledConditionFunction@Script@@SA_NPAVTESObjectREFR@@PAX1AAN@Z
0x0019B0F5|Script::GetLockedConditionFunction|T2|1|?GetLockedConditionFunction@Script@@SA_NPAVTESObjectREFR@@PAX1AAN@Z
0x0019B270|Script::GetLockLevelConditionFunction|T2|1|?GetLockLevelConditionFunction@Script@@SA_NPAVTESObjectREFR@@PAX1AAN@Z
0x0019B290|Script::GetDiseaseConditionFunction|T2|1|?GetDiseaseConditionFunction@Script@@SA_NPAVTESObjectREFR@@PAX1AAN@Z
0x0019B3F1|Script::GetVampireConditionFunction|T2|1|?GetVampireConditionFunction@Script@@SA_NPAVTESObjectREFR@@PAX1AAN@Z
0x0019B64D|Script::SameRaceConditionFunction|T2|1|?SameRaceConditionFunction@Script@@SA_NPAVTESObjectREFR@@PAX1AAN@Z
0x0019B6E6|Script::SameSexConditionFunction|T2|1|?SameSexConditionFunction@Script@@SA_NPAVTESObjectREFR@@PAX1AAN@Z
0x0019B850|Script::GetDetectedConditionFunction|T2|1|?GetDetectedConditionFunction@Script@@SA_NPAVTESObjectREFR@@PAX1AAN@Z
0x0019B910|Script::GetDeadConditionFunction|T2|1|?GetDeadConditionFunction@Script@@SA_NPAVTESObjectREFR@@PAX1AAN@Z
0x0019BA80|Script::GetItemCountConditionFunction|T2|1|?GetItemCountConditionFunction@Script@@SA_NPAVTESObjectREFR@@PAX1AAN@Z
0x0019BC45|Script::GetEquippedConditionFunction|T2|1|?GetEquippedConditionFunction@Script@@SA_NPAVTESObjectREFR@@PAX1AAN@Z
0x0019BD50|Script::GetGoldConditionFunction|T2|1|?GetGoldConditionFunction@Script@@SA_NPAVTESObjectREFR@@PAX1AAN@Z
0x0019BE50|Script::GetSleepingConditionFunction|T2|1|?GetSleepingConditionFunction@Script@@SA_NPAVTESObjectREFR@@PAX1AAN@Z
0x0019BF40|Script::GetSittingConditionFunction|T2|1|?GetSittingConditionFunction@Script@@SA_NPAVTESObjectREFR@@PAX1AAN@Z
0x0019C010|Script::IsCurrentFurnitureRefConditionFunction|T2|1|?IsCurrentFurnitureRefConditionFunction@Script@@SA_NPAVTESObjectREFR@@PAX1AAN@Z
0x0019C13C|Script::IsCurrentFurnitureObjConditionFunction|T2|1|?IsCurrentFurnitureObjConditionFunction@Script@@SA_NPAVTESObjectREFR@@PAX1AAN@Z
0x0019C1F6|Script::GetTalkedToPCConditionFunction|T2|1|?GetTalkedToPCConditionFunction@Script@@SA_NPAVTESObjectREFR@@PAX1AAN@Z
0x0019C380|Script::GetQuestRunningConditionFunction|T2|1|?GetQuestRunningConditionFunction@Script@@SA_NPAVTESObjectREFR@@PAX1AAN@Z
0x0019C400|Script::GetQuestCompletedConditionFunction|T2|1|?GetQuestCompletedConditionFunction@Script@@SA_NPAVTESObjectREFR@@PAX1AAN@Z
0x0019C4C0|Script::GetStageConditionFunction|T2|1|?GetStageConditionFunction@Script@@SA_NPAVTESObjectREFR@@PAX1AAN@Z
0x0019C5D0|Script::GetStageDoneConditionFunction|T2|1|?GetStageDoneConditionFunction@Script@@SA_NPAVTESObjectREFR@@PAX1AAN@Z
0x0019C680|Script::GetFactionRankDifferenceConditionFunction|T2|1|?GetFactionRankDifferenceConditionFunction@Script@@SA_NPAVTESObjectREFR@@PAX1AAN@Z
0x0019C760|Script::GetAlarmedConditionFunction|T1|2|?GetAlarmedConditionFunction@Script@@SA_NPAVTESObjectREFR@@PAX1AAN@Z
0x0019C7E0|Script::GetIsPleasantConditionFunction|T2|1|?GetIsPleasantConditionFunction@Script@@SA_NPAVTESObjectREFR@@PAX1AAN@Z
0x0019C8E0|Script::GetIsCloudyConditionFunction|T2|1|?GetIsCloudyConditionFunction@Script@@SA_NPAVTESObjectREFR@@PAX1AAN@Z
0x0019C990|Script::GetIsRainingConditionFunction|T2|1|?GetIsRainingConditionFunction@Script@@SA_NPAVTESObjectREFR@@PAX1AAN@Z
0x0019CAA0|Script::GetIsSnowingConditionFunction|T2|1|?GetIsSnowingConditionFunction@Script@@SA_NPAVTESObjectREFR@@PAX1AAN@Z
0x0019CBB3|Script::GetWeatherPercentConditionFunction|T2|1|?GetWeatherPercentConditionFunction@Script@@SA_NPAVTESObjectREFR@@PAX1AAN@Z
0x0019CC48|Script::GetIsCurrentWeatherConditionFunction|T2|1|?GetIsCurrentWeatherConditionFunction@Script@@SA_NPAVTESObjectREFR@@PAX1AAN@Z
0x0019CCAD|Script::GetAttackedConditionFunction|T2|1|?GetAttackedConditionFunction@Script@@SA_NPAVTESObjectREFR@@PAX1AAN@Z
0x0019CE80|Script::GetShouldAttackConditionFunction|T2|1|?GetShouldAttackConditionFunction@Script@@SA_NPAVTESObjectREFR@@PAX1AAN@Z
0x0019CF50|Script::GetInSameCellConditionFunction|T2|1|?GetInSameCellConditionFunction@Script@@SA_NPAVTESObjectREFR@@PAX1AAN@Z
0x0019D100|Script::GetInCellConditionFunction|T2|1|?GetInCellConditionFunction@Script@@SA_NPAVTESObjectREFR@@PAX1AAN@Z
0x0019D1A6|Script::GetInWorldspaceConditionFunction|T2|1|?GetInWorldspaceConditionFunction@Script@@SA_NPAVTESObjectREFR@@PAX1AAN@Z
0x0019D250|Script::GetIsClassConditionFunction|T2|1|?GetIsClassConditionFunction@Script@@SA_NPAVTESObjectREFR@@PAX1AAN@Z
0x0019D320|Script::GetIsRaceConditionFunction|T2|1|?GetIsRaceConditionFunction@Script@@SA_NPAVTESObjectREFR@@PAX1AAN@Z
0x0019D3A0|Script::GetIsCreatureTypeConditionFunction|T2|1|?GetIsCreatureTypeConditionFunction@Script@@SA_NPAVTESObjectREFR@@PAX1AAN@Z
0x0019D4FF|Script::GetIsSexConditionFunction|T2|1|?GetIsSexConditionFunction@Script@@SA_NPAVTESObjectREFR@@PAX1AAN@Z
0x0019D540|Script::GetIsVoiceTypeConditionFunction|T2|1|?GetIsVoiceTypeConditionFunction@Script@@SA_NPAVTESObjectREFR@@PAX1AAN@Z
0x0019D610|Script::GetIsPlayableRaceConditionFunction|T2|1|?GetIsPlayableRaceConditionFunction@Script@@SA_NPAVTESObjectREFR@@PAX1AAN@Z
0x0019D840|Script::GetInFactionConditionFunction|T2|1|?GetInFactionConditionFunction@Script@@SA_NPAVTESObjectREFR@@PAX1AAN@Z
0x0019D8E0|Script::GetIsIDConditionFunction|T2|1|?GetIsIDConditionFunction@Script@@SA_NPAVTESObjectREFR@@PAX1AAN@Z
0x0019DA58|Script::IsInListConditionFunction|T2|1|?IsInListConditionFunction@Script@@SA_NPAVTESObjectREFR@@PAX1AAN@Z
0x0019DA90|Script::GetIsUsedItemConditionFunction|T1|2|?GetIsUsedItemConditionFunction@Script@@SA_NPAVTESObjectREFR@@PAX1AAN@Z
0x0019DBE0|Script::GetUsedItemLevelConditionFunction|T2|1|?GetUsedItemLevelConditionFunction@Script@@SA_NPAVTESObjectREFR@@PAX1AAN@Z
0x0019DC90|Script::GetIsRefConditionFunction|T2|1|?GetIsRefConditionFunction@Script@@SA_NPAVTESObjectREFR@@PAX1AAN@Z
0x0019DD48|Script::GetFactionRankConditionFunction|T2|1|?GetFactionRankConditionFunction@Script@@SA_NPAVTESObjectREFR@@PAX1AAN@Z
0x0019DE48|Script::GetGlobalValueConditionFunction|T2|1|?GetGlobalValueConditionFunction@Script@@SA_NPAVTESObjectREFR@@PAX1AAN@Z
0x0019DF09|Script::GetDispositionConditionFunction|T2|1|?GetDispositionConditionFunction@Script@@SA_NPAVTESObjectREFR@@PAX1AAN@Z
0x0019DFB3|Script::GetUnconsciousConditionFunction|T1|2|?GetUnconsciousConditionFunction@Script@@SA_NPAVTESObjectREFR@@PAX1AAN@Z
0x0019E0F0|Script::GetRestrainedConditionFunction|T2|1|?GetRestrainedConditionFunction@Script@@SA_NPAVTESObjectREFR@@PAX1AAN@Z
0x0019E1A0|Script::GetLevelConditionFunction|T2|1|?GetLevelConditionFunction@Script@@SA_NPAVTESObjectREFR@@PAX1AAN@Z
0x0019E320|Script::GetDeadCountConditionFunction|T2|1|?GetDeadCountConditionFunction@Script@@SA_NPAVTESObjectREFR@@PAX1AAN@Z
0x0019E400|Script::GetPlayerControlsDisabledConditionFunction|T2|2|?GetPlayerControlsDisabledConditionFunction@Script@@SA_NPAVTESObjectREFR@@PAX1AAN@Z
0x0019E650|Script::IsWeaponOutConditionFunction|T2|1|?IsWeaponOutConditionFunction@Script@@SA_NPAVTESObjectREFR@@PAX1AAN@Z
0x0019E700|Script::IsWeaponInListConditionFunction|T2|1|?IsWeaponInListConditionFunction@Script@@SA_NPAVTESObjectREFR@@PAX1AAN@Z
0x0019E7F0|Script::IsFacingUpConditionFunction|T2|1|?IsFacingUpConditionFunction@Script@@SA_NPAVTESObjectREFR@@PAX1AAN@Z
0x0019E8C0|Script::IsLeftUpConditionFunction|T2|1|?IsLeftUpConditionFunction@Script@@SA_NPAVTESObjectREFR@@PAX1AAN@Z
0x0019EA10|Script::GetKnockedStateConditionFunction|T2|1|?GetKnockedStateConditionFunction@Script@@SA_NPAVTESObjectREFR@@PAX1AAN@Z
0x0019EB40|Script::GetWeaponAnimTypeConditionFunction|T2|1|?GetWeaponAnimTypeConditionFunction@Script@@SA_NPAVTESObjectREFR@@PAX1AAN@Z
0x0019EB60|Script::IsWeaponSkillTypeConditionFunction|T2|1|?IsWeaponSkillTypeConditionFunction@Script@@SA_NPAVTESObjectREFR@@PAX1AAN@Z
0x0019EDE8|Script::GetCurrentAIPackageConditionFunction|T2|1|?GetCurrentAIPackageConditionFunction@Script@@SA_NPAVTESObjectREFR@@PAX1AAN@Z
0x0019F03A|Script::IsIdlePlayingConditionFunction|T2|1|?IsIdlePlayingConditionFunction@Script@@SA_NPAVTESObjectREFR@@PAX1AAN@Z
0x0019F0C0|Script::GetCrimeConditionFunction|T2|1|?GetCrimeConditionFunction@Script@@SA_NPAVTESObjectREFR@@PAX1AAN@Z
0x0019F154|Script::IsGuardConditionFunction|T2|1|?IsGuardConditionFunction@Script@@SA_NPAVTESObjectREFR@@PAX1AAN@Z
0x0019F240|Script::IsTalkingConditionFunction|T2|1|?IsTalkingConditionFunction@Script@@SA_NPAVTESObjectREFR@@PAX1AAN@Z
0x0019F697|Script::GetCurrentAIProcedureConditionFunction|T2|1|?GetCurrentAIProcedureConditionFunction@Script@@SA_NPAVTESObjectREFR@@PAX1AAN@Z
0x0019F890|Script::GetTrespassWarningLevelConditionFunction|T2|1|?GetTrespassWarningLevelConditionFunction@Script@@SA_NPAVTESObjectREFR@@PAX1AAN@Z
0x0019F9B0|Script::IsTrespassingConditionFunction|T2|1|?IsTrespassingConditionFunction@Script@@SA_NPAVTESObjectREFR@@PAX1AAN@Z
0x0019FA68|Script::IsInMyOwnedCellConditionFunction|T2|1|?IsInMyOwnedCellConditionFunction@Script@@SA_NPAVTESObjectREFR@@PAX1AAN@Z
0x0019FB50|Script::IsContinuingPackagePCNearConditionFunction|T2|1|?IsContinuingPackagePCNearConditionFunction@Script@@SA_NPAVTESObjectREFR@@PAX1AAN@Z
0x0019FBB0|Script::CanHaveFlamesConditionFunction|T2|1|?CanHaveFlamesConditionFunction@Script@@SA_NPAVTESObjectREFR@@PAX1AAN@Z
0x0019FC50|Script::HasFlamesConditionFunction|T2|1|?HasFlamesConditionFunction@Script@@SA_NPAVTESObjectREFR@@PAX1AAN@Z
0x0019FD30|Script::GetOpenStateConditionFunction|T2|1|?GetOpenStateConditionFunction@Script@@SA_NPAVTESObjectREFR@@PAX1AAN@Z
0x0019FDB0|Script::GetIsCurrentPackageConditionFunction|T2|1|?GetIsCurrentPackageConditionFunction@Script@@SA_NPAVTESObjectREFR@@PAX1AAN@Z
0x0019FE9A|Script::IsPCSleepingConditionFunction|T2|1|?IsPCSleepingConditionFunction@Script@@SA_NPAVTESObjectREFR@@PAX1AAN@Z
0x0019FEE0|Script::IsPCAMurdererConditionFunction|T2|1|?IsPCAMurdererConditionFunction@Script@@SA_NPAVTESObjectREFR@@PAX1AAN@Z
0x0019FF90|Script::GetDetectionLevelConditionFunction|T2|1|?GetDetectionLevelConditionFunction@Script@@SA_NPAVTESObjectREFR@@PAX1AAN@Z
0x001A0031|Script::IsSwimmingConditionFunction|T2|1|?IsSwimmingConditionFunction@Script@@SA_NPAVTESObjectREFR@@PAX1AAN@Z
0x001A00A0|Script::GetAmountStolenSoldConditionFunction|T2|1|?GetAmountStolenSoldConditionFunction@Script@@SA_NPAVTESObjectREFR@@PAX1AAN@Z
0x001A0150|Script::GetPCExpelledConditionFunction|T1|2|?GetPCExpelledConditionFunction@Script@@SA_NPAVTESObjectREFR@@PAX1AAN@Z
0x001A01B8|Script::GetPCFactionMurderConditionFunction|T1|2|?GetPCFactionMurderConditionFunction@Script@@SA_NPAVTESObjectREFR@@PAX1AAN@Z
0x001A0260|Script::GetPlayerEnemyofFactionConditionFunction|T1|2|?GetPlayerEnemyofFactionConditionFunction@Script@@SA_NPAVTESObjectREFR@@PAX1AAN@Z
0x001A032F|Script::GetPCFactionAttackConditionFunction|T2|1|?GetPCFactionAttackConditionFunction@Script@@SA_NPAVTESObjectREFR@@PAX1AAN@Z
0x001A03D0|Script::GetDestroyedConditionFunction|T2|1|?GetDestroyedConditionFunction@Script@@SA_NPAVTESObjectREFR@@PAX1AAN@Z
0x001A0480|Script::HasMagicEffectConditionFunction|T2|1|?HasMagicEffectConditionFunction@Script@@SA_NPAVTESObjectREFR@@PAX1AAN@Z
0x001A0550|Script::IsSpellTargetConditionFunction|T2|1|?IsSpellTargetConditionFunction@Script@@SA_NPAVTESObjectREFR@@PAX1AAN@Z
0x001A05B0|Script::GetSpellUsageNumberConditionFunction|T2|1|?GetSpellUsageNumberConditionFunction@Script@@SA_NPAVTESObjectREFR@@PAX1AAN@Z
0x001A05E0|Script::GetVATSModeConditionFunction|T2|1|?GetVATSModeConditionFunction@Script@@SA_NPAVTESObjectREFR@@PAX1AAN@Z
0x001A07F0|Script::GetVATSTargetHeightConditionFunction|T2|1|?GetVATSTargetHeightConditionFunction@Script@@SA_NPAVTESObjectREFR@@PAX1AAN@Z
0x001A08C0|Script::GetSandmanConditionFunction|T2|1|?GetSandmanConditionFunction@Script@@SA_NPAVTESObjectREFR@@PAX1AAN@Z
0x001A096E|Script::GetCannibalConditionFunction|T2|1|?GetCannibalConditionFunction@Script@@SA_NPAVTESObjectREFR@@PAX1AAN@Z
0x001A09B0|Script::IsInCritStageConditionFunction|T2|1|?IsInCritStageConditionFunction@Script@@SA_NPAVTESObjectREFR@@PAX1AAN@Z
0x001A0AB0|Script::HasBeenEatenConditionFunction|T2|1|?HasBeenEatenConditionFunction@Script@@SA_NPAVTESObjectREFR@@PAX1AAN@Z
0x001A0B60|Script::GetGhostConditionFunction|T2|1|?GetGhostConditionFunction@Script@@SA_NPAVTESObjectREFR@@PAX1AAN@Z
0x001A0BF0|Script::GetOffersServiceConditionFunction|T1|2|?GetOffersServiceConditionFunction@Script@@SA_NPAVTESObjectREFR@@PAX1AAN@Z
0x001A0C2C|Script::GetBarterGoldConditionFunction|T2|1|?GetBarterGoldConditionFunction@Script@@SA_NPAVTESObjectREFR@@PAX1AAN@Z
0x001A0D2C|Script::IsTimePassingConditionFunction|T1|2|?IsTimePassingConditionFunction@Script@@SA_NPAVTESObjectREFR@@PAX1AAN@Z
0x001A0E80|Script::GetArmorRatingUpperConditionFunction|T2|1|?GetArmorRatingUpperConditionFunction@Script@@SA_NPAVTESObjectREFR@@PAX1AAN@Z
0x001A0EE0|Script::GetCellOwnershipConditionFunction|T1|2|?GetCellOwnershipConditionFunction@Script@@SA_NPAVTESObjectREFR@@PAX1AAN@Z
0x001A0F90|Script::GetOwnershipConditionFunction|T1|2|?GetOwnershipConditionFunction@Script@@SA_NPAVTESObjectREFR@@PAX1AAN@Z
0x001A107E|Script::IsSneakingConditionFunction|T1|2|?IsSneakingConditionFunction@Script@@SA_NPAVTESObjectREFR@@PAX1AAN@Z
0x001A10B0|Script::IsRunningConditionFunction|T1|2|?IsRunningConditionFunction@Script@@SA_NPAVTESObjectREFR@@PAX1AAN@Z
0x001A1210|Script::GetFriendHitConditionFunction|T2|1|?GetFriendHitConditionFunction@Script@@SA_NPAVTESObjectREFR@@PAX1AAN@Z
0x001A12F8|Script::IsInCombatConditionFunction|T2|2|?IsInCombatConditionFunction@Script@@SA_NPAVTESObjectREFR@@PAX1AAN@Z
0x001A1319|Script::IsInInteriorConditionFunction|T2|1|?IsInInteriorConditionFunction@Script@@SA_NPAVTESObjectREFR@@PAX1AAN@Z
0x001A1770|Script::IsActorVictimConditionFunction|T2|2|?IsActorVictimConditionFunction@Script@@SA_NPAVTESObjectREFR@@PAX1AAN@Z
0x001A1815|Script::IsXboxConditionFunction|T2|1|?IsXboxConditionFunction@Script@@SA_NPAVTESObjectREFR@@PAX1AAN@Z
0x001A1880|Script::IsPS3ConditionFunction|T2|1|?IsPS3ConditionFunction@Script@@SA_NPAVTESObjectREFR@@PAX1AAN@Z
0x001A18CC|Script::IsPCConditionFunction|T2|1|?IsPCConditionFunction@Script@@SA_NPAVTESObjectREFR@@PAX1AAN@Z
0x001A1B80|Script::IsPlayerActionActiveConditionFunction|T2|1|?IsPlayerActionActiveConditionFunction@Script@@SA_NPAVTESObjectREFR@@PAX1AAN@Z
0x001A1DAF|Script::GetCauseofDeathConditionFunction|T2|1|?GetCauseofDeathConditionFunction@Script@@SA_NPAVTESObjectREFR@@PAX1AAN@Z
0x001A1EE0|Script::GetKillingBlowLimbConditionFunction|T2|1|?GetKillingBlowLimbConditionFunction@Script@@SA_NPAVTESObjectREFR@@PAX1AAN@Z
0x001A1FA0|Script::GetKillerConditionFunction|T2|1|?GetKillerConditionFunction@Script@@SA_NPAVTESObjectREFR@@PAX1AAN@Z
0x001A2080|Script::GetKillerObjectConditionFunction|T2|1|?GetKillerObjectConditionFunction@Script@@SA_NPAVTESObjectREFR@@PAX1AAN@Z
0x001A2499|Script::GetIsObjectTypeConditionFunction|T2|1|?GetIsObjectTypeConditionFunction@Script@@SA_NPAVTESObjectREFR@@PAX1AAN@Z
0x001A2590|Script::GetDialogueEmotionConditionFunction|T2|1|?GetDialogueEmotionConditionFunction@Script@@SA_NPAVTESObjectREFR@@PAX1AAN@Z
0x001A25BF|Script::GetDialogueEmotionValueConditionFunction|T2|1|?GetDialogueEmotionValueConditionFunction@Script@@SA_NPAVTESObjectREFR@@PAX1AAN@Z
0x001A2666|Script::IsWaterObjectConditionFunction|T2|1|?IsWaterObjectConditionFunction@Script@@SA_NPAVTESObjectREFR@@PAX1AAN@Z
0x001A26B1|Script::HasPerkConditionFunction|T2|1|?HasPerkConditionFunction@Script@@SA_NPAVTESObjectREFR@@PAX1AAN@Z
0x001A27A8|Script::GetFactionRelationConditionFunction|T2|1|?GetFactionRelationConditionFunction@Script@@SA_NPAVTESObjectREFR@@PAX1AAN@Z
0x001A2836|Script::IsLastPlayedIdleConditionFunction|T2|1|?IsLastPlayedIdleConditionFunction@Script@@SA_NPAVTESObjectREFR@@PAX1AAN@Z
0x001A2890|Script::GetPlayerTeammateConditionFunction|T2|1|?GetPlayerTeammateConditionFunction@Script@@SA_NPAVTESObjectREFR@@PAX1AAN@Z
0x001A2910|Script::GetPlayerTeammateCountConditionFunction|T2|1|?GetPlayerTeammateCountConditionFunction@Script@@SA_NPAVTESObjectREFR@@PAX1AAN@Z
0x001A2A1D|Script::GetActorCrimePlayerEnemyConditionFunction|T2|1|?GetActorCrimePlayerEnemyConditionFunction@Script@@SA_NPAVTESObjectREFR@@PAX1AAN@Z
0x001A2AC0|Script::GetActorFactionPlayerEnemyConditionFunction|T1|2|?GetActorFactionPlayerEnemyConditionFunction@Script@@SA_NPAVTESObjectREFR@@PAX1AAN@Z
0x001A2B50|Script::GetMinorCrimeCountConditionFunction|T2|1|?GetMinorCrimeCountConditionFunction@Script@@SA_NPAVTESObjectREFR@@PAX1AAN@Z
0x001A2C30|Script::GetMajorCrimeCountConditionFunction|T2|1|?GetMajorCrimeCountConditionFunction@Script@@SA_NPAVTESObjectREFR@@PAX1AAN@Z
0x001A2CE0|Script::GetDestructionStageConditionFunction|T2|1|?GetDestructionStageConditionFunction@Script@@SA_NPAVTESObjectREFR@@PAX1AAN@Z
0x001A2E02|Script::GetThreatRatioConditionFunction|T2|1|?GetThreatRatioConditionFunction@Script@@SA_NPAVTESObjectREFR@@PAX1AAN@Z
0x001A2E74|XGRAPHICS::ShaderPDBBuilder::WriteFuncEntryExitInfo|T1|2|?WriteFuncEntryExitInfo@ShaderPDBBuilder@XGRAPHICS@@AAAXPAVStream@2@PAV?$FastVector@UFuncEntryExitInfo@XGRAPHICS@@@2@K@Z
0x001A2ED0|Script::GetIsAlignmentConditionFunction|T2|1|?GetIsAlignmentConditionFunction@Script@@SA_NPAVTESObjectREFR@@PAX1AAN@Z
0x001A2F60|Script::GetIsUsedItemEquipTypeConditionFunction|T1|3|?GetIsUsedItemEquipTypeConditionFunction@Script@@SA_NPAVTESObjectREFR@@PAX1AAN@Z
0x001A3010|Script::GetAggroRadiusViolatedConditionFunction|T1|2|?GetAggroRadiusViolatedConditionFunction@Script@@SA_NPAVTESObjectREFR@@PAX1AAN@Z
0x001A3180|Script::GetConcussedConditionFunction|T2|1|?GetConcussedConditionFunction@Script@@SA_NPAVTESObjectREFR@@PAX1AAN@Z
0x001A3270|Script::GetRadiationLevelConditionFunction|T2|1|?GetRadiationLevelConditionFunction@Script@@SA_NPAVTESObjectREFR@@PAX1AAN@Z
0x001A335A|Script::GetWeaponHealthPercConditionFunction|T2|1|?GetWeaponHealthPercConditionFunction@Script@@SA_NPAVTESObjectREFR@@PAX1AAN@Z
0x001A3434|Script::IsGreetingPlayerConditionFunction|T2|1|?IsGreetingPlayerConditionFunction@Script@@SA_NPAVTESObjectREFR@@PAX1AAN@Z
0x001A3460|Script::IsCombatTargetConditionFunction|T2|1|?IsCombatTargetConditionFunction@Script@@SA_NPAVTESObjectREFR@@PAX1AAN@Z
0x001A34DC|Script::GetVATSRightAreaFreeConditionFunction|T2|1|?GetVATSRightAreaFreeConditionFunction@Script@@SA_NPAVTESObjectREFR@@PAX1AAN@Z
0x001A3570|Script::GetVATSLeftAreaFreeConditionFunction|T2|1|?GetVATSLeftAreaFreeConditionFunction@Script@@SA_NPAVTESObjectREFR@@PAX1AAN@Z
0x001A3650|Script::GetVATSBackAreaFreeConditionFunction|T2|1|?GetVATSBackAreaFreeConditionFunction@Script@@SA_NPAVTESObjectREFR@@PAX1AAN@Z
0x001A36B0|Script::GetVATSFrontAreaFreeConditionFunction|T2|1|?GetVATSFrontAreaFreeConditionFunction@Script@@SA_NPAVTESObjectREFR@@PAX1AAN@Z
0x001A3740|Script::GetVATSRightTargetVisibleConditionFunction|T2|1|?GetVATSRightTargetVisibleConditionFunction@Script@@SA_NPAVTESObjectREFR@@PAX1AAN@Z
0x001A37B0|Script::GetVATSLeftTargetVisibleConditionFunction|T2|1|?GetVATSLeftTargetVisibleConditionFunction@Script@@SA_NPAVTESObjectREFR@@PAX1AAN@Z
0x001A3870|Script::GetVATSBackTargetVisibleConditionFunction|T2|1|?GetVATSBackTargetVisibleConditionFunction@Script@@SA_NPAVTESObjectREFR@@PAX1AAN@Z
0x001A38E0|Script::GetVATSFrontTargetVisibleConditionFunction|T2|1|?GetVATSFrontTargetVisibleConditionFunction@Script@@SA_NPAVTESObjectREFR@@PAX1AAN@Z
0x001A39D0|Script::GetXPForNextLevelConditionFunction|T2|1|?GetXPForNextLevelConditionFunction@Script@@SA_NPAVTESObjectREFR@@PAX1AAN@Z
0x001A3A6A|Script::GetIgnoreCrimeConditionFunction|T2|1|?GetIgnoreCrimeConditionFunction@Script@@SA_NPAVTESObjectREFR@@PAX1AAN@Z
0x001A3A9E|Script::IsGoreDisabledConditionFunction|T2|1|?IsGoreDisabledConditionFunction@Script@@SA_NPAVTESObjectREFR@@PAX1AAN@Z
0x001A3B20|Script::GetActorsInHighConditionFunction|T2|1|?GetActorsInHighConditionFunction@Script@@SA_NPAVTESObjectREFR@@PAX1AAN@Z
0x001A3BF0|Script::GetForceHitReactionConditionFunction|T2|1|?GetForceHitReactionConditionFunction@Script@@SA_NPAVTESObjectREFR@@PAX1AAN@Z
0x001A3C30|Script::GetReputationConditionFunction|T2|1|?GetReputationConditionFunction@Script@@SA_NPAVTESObjectREFR@@PAX1AAN@Z
0x001A3D00|Script::GetReputationPctConditionFunction|T2|1|?GetReputationPctConditionFunction@Script@@SA_NPAVTESObjectREFR@@PAX1AAN@Z
0x001A3D30|Script::GetReputationThresholdConditionFunction|T2|1|?GetReputationThresholdConditionFunction@Script@@SA_NPAVTESObjectREFR@@PAX1AAN@Z
0x001A3DB0|Script::GetObjectiveCompletedConditionFunction|T2|1|?GetObjectiveCompletedConditionFunction@Script@@SA_NPAVTESObjectREFR@@PAX1AAN@Z
0x001A3E90|Script::GetObjectiveDisplayedConditionFunction|T2|1|?GetObjectiveDisplayedConditionFunction@Script@@SA_NPAVTESObjectREFR@@PAX1AAN@Z
0x001A405A|Script::IsPlayerTagSkillConditionFunction|T2|1|?IsPlayerTagSkillConditionFunction@Script@@SA_NPAVTESObjectREFR@@PAX1AAN@Z
0x001A40D0|Script::ChallengeLockedConditionFunction|T2|1|?ChallengeLockedConditionFunction@Script@@SA_NPAVTESObjectREFR@@PAX1AAN@Z
0x001A4160|Script::GetChallengeCompletedConditionFunction|T2|1|?GetChallengeCompletedConditionFunction@Script@@SA_NPAVTESObjectREFR@@PAX1AAN@Z
0x001A5F90|TESRecipe::InitItem|T2|1|?InitItem@TESRecipe@@UAAXXZ
0x001A72A0|TESModelTextureSwap::SwapTexturesRecurse|T2|1|?SwapTexturesRecurse@TESModelTextureSwap@@SA_NPAVNiAVObject@@PAV?$BSMap@HPAUTEX_SWAP@@@@AAH@Z
0x001A7690|ScriptLocals::SetVariable|T2|3|?SetVariable@ScriptLocals@@QAAXIN@Z
0x001A78A0|ScriptLocals::AddActionObject|T2|1|?AddActionObject@ScriptLocals@@QAAXPAVTESForm@@@Z
0x001A7910|ScriptLocals::SaveGame|T2|3|?SaveGame@ScriptLocals@@QAAXXZ
0x001A7D10|ScriptLocals::LoadGame|T2|4|?LoadGame@ScriptLocals@@QAAXXZ
0x001A9460|Script::CloneLocals|T2|1|?CloneLocals@Script@@QAAPAVScriptLocals@@XZ
0x001A9619|Script::InitItem|T2|2|?InitItem@Script@@QAAXPAVTESForm@@@Z
0x001AA090|Script::CompileAndRun|T2|1|?CompileAndRun@Script@@QAAXPAVScriptCompiler@@W4COMPILER_NAME@@PAVTESObjectREFR@@@Z
0x001AA500|Script::CreateLocalList|T2|1|?CreateLocalList@Script@@QAAPAV?$BSSimpleList@PAUSCRIPT_LOCAL@@@@XZ
0x001ABD70|Script::ParseParameters|T2|1|?ParseParameters@Script@@SA_NPBUSCRIPT_PARAMETER@@PBDAAIPAVTESObjectREFR@@3PAV1@PAVScriptLocals@@ZZ
0x001ACDC0|ScriptCompiler::Compile|T2|1|?Compile@ScriptCompiler@@IAA_NPAVScript@@PAVScriptCompileData@@@Z
0x001AD440|ScriptCompiler::GetNextExpression|T1|4|?GetNextExpression@ScriptCompiler@@IAA?AW4SCRIPT_OUTPUT@@PAVScriptCompileData@@@Z
0x001AE18D|ScriptCompiler::GetNextWord|T2|7|?GetNextWord@ScriptCompiler@@KAHPAVScriptCompileData@@PAUSCRIPT_WORD@@PBDAAI_N4@Z
0x001AEA50|ScriptCompiler::CompileLine|T3|3|?CompileLine@ScriptCompiler@@IAA_NPAVScript@@PAVScriptCompileData@@PAUSCRIPT_LINE@@@Z
0x001AF294|ScriptCompiler::VerifyBlocks|T1|3|?VerifyBlocks@ScriptCompiler@@IAA_NPAVScriptCompileData@@@Z
0x001AF3F0|ScriptCompiler::CountBlockLines|T2|2|?CountBlockLines@ScriptCompiler@@IAAHPAVScriptCompileData@@PAUSCRIPT_LINE@@@Z
0x001AF5F0|ScriptCompiler::CountIfLines|T1|3|?CountIfLines@ScriptCompiler@@IAAHPAVScriptCompileData@@PAUSCRIPT_LINE@@@Z
0x001AF972|ScriptCompiler::ReplaceVariablesAndFunctions|T1|3|?ReplaceVariablesAndFunctions@ScriptCompiler@@IAAIPAVScriptCompileData@@PBUSCRIPT_LINE@@PAD2@Z
0x001B1A72|ScriptCompiler::StandardCompile|T2|1|?StandardCompile@ScriptCompiler@@SA_NGPBUSCRIPT_PARAMETER@@PAUSCRIPT_LINE@@PAVScriptCompileData@@@Z
0x001B26E5|ScriptCompiler::MessageBoxCompile|T2|4|?MessageBoxCompile@ScriptCompiler@@SA_NGPBUSCRIPT_PARAMETER@@PAUSCRIPT_LINE@@PAVScriptCompileData@@_N3@Z
0x001B2F1F|Script::AddItemFunction|T2|1|?AddItemFunction@Script@@SA_NPBUSCRIPT_PARAMETER@@PBDPAVTESObjectREFR@@2PAV1@PAVScriptLocals@@AANAAI@Z
0x001B3203|TESContainer::AddContainerToReference|T1|2|?AddContainerToReference@TESContainer@@QAAXPAVTESObjectREFR@@_N@Z
0x001B3A50|Script::IsActionRefFunction|T2|1|?IsActionRefFunction@Script@@SA_NPBUSCRIPT_PARAMETER@@PBDPAVTESObjectREFR@@2PAV1@PAVScriptLocals@@AANAAI@Z
0x001B3C40|Script::ToggleCombatStatsFunction|T2|1|?ToggleCombatStatsFunction@Script@@SA_NPBUSCRIPT_PARAMETER@@PBDPAVTESObjectREFR@@2PAV1@PAVScriptLocals@@AANAAI@Z
0x001B3CD0|Script::PlayerSpellBook|T2|1|?PlayerSpellBook@Script@@SA_NPBUSCRIPT_PARAMETER@@PBDPAVTESObjectREFR@@2PAV1@PAVScriptLocals@@AANAAI@Z
0x001B3DCA|Script::ShowWhoDetectsPlayer|T2|1|?ShowWhoDetectsPlayer@Script@@SA_NPBUSCRIPT_PARAMETER@@PBDPAVTESObjectREFR@@2PAV1@PAVScriptLocals@@AANAAI@Z
0x001B3E54|Script::ToggleOcclusion|T2|1|?ToggleOcclusion@Script@@SA_NPBUSCRIPT_PARAMETER@@PBDPAVTESObjectREFR@@2PAV1@PAVScriptLocals@@AANAAI@Z
0x001B44E1|Script::DumpTexturePalette|T2|8|?DumpTexturePalette@Script@@SA_NPBUSCRIPT_PARAMETER@@PBDPAVTESObjectREFR@@2PAV1@PAVScriptLocals@@AANAAI@Z
0x001B4A70|Script::OutputTextureUseMap|T2|4|?OutputTextureUseMap@Script@@SA_NPBUSCRIPT_PARAMETER@@PBDPAVTESObjectREFR@@2PAV1@PAVScriptLocals@@AANAAI@Z
0x001B4C81|Script::OutputArchiveProfile|T2|3|?OutputArchiveProfile@Script@@SA_NPBUSCRIPT_PARAMETER@@PBDPAVTESObjectREFR@@2PAV1@PAVScriptLocals@@AANAAI@Z
0x001B4CBC|Script::QuitGame|T2|1|?QuitGame@Script@@SA_NPBUSCRIPT_PARAMETER@@PBDPAVTESObjectREFR@@2PAV1@PAVScriptLocals@@AANAAI@Z
0x001B4F3C|Script::ToggleMapMarkersFunction|T1|3|?ToggleMapMarkersFunction@Script@@SA_NPBUSCRIPT_PARAMETER@@PBDPAVTESObjectREFR@@2PAV1@PAVScriptLocals@@AANAAI@Z
0x001B4FC7|Script::ToggleVerboseFunction|T2|3|?ToggleVerboseFunction@Script@@SA_NPBUSCRIPT_PARAMETER@@PBDPAVTESObjectREFR@@2PAV1@PAVScriptLocals@@AANAAI@Z
0x001B5050|Script::ToggleGodModeFunction|T2|1|?ToggleGodModeFunction@Script@@SA_NPBUSCRIPT_PARAMETER@@PBDPAVTESObjectREFR@@2PAV1@PAVScriptLocals@@AANAAI@Z
0x001B505D|Script::ToggleDemigodModeFunction|T2|2|?ToggleDemigodModeFunction@Script@@SA_NPBUSCRIPT_PARAMETER@@PBDPAVTESObjectREFR@@2PAV1@PAVScriptLocals@@AANAAI@Z
0x001B514B|Script::ToggleScriptsFunction|T1|3|?ToggleScriptsFunction@Script@@SA_NPBUSCRIPT_PARAMETER@@PBDPAVTESObjectREFR@@2PAV1@PAVScriptLocals@@AANAAI@Z
0x001B52DB|Script::ToggleGrassFunction|T2|3|?ToggleGrassFunction@Script@@SA_NPBUSCRIPT_PARAMETER@@PBDPAVTESObjectREFR@@2PAV1@PAVScriptLocals@@AANAAI@Z
0x001B52F0|Script::RenderTestHereFunction|T2|1|?RenderTestHereFunction@Script@@SA_NPBUSCRIPT_PARAMETER@@PBDPAVTESObjectREFR@@2PAV1@PAVScriptLocals@@AANAAI@Z
0x001B54C7|Script::ToggleEmotionsFunction|T1|3|?ToggleEmotionsFunction@Script@@SA_NPBUSCRIPT_PARAMETER@@PBDPAVTESObjectREFR@@2PAV1@PAVScriptLocals@@AANAAI@Z
0x001B713A|Script::ToggleConversationStatsFunction|T2|2|?ToggleConversationStatsFunction@Script@@SA_NPBUSCRIPT_PARAMETER@@PBDPAVTESObjectREFR@@2PAV1@PAVScriptLocals@@AANAAI@Z
0x001B71B0|Script::ToggleFullHelp|T1|3|?ToggleFullHelp@Script@@SA_NPBUSCRIPT_PARAMETER@@PBDPAVTESObjectREFR@@2PAV1@PAVScriptLocals@@AANAAI@Z
0x001B7250|Script::ToggleMagicStatsFunction|T1|3|?ToggleMagicStatsFunction@Script@@SA_NPBUSCRIPT_PARAMETER@@PBDPAVTESObjectREFR@@2PAV1@PAVScriptLocals@@AANAAI@Z
0x001B740D|Script::ToggleBordersFunction|T2|1|?ToggleBordersFunction@Script@@SA_NPBUSCRIPT_PARAMETER@@PBDPAVTESObjectREFR@@2PAV1@PAVScriptLocals@@AANAAI@Z
0x001B7480|Script::ToggleProjectileDebugFunction|T1|5|?ToggleProjectileDebugFunction@Script@@SA_NPBUSCRIPT_PARAMETER@@PBDPAVTESObjectREFR@@2PAV1@PAVScriptLocals@@AANAAI@Z
0x001B7520|Script::ToggleMenusFunction|T2|1|?ToggleMenusFunction@Script@@SA_NPBUSCRIPT_PARAMETER@@PBDPAVTESObjectREFR@@2PAV1@PAVScriptLocals@@AANAAI@Z
0x001B7625|Script::ToggleSkyFunction|T2|1|?ToggleSkyFunction@Script@@SA_NPBUSCRIPT_PARAMETER@@PBDPAVTESObjectREFR@@2PAV1@PAVScriptLocals@@AANAAI@Z
0x001B7760|Script::ToggleCollisionFunction|T2|1|?ToggleCollisionFunction@Script@@SA_NPBUSCRIPT_PARAMETER@@PBDPAVTESObjectREFR@@2PAV1@PAVScriptLocals@@AANAAI@Z
0x001B77C0|Script::ToggleLeavesFunction|T2|1|?ToggleLeavesFunction@Script@@SA_NPBUSCRIPT_PARAMETER@@PBDPAVTESObjectREFR@@2PAV1@PAVScriptLocals@@AANAAI@Z
0x001B786A|Script::ToggleWireframeFunction|T2|1|?ToggleWireframeFunction@Script@@SA_NPBUSCRIPT_PARAMETER@@PBDPAVTESObjectREFR@@2PAV1@PAVScriptLocals@@AANAAI@Z
0x001B7971|Script::ToggleDetectionStats|T2|1|?ToggleDetectionStats@Script@@SA_NPBUSCRIPT_PARAMETER@@PBDPAVTESObjectREFR@@2PAV1@PAVScriptLocals@@AANAAI@Z
0x001B7B40|Script::SetActorRefractionFunction|T2|1|?SetActorRefractionFunction@Script@@SA_NPBUSCRIPT_PARAMETER@@PBDPAVTESObjectREFR@@2PAV1@PAVScriptLocals@@AANAAI@Z
0x001B7C88|Script::SetTargetRefractionFire|T2|1|?SetTargetRefractionFire@Script@@SA_NPBUSCRIPT_PARAMETER@@PBDPAVTESObjectREFR@@2PAV1@PAVScriptLocals@@AANAAI@Z
0x001B7F26|Script::SetTargetFalloff|T2|1|?SetTargetFalloff@Script@@SA_NPBUSCRIPT_PARAMETER@@PBDPAVTESObjectREFR@@2PAV1@PAVScriptLocals@@AANAAI@Z
0x001B8138|Script::ToggleFootIK|T2|1|?ToggleFootIK@Script@@SA_NPBUSCRIPT_PARAMETER@@PBDPAVTESObjectREFR@@2PAV1@PAVScriptLocals@@AANAAI@Z
0x001B82D5|Script::ToggleGrabIK|T1|2|?ToggleGrabIK@Script@@SA_NPBUSCRIPT_PARAMETER@@PBDPAVTESObjectREFR@@2PAV1@PAVScriptLocals@@AANAAI@Z
0x001B847C|Script::ToggleLookIK|T2|1|?ToggleLookIK@Script@@SA_NPBUSCRIPT_PARAMETER@@PBDPAVTESObjectREFR@@2PAV1@PAVScriptLocals@@AANAAI@Z
0x001B8A48|Script::ToggleRagdollAnim|T2|1|?ToggleRagdollAnim@Script@@SA_NPBUSCRIPT_PARAMETER@@PBDPAVTESObjectREFR@@2PAV1@PAVScriptLocals@@AANAAI@Z
0x001B9070|Script::ShowViewerStringsFunction|T2|1|?ShowViewerStringsFunction@Script@@SA_NPBUSCRIPT_PARAMETER@@PBDPAVTESObjectREFR@@2PAV1@PAVScriptLocals@@AANAAI@Z
0x001B9210|Script::ToggleLODLandFunction|T2|4|?ToggleLODLandFunction@Script@@SA_NPBUSCRIPT_PARAMETER@@PBDPAVTESObjectREFR@@2PAV1@PAVScriptLocals@@AANAAI@Z
0x001B9E80|Script::ToggleAiDetection|T2|1|?ToggleAiDetection@Script@@SA_NPBUSCRIPT_PARAMETER@@PBDPAVTESObjectREFR@@2PAV1@PAVScriptLocals@@AANAAI@Z
0x001B9F80|Script::IsActorsAIOff|T2|1|?IsActorsAIOff@Script@@SA_NPBUSCRIPT_PARAMETER@@PBDPAVTESObjectREFR@@2PAV1@PAVScriptLocals@@AANAAI@Z
0x001BA056|Script::SetActorsAIFunction|T2|1|?SetActorsAIFunction@Script@@SA_NPBUSCRIPT_PARAMETER@@PBDPAVTESObjectREFR@@2PAV1@PAVScriptLocals@@AANAAI@Z
0x001BA110|Script::ToggleAI|T2|1|?ToggleAI@Script@@SA_NPBUSCRIPT_PARAMETER@@PBDPAVTESObjectREFR@@2PAV1@PAVScriptLocals@@AANAAI@Z
0x001BA130|Script::ToggleCombatAI|T2|1|?ToggleCombatAI@Script@@SA_NPBUSCRIPT_PARAMETER@@PBDPAVTESObjectREFR@@2PAV1@PAVScriptLocals@@AANAAI@Z
0x001BA3F6|Script::ShowHeadTrackTarget|T1|2|?ShowHeadTrackTarget@Script@@SA_NPBUSCRIPT_PARAMETER@@PBDPAVTESObjectREFR@@2PAV1@PAVScriptLocals@@AANAAI@Z
0x001BA4B0|Script::ToggleLowProcess|T2|1|?ToggleLowProcess@Script@@SA_NPBUSCRIPT_PARAMETER@@PBDPAVTESObjectREFR@@2PAV1@PAVScriptLocals@@AANAAI@Z
0x001BA540|Script::ToggleMiddleLowProcess|T2|1|?ToggleMiddleLowProcess@Script@@SA_NPBUSCRIPT_PARAMETER@@PBDPAVTESObjectREFR@@2PAV1@PAVScriptLocals@@AANAAI@Z
0x001BA5D0|Script::ToggleMiddleHighProcess|T2|1|?ToggleMiddleHighProcess@Script@@SA_NPBUSCRIPT_PARAMETER@@PBDPAVTESObjectREFR@@2PAV1@PAVScriptLocals@@AANAAI@Z
0x001BA690|Script::ToggleAISchedules|T2|1|?ToggleAISchedules@Script@@SA_NPBUSCRIPT_PARAMETER@@PBDPAVTESObjectREFR@@2PAV1@PAVScriptLocals@@AANAAI@Z
0x001BA9ED|Script::SpeakSoundFunction|T2|1|?SpeakSoundFunction@Script@@SA_NPBUSCRIPT_PARAMETER@@PBDPAVTESObjectREFR@@2PAV1@PAVScriptLocals@@AANAAI@Z
0x001BAC20|Script::HelpFunction|T2|4|?HelpFunction@Script@@SA_NPBUSCRIPT_PARAMETER@@PBDPAVTESObjectREFR@@2PAV1@PAVScriptLocals@@AANAAI@Z
0x001BB4D0|Script::TogglePathingInfoFunction|T2|1|?TogglePathingInfoFunction@Script@@SA_NPBUSCRIPT_PARAMETER@@PBDPAVTESObjectREFR@@2PAV1@PAVScriptLocals@@AANAAI@Z
0x001BBC10|Script::GetActorValueInfoFunction|T2|3|?GetActorValueInfoFunction@Script@@SA_NPBUSCRIPT_PARAMETER@@PBDPAVTESObjectREFR@@2PAV1@PAVScriptLocals@@AANAAI@Z
0x001BBDA0|Script::DamageActorValueFunction|T2|1|?DamageActorValueFunction@Script@@SA_NPBUSCRIPT_PARAMETER@@PBDPAVTESObjectREFR@@2PAV1@PAVScriptLocals@@AANAAI@Z
0x001BBF1D|Script::ForceActorValueFunction|T2|1|?ForceActorValueFunction@Script@@SA_NPBUSCRIPT_PARAMETER@@PBDPAVTESObjectREFR@@2PAV1@PAVScriptLocals@@AANAAI@Z
0x001BC0D0|Script::ModActorValueFunction|T2|1|?ModActorValueFunction@Script@@SA_NPBUSCRIPT_PARAMETER@@PBDPAVTESObjectREFR@@2PAV1@PAVScriptLocals@@AANAAI@Z
0x001BC1A0|Script::RestoreActorValueFunction|T2|1|?RestoreActorValueFunction@Script@@SA_NPBUSCRIPT_PARAMETER@@PBDPAVTESObjectREFR@@2PAV1@PAVScriptLocals@@AANAAI@Z
0x001BC310|Script::SetActorValueFunction|T2|1|?SetActorValueFunction@Script@@SA_NPBUSCRIPT_PARAMETER@@PBDPAVTESObjectREFR@@2PAV1@PAVScriptLocals@@AANAAI@Z
0x001BCF1D|Script::SetGameSettingFunction|T2|5|?SetGameSettingFunction@Script@@SA_NPBUSCRIPT_PARAMETER@@PBDPAVTESObjectREFR@@2PAV1@PAVScriptLocals@@AANAAI@Z
0x001BCFD9|Script::GetINISettingFunction|T2|1|?GetINISettingFunction@Script@@SA_NPBUSCRIPT_PARAMETER@@PBDPAVTESObjectREFR@@2PAV1@PAVScriptLocals@@AANAAI@Z
0x001BD15E|Script::SetINISettingFunction|T1|5|?SetINISettingFunction@Script@@SA_NPBUSCRIPT_PARAMETER@@PBDPAVTESObjectREFR@@2PAV1@PAVScriptLocals@@AANAAI@Z
0x001BD780|Script::SetLightingPassesFunction|T2|1|?SetLightingPassesFunction@Script@@SA_NPBUSCRIPT_PARAMETER@@PBDPAVTESObjectREFR@@2PAV1@PAVScriptLocals@@AANAAI@Z
0x001BDCA7|Script::SetTreeMipmapBias|T2|1|?SetTreeMipmapBias@Script@@SA_NPBUSCRIPT_PARAMETER@@PBDPAVTESObjectREFR@@2PAV1@PAVScriptLocals@@AANAAI@Z
0x001BDE97|Script::ForceCloseFile|T2|2|?ForceCloseFile@Script@@SA_NPBUSCRIPT_PARAMETER@@PBDPAVTESObjectREFR@@2PAV1@PAVScriptLocals@@AANAAI@Z
0x001BEAF5|Script::MoveToFadeFunction|T2|1|?MoveToFadeFunction@Script@@SA_NPBUSCRIPT_PARAMETER@@PBDPAVTESObjectREFR@@2PAV1@PAVScriptLocals@@AANAAI@Z
0x001BF323|Script::PlayGroupFunction|T1|3|?PlayGroupFunction@Script@@SA_NPBUSCRIPT_PARAMETER@@PBDPAVTESObjectREFR@@2PAV1@PAVScriptLocals@@AANAAI@Z
0x001BF46B|Script::PlayExplosionFunction|T1|4|?PlayExplosionFunction@Script@@SA_NPBUSCRIPT_PARAMETER@@PBDPAVTESObjectREFR@@2PAV1@PAVScriptLocals@@AANAAI@Z
0x001BF74E|Script::IsAnimPlayingFunction|T2|1|?IsAnimPlayingFunction@Script@@SA_NPBUSCRIPT_PARAMETER@@PBDPAVTESObjectREFR@@2PAV1@PAVScriptLocals@@AANAAI@Z
0x001BF860|Script::StartCombatFunction|T2|1|?StartCombatFunction@Script@@SA_NPBUSCRIPT_PARAMETER@@PBDPAVTESObjectREFR@@2PAV1@PAVScriptLocals@@AANAAI@Z
0x001BFE8B|Script::AddSpellFunction|T2|3|?AddSpellFunction@Script@@SA_NPBUSCRIPT_PARAMETER@@PBDPAVTESObjectREFR@@2PAV1@PAVScriptLocals@@AANAAI@Z
0x001C019C|Script::RemoveSpellFunction|T1|2|?RemoveSpellFunction@Script@@SA_NPBUSCRIPT_PARAMETER@@PBDPAVTESObjectREFR@@2PAV1@PAVScriptLocals@@AANAAI@Z
0x001C106C|PathingInfo::PrintBestTeleportPath|T2|1|?PrintBestTeleportPath@PathingInfo@@QAAXPAVIDebugText@@W4DEBUGTEXT_LOCATION@@W4DEBUGTEXT_JUSTIFY@@@Z
0x001C1490|Script::CalcLowPathToPointFunction|T2|3|?CalcLowPathToPointFunction@Script@@SA_NPBUSCRIPT_PARAMETER@@PBDPAVTESObjectREFR@@2PAV1@PAVScriptLocals@@AANAAI@Z
0x001C1609|Script::ShowVarsFunction|T2|4|?ShowVarsFunction@Script@@SA_NPBUSCRIPT_PARAMETER@@PBDPAVTESObjectREFR@@2PAV1@PAVScriptLocals@@AANAAI@Z
0x001C1C10|Script::ShowQuestVarsFunction|T2|3|?ShowQuestVarsFunction@Script@@SA_NPBUSCRIPT_PARAMETER@@PBDPAVTESObjectREFR@@2PAV1@PAVScriptLocals@@AANAAI@Z
0x001C1C96|Script::ShowQuestsFunction|T2|1|?ShowQuestsFunction@Script@@SA_NPBUSCRIPT_PARAMETER@@PBDPAVTESObjectREFR@@2PAV1@PAVScriptLocals@@AANAAI@Z
0x001C1CE0|Script::ShowFunction|T2|1|?ShowFunction@Script@@SA_NPBUSCRIPT_PARAMETER@@PBDPAVTESObjectREFR@@2PAV1@PAVScriptLocals@@AANAAI@Z
0x001C1F00|Script::ShowAnimFunction|T2|5|?ShowAnimFunction@Script@@SA_NPBUSCRIPT_PARAMETER@@PBDPAVTESObjectREFR@@2PAV1@PAVScriptLocals@@AANAAI@Z
0x001C22F0|Script::Show1stPersonFunction|T2|1|?Show1stPersonFunction@Script@@SA_NPBUSCRIPT_PARAMETER@@PBDPAVTESObjectREFR@@2PAV1@PAVScriptLocals@@AANAAI@Z
0x001C2580|Script::EnableFunction|T2|1|?EnableFunction@Script@@SA_NPBUSCRIPT_PARAMETER@@PBDPAVTESObjectREFR@@2PAV1@PAVScriptLocals@@AANAAI@Z
0x001C2780|Script::DisableFunction|T1|2|?DisableFunction@Script@@SA_NPBUSCRIPT_PARAMETER@@PBDPAVTESObjectREFR@@2PAV1@PAVScriptLocals@@AANAAI@Z
0x001C2A9D|Script::GetIsFormTypeFunction|T2|1|?GetIsFormTypeFunction@Script@@SA_NPBUSCRIPT_PARAMETER@@PBDPAVTESObjectREFR@@2PAV1@PAVScriptLocals@@AANAAI@Z
0x001C37B3|Script::ToggleCellNode|T2|10|?ToggleCellNode@Script@@SA_NPBUSCRIPT_PARAMETER@@PBDPAVTESObjectREFR@@2PAV1@PAVScriptLocals@@AANAAI@Z
0x001C386D|Script::ToggleTrees|T1|3|?ToggleTrees@Script@@SA_NPBUSCRIPT_PARAMETER@@PBDPAVTESObjectREFR@@2PAV1@PAVScriptLocals@@AANAAI@Z
0x001C40D0|Script::OutputMemStats|T2|8|?OutputMemStats@Script@@SA_NPBUSCRIPT_PARAMETER@@PBDPAVTESObjectREFR@@2PAV1@PAVScriptLocals@@AANAAI@Z
0x001C45E0|Script::DumpModelMap|T2|1|?DumpModelMap@Script@@SA_NPBUSCRIPT_PARAMETER@@PBDPAVTESObjectREFR@@2PAV1@PAVScriptLocals@@AANAAI@Z
0x001C6158|Script::GetFactionReaction|T2|1|?GetFactionReaction@Script@@SA_NPBUSCRIPT_PARAMETER@@PBDPAVTESObjectREFR@@2PAV1@PAVScriptLocals@@AANAAI@Z
0x001C67E0|Script::ShowMap|T1|2|?ShowMap@Script@@SA_NPBUSCRIPT_PARAMETER@@PBDPAVTESObjectREFR@@2PAV1@PAVScriptLocals@@AANAAI@Z
0x001C7AF0|Script::PrintHDRParamFunction|T2|4|?PrintHDRParamFunction@Script@@SA_NPBUSCRIPT_PARAMETER@@PBDPAVTESObjectREFR@@2PAV1@PAVScriptLocals@@AANAAI@Z
0x001C92B7|Script::PickIdleFunction|T2|1|?PickIdleFunction@Script@@SA_NPBUSCRIPT_PARAMETER@@PBDPAVTESObjectREFR@@2PAV1@PAVScriptLocals@@AANAAI@Z
0x001C95A0|Script::PlayIdleFunction|T2|1|?PlayIdleFunction@Script@@SA_NPBUSCRIPT_PARAMETER@@PBDPAVTESObjectREFR@@2PAV1@PAVScriptLocals@@AANAAI@Z
0x001C9670|Script::PlayVATSCamerasFunction|T1|2|?PlayVATSCamerasFunction@Script@@SA_NPBUSCRIPT_PARAMETER@@PBDPAVTESObjectREFR@@2PAV1@PAVScriptLocals@@AANAAI@Z
0x001C9A86|CombatManager::DisplaySpectatorDebugText|T2|1|?DisplaySpectatorDebugText@CombatManager@@QAAXPAVIDebugText@@PAVTESObjectREFR@@@Z
0x001C9B30|Script::ShowQuestTargetsFunction|T2|3|?ShowQuestTargetsFunction@Script@@SA_NPBUSCRIPT_PARAMETER@@PBDPAVTESObjectREFR@@2PAV1@PAVScriptLocals@@AANAAI@Z
0x001C9DDF|Script::ShowFullQuestLogFunction|T2|1|?ShowFullQuestLogFunction@Script@@SA_NPBUSCRIPT_PARAMETER@@PBDPAVTESObjectREFR@@2PAV1@PAVScriptLocals@@AANAAI@Z
0x001CA191|Script::ShowQuestLogFunction|T2|2|?ShowQuestLogFunction@Script@@SA_NPBUSCRIPT_PARAMETER@@PBDPAVTESObjectREFR@@2PAV1@PAVScriptLocals@@AANAAI@Z
0x001CA260|Script::UnlockFunction|T2|1|?UnlockFunction@Script@@SA_NPBUSCRIPT_PARAMETER@@PBDPAVTESObjectREFR@@2PAV1@PAVScriptLocals@@AANAAI@Z
0x001CAA90|Script::AddFlamesFunction|T2|1|?AddFlamesFunction@Script@@SA_NPBUSCRIPT_PARAMETER@@PBDPAVTESObjectREFR@@2PAV1@PAVScriptLocals@@AANAAI@Z
0x001CAB00|Script::RemoveFlamesFunction|T2|1|?RemoveFlamesFunction@Script@@SA_NPBUSCRIPT_PARAMETER@@PBDPAVTESObjectREFR@@2PAV1@PAVScriptLocals@@AANAAI@Z
0x001CAF40|Script::MoveToFunctionBase|T2|1|?MoveToFunctionBase@Script@@SAXPAVTESObjectREFR@@0MMM@Z
0x001CB050|Script::MoveToFunction|T2|1|?MoveToFunction@Script@@SA_NPBUSCRIPT_PARAMETER@@PBDPAVTESObjectREFR@@2PAV1@PAVScriptLocals@@AANAAI@Z
0x001CB0C0|Script::SetAngleFunction|T2|1|?SetAngleFunction@Script@@SA_NPBUSCRIPT_PARAMETER@@PBDPAVTESObjectREFR@@2PAV1@PAVScriptLocals@@AANAAI@Z
0x001CB2D0|Script::SetPosFunction|T1|2|?SetPosFunction@Script@@SA_NPBUSCRIPT_PARAMETER@@PBDPAVTESObjectREFR@@2PAV1@PAVScriptLocals@@AANAAI@Z
0x001CB481|Script::MoveToQuestTargetFunction|T1|2|?MoveToQuestTargetFunction@Script@@SA_NPBUSCRIPT_PARAMETER@@PBDPAVTESObjectREFR@@2PAV1@PAVScriptLocals@@AANAAI@Z
0x001CB880|Script::SelectPlayerSpellFunction|T2|1|?SelectPlayerSpellFunction@Script@@SA_NPBUSCRIPT_PARAMETER@@PBDPAVTESObjectREFR@@2PAV1@PAVScriptLocals@@AANAAI@Z
0x001CBABD|Script::IsActorDetected|T1|2|?IsActorDetected@Script@@SA_NPBUSCRIPT_PARAMETER@@PBDPAVTESObjectREFR@@2PAV1@PAVScriptLocals@@AANAAI@Z
0x001CBD0C|Script::StopWaitingFunction|T1|2|?StopWaitingFunction@Script@@SA_NPBUSCRIPT_PARAMETER@@PBDPAVTESObjectREFR@@2PAV1@PAVScriptLocals@@AANAAI@Z
0x001CBE8B|Script::WaitFunction|T1|2|?WaitFunction@Script@@SA_NPBUSCRIPT_PARAMETER@@PBDPAVTESObjectREFR@@2PAV1@PAVScriptLocals@@AANAAI@Z
0x001CC3D0|Script::GetActionRefFunction|T2|1|?GetActionRefFunction@Script@@SA_NPBUSCRIPT_PARAMETER@@PBDPAVTESObjectREFR@@2PAV1@PAVScriptLocals@@AANAAI@Z
0x001CC490|Script::GetSelfFunction|T2|1|?GetSelfFunction@Script@@SA_NPBUSCRIPT_PARAMETER@@PBDPAVTESObjectREFR@@2PAV1@PAVScriptLocals@@AANAAI@Z
0x001CC53C|Script::GetCombatTargetFunction|T2|1|?GetCombatTargetFunction@Script@@SA_NPBUSCRIPT_PARAMETER@@PBDPAVTESObjectREFR@@2PAV1@PAVScriptLocals@@AANAAI@Z
0x001CC6C8|Script::GetParentRefFunction|T2|1|?GetParentRefFunction@Script@@SA_NPBUSCRIPT_PARAMETER@@PBDPAVTESObjectREFR@@2PAV1@PAVScriptLocals@@AANAAI@Z
0x001CC7A0|Script::GetLinkedRefFunction|T2|1|?GetLinkedRefFunction@Script@@SA_NPBUSCRIPT_PARAMETER@@PBDPAVTESObjectREFR@@2PAV1@PAVScriptLocals@@AANAAI@Z
0x001CC910|Script::SetForceRun|T2|1|?SetForceRun@Script@@SA_NPBUSCRIPT_PARAMETER@@PBDPAVTESObjectREFR@@2PAV1@PAVScriptLocals@@AANAAI@Z
0x001CCA50|Script::SetForceSneak|T2|1|?SetForceSneak@Script@@SA_NPBUSCRIPT_PARAMETER@@PBDPAVTESObjectREFR@@2PAV1@PAVScriptLocals@@AANAAI@Z
0x001CCD37|Script::SetDefaultOpenFunction|T2|1|?SetDefaultOpenFunction@Script@@SA_NPBUSCRIPT_PARAMETER@@PBDPAVTESObjectREFR@@2PAV1@PAVScriptLocals@@AANAAI@Z
0x001CCF50|Script::SetOpenStateFunction|T2|1|?SetOpenStateFunction@Script@@SA_NPBUSCRIPT_PARAMETER@@PBDPAVTESObjectREFR@@2PAV1@PAVScriptLocals@@AANAAI@Z
0x001CD0E0|Script::ShowSlotMachineMenu|T1|2|?ShowSlotMachineMenu@Script@@SA_NPBUSCRIPT_PARAMETER@@PBDPAVTESObjectREFR@@2PAV1@PAVScriptLocals@@AANAAI@Z
0x001CD180|Script::ShowBlackJackMenu|T2|1|?ShowBlackJackMenu@Script@@SA_NPBUSCRIPT_PARAMETER@@PBDPAVTESObjectREFR@@2PAV1@PAVScriptLocals@@AANAAI@Z
0x001CD330|Script::ShowRouletteMenu|T2|2|?ShowRouletteMenu@Script@@SA_NPBUSCRIPT_PARAMETER@@PBDPAVTESObjectREFR@@2PAV1@PAVScriptLocals@@AANAAI@Z
0x001CD4B0|Script::AddCardToPlayer|T2|1|?AddCardToPlayer@Script@@SA_NPBUSCRIPT_PARAMETER@@PBDPAVTESObjectREFR@@2PAV1@PAVScriptLocals@@AANAAI@Z
0x001CD570|Script::IsPlayerInRegion|T1|2|?IsPlayerInRegion@Script@@SA_NPBUSCRIPT_PARAMETER@@PBDPAVTESObjectREFR@@2PAV1@PAVScriptLocals@@AANAAI@Z
0x001CDA99|Script::SwapTextureOnRef|T2|1|?SwapTextureOnRef@Script@@SA_NPBUSCRIPT_PARAMETER@@PBDPAVTESObjectREFR@@2PAV1@PAVScriptLocals@@AANAAI@Z
0x001CE060|Script::SetGhostFunction|T2|1|?SetGhostFunction@Script@@SA_NPBUSCRIPT_PARAMETER@@PBDPAVTESObjectREFR@@2PAV1@PAVScriptLocals@@AANAAI@Z
0x001CED30|Script::ModBarterGoldFunction|T2|1|?ModBarterGoldFunction@Script@@SA_NPBUSCRIPT_PARAMETER@@PBDPAVTESObjectREFR@@2PAV1@PAVScriptLocals@@AANAAI@Z
0x001CEE50|Script::SetBarterGoldFunction|T2|1|?SetBarterGoldFunction@Script@@SA_NPBUSCRIPT_PARAMETER@@PBDPAVTESObjectREFR@@2PAV1@PAVScriptLocals@@AANAAI@Z
0x001CF3D0|Script::GetWeaponHealthFunction|T1|2|?GetWeaponHealthFunction@Script@@SA_NPBUSCRIPT_PARAMETER@@PBDPAVTESObjectREFR@@2PAV1@PAVScriptLocals@@AANAAI@Z
0x001CFBAF|Script::SetPackageDurationFunction|T2|1|?SetPackageDurationFunction@Script@@SA_NPBUSCRIPT_PARAMETER@@PBDPAVTESObjectREFR@@2PAV1@PAVScriptLocals@@AANAAI@Z
0x001CFCB0|Script::PlaceAtMeFunctionBase|T2|1|?PlaceAtMeFunctionBase@Script@@SAPAVTESObjectREFR@@PAV2@PAVTESObject@@HHHM@Z
0x001CFD20|Script::PlayMagicShader|T2|2|?PlayMagicShader@Script@@SA_NPBUSCRIPT_PARAMETER@@PBDPAVTESObjectREFR@@2PAV1@PAVScriptLocals@@AANAAI@Z
0x001D018E|Script::PlayMagicEffect|T2|2|?PlayMagicEffect@Script@@SA_NPBUSCRIPT_PARAMETER@@PBDPAVTESObjectREFR@@2PAV1@PAVScriptLocals@@AANAAI@Z
0x001D0300|Script::StopMagicShader|T2|2|?StopMagicShader@Script@@SA_NPBUSCRIPT_PARAMETER@@PBDPAVTESObjectREFR@@2PAV1@PAVScriptLocals@@AANAAI@Z
0x001D06A0|Script::GetNoRumorsFunction|T2|1|?GetNoRumorsFunction@Script@@SA_NPBUSCRIPT_PARAMETER@@PBDPAVTESObjectREFR@@2PAV1@PAVScriptLocals@@AANAAI@Z
0x001D0825|Script::GetWhichServiceFunction|T2|1|?GetWhichServiceFunction@Script@@SA_NPBUSCRIPT_PARAMETER@@PBDPAVTESObjectREFR@@2PAV1@PAVScriptLocals@@AANAAI@Z
0x001D0900|Script::IsActorRidingHorseFunction|T2|1|?IsActorRidingHorseFunction@Script@@SA_NPBUSCRIPT_PARAMETER@@PBDPAVTESObjectREFR@@2PAV1@PAVScriptLocals@@AANAAI@Z
0x001D096F|Script::IsPlayersLastRiddenHorseFunction|T2|1|?IsPlayersLastRiddenHorseFunction@Script@@SA_NPBUSCRIPT_PARAMETER@@PBDPAVTESObjectREFR@@2PAV1@PAVScriptLocals@@AANAAI@Z
0x001D09C0|Script::IsInDangerousWaterFunction|T2|1|?IsInDangerousWaterFunction@Script@@SA_NPBUSCRIPT_PARAMETER@@PBDPAVTESObjectREFR@@2PAV1@PAVScriptLocals@@AANAAI@Z
0x001D0A58|Script::ToggleWaterSystem|T1|2|?ToggleWaterSystem@Script@@SA_NPBUSCRIPT_PARAMETER@@PBDPAVTESObjectREFR@@2PAV1@PAVScriptLocals@@AANAAI@Z
0x001D1027|Script::ModifyWaterShader|T3|7|?ModifyWaterShader@Script@@SA_NPBUSCRIPT_PARAMETER@@PBDPAVTESObjectREFR@@2PAV1@PAVScriptLocals@@AANAAI@Z
0x001D132C|D3DXShader::CPSLegacyProgram::IndexSemantic|T2|1|?IndexSemantic@CPSLegacyProgram@D3DXShader@@UAAJPAVCArgument@2@H@Z
0x001D1EB4|Script::GetIgnoreFriendlyHitsFunction|T1|2|?GetIgnoreFriendlyHitsFunction@Script@@SA_NPBUSCRIPT_PARAMETER@@PBDPAVTESObjectREFR@@2PAV1@PAVScriptLocals@@AANAAI@Z
0x001D1EFF|Script::SetItemValueFunction|T2|1|?SetItemValueFunction@Script@@SA_NPBUSCRIPT_PARAMETER@@PBDPAVTESObjectREFR@@2PAV1@PAVScriptLocals@@AANAAI@Z
0x001D21E0|Script::SetTargetRefraction|T2|1|?SetTargetRefraction@Script@@SA_NPBUSCRIPT_PARAMETER@@PBDPAVTESObjectREFR@@2PAV1@PAVScriptLocals@@AANAAI@Z
0x001D22D0|Script::StartAllQuests|T2|1|?StartAllQuests@Script@@SA_NPBUSCRIPT_PARAMETER@@PBDPAVTESObjectREFR@@2PAV1@PAVScriptLocals@@AANAAI@Z
0x001D23D0|Script::CompleteAllQuestStages|T2|1|?CompleteAllQuestStages@Script@@SA_NPBUSCRIPT_PARAMETER@@PBDPAVTESObjectREFR@@2PAV1@PAVScriptLocals@@AANAAI@Z
0x001D248B|Script::FlushPersistantActors|T2|1|?FlushPersistantActors@Script@@SA_NPBUSCRIPT_PARAMETER@@PBDPAVTESObjectREFR@@2PAV1@PAVScriptLocals@@AANAAI@Z
0x001D2500|Script::DeleteReference|T1|2|?DeleteReference@Script@@SA_NPBUSCRIPT_PARAMETER@@PBDPAVTESObjectREFR@@2PAV1@PAVScriptLocals@@AANAAI@Z
0x001D2590|Script::ToggleFogOfWar|T1|3|?ToggleFogOfWar@Script@@SA_NPBUSCRIPT_PARAMETER@@PBDPAVTESObjectREFR@@2PAV1@PAVScriptLocals@@AANAAI@Z
0x001D27A0|Script::SetDepthOfField|T2|1|?SetDepthOfField@Script@@SA_NPBUSCRIPT_PARAMETER@@PBDPAVTESObjectREFR@@2PAV1@PAVScriptLocals@@AANAAI@Z
0x001D2970|Script::ToggleCastShadows|T2|6|?ToggleCastShadows@Script@@SA_NPBUSCRIPT_PARAMETER@@PBDPAVTESObjectREFR@@2PAV1@PAVScriptLocals@@AANAAI@Z
0x001D31C5|Script::SendSherlockDebugPage|T3|1|?SendSherlockDebugPage@Script@@SA_NPBUSCRIPT_PARAMETER@@PBDPAVTESObjectREFR@@2PAV1@PAVScriptLocals@@AANAAI@Z
0x001D362B|Script::SetGlobalTimeMultiplierFunction|T2|1|?SetGlobalTimeMultiplierFunction@Script@@SA_NPBUSCRIPT_PARAMETER@@PBDPAVTESObjectREFR@@2PAV1@PAVScriptLocals@@AANAAI@Z
0x001D3780|Script::IsPC1stPersonFunction|T2|1|?IsPC1stPersonFunction@Script@@SA_NPBUSCRIPT_PARAMETER@@PBDPAVTESObjectREFR@@2PAV1@PAVScriptLocals@@AANAAI@Z
0x001D390C|Script::SetCombatActionCostFunction|T1|2|?SetCombatActionCostFunction@Script@@SA_NPBUSCRIPT_PARAMETER@@PBDPAVTESObjectREFR@@2PAV1@PAVScriptLocals@@AANAAI@Z
0x001D4190|NiXenonRenderer::Do_BeginUsingRenderTargetGroup|T2|1|?Do_BeginUsingRenderTargetGroup@NiXenonRenderer@@MAA_NPAVNiRenderTargetGroup@@I@Z
0x001D4392|Script::ToggleCombatDebugFunction|T3|5|?ToggleCombatDebugFunction@Script@@SA_NPBUSCRIPT_PARAMETER@@PBDPAVTESObjectREFR@@2PAV1@PAVScriptLocals@@AANAAI@Z
0x001D4480|D3DXShader::Compiler::PrintAsm|T2|1|?PrintAsm@Compiler@D3DXShader@@QAAXXZ
0x001D47E0|Script::TogglePathlinesFunction|T2|1|?TogglePathlinesFunction@Script@@SA_NPBUSCRIPT_PARAMETER@@PBDPAVTESObjectREFR@@2PAV1@PAVScriptLocals@@AANAAI@Z
0x001D4A30|Script::ForceCombatGroupStrategyFunction|T2|5|?ForceCombatGroupStrategyFunction@Script@@SA_NPBUSCRIPT_PARAMETER@@PBDPAVTESObjectREFR@@2PAV1@PAVScriptLocals@@AANAAI@Z
0x001D4B66|Script::ToggleActorAI|T2|1|?ToggleActorAI@Script@@SA_NPBUSCRIPT_PARAMETER@@PBDPAVTESObjectREFR@@2PAV1@PAVScriptLocals@@AANAAI@Z
0x001D4D30|Script::PushActorAwayFunction|T2|1|?PushActorAwayFunction@Script@@SA_NPBUSCRIPT_PARAMETER@@PBDPAVTESObjectREFR@@2PAV1@PAVScriptLocals@@AANAAI@Z
0x001D5020|Script::ShowInventoryFunction|T2|3|?ShowInventoryFunction@Script@@SA_NPBUSCRIPT_PARAMETER@@PBDPAVTESObjectREFR@@2PAV1@PAVScriptLocals@@AANAAI@Z
0x001D57FA|Script::ToggleDecalDebug|T2|3|?ToggleDecalDebug@Script@@SA_NPBUSCRIPT_PARAMETER@@PBDPAVTESObjectREFR@@2PAV1@PAVScriptLocals@@AANAAI@Z
0x001D5BFB|Script::ToggleDecalRendering|T2|2|?ToggleDecalRendering@Script@@SA_NPBUSCRIPT_PARAMETER@@PBDPAVTESObjectREFR@@2PAV1@PAVScriptLocals@@AANAAI@Z
0x001D5E6E|Script::SetObjectiveDisplayedFunction|T1|2|?SetObjectiveDisplayedFunction@Script@@SA_NPBUSCRIPT_PARAMETER@@PBDPAVTESObjectREFR@@2PAV1@PAVScriptLocals@@AANAAI@Z
0x001D5F54|Script::GetObjectiveCompletedFunction|T2|1|?GetObjectiveCompletedFunction@Script@@SA_NPBUSCRIPT_PARAMETER@@PBDPAVTESObjectREFR@@2PAV1@PAVScriptLocals@@AANAAI@Z
0x001D5FAB|Script::GetObjectiveDisplayedFunction|T2|1|?GetObjectiveDisplayedFunction@Script@@SA_NPBUSCRIPT_PARAMETER@@PBDPAVTESObjectREFR@@2PAV1@PAVScriptLocals@@AANAAI@Z
0x001D60EF|Script::PipboyRadio|T1|3|?PipboyRadio@Script@@SA_NPBUSCRIPT_PARAMETER@@PBDPAVTESObjectREFR@@2PAV1@PAVScriptLocals@@AANAAI@Z
0x001D6456|Script::GetBroadcastState|T2|1|?GetBroadcastState@Script@@SA_NPBUSCRIPT_PARAMETER@@PBDPAVTESObjectREFR@@2PAV1@PAVScriptLocals@@AANAAI@Z
0x001D672D|Script::ToggleVATSLight|T2|1|?ToggleVATSLight@Script@@SA_NPBUSCRIPT_PARAMETER@@PBDPAVTESObjectREFR@@2PAV1@PAVScriptLocals@@AANAAI@Z
0x001D7150|Script::AddItemHealthPercentFunction|T2|1|?AddItemHealthPercentFunction@Script@@SA_NPBUSCRIPT_PARAMETER@@PBDPAVTESObjectREFR@@2PAV1@PAVScriptLocals@@AANAAI@Z
0x001D7290|Script::SetConsoleOutputFileFunction|T1|2|?SetConsoleOutputFileFunction@Script@@SA_NPBUSCRIPT_PARAMETER@@PBDPAVTESObjectREFR@@2PAV1@PAVScriptLocals@@AANAAI@Z
0x001D7788|Script::IsPlayerTagSkillFunction|T2|1|?IsPlayerTagSkillFunction@Script@@SA_NPBUSCRIPT_PARAMETER@@PBDPAVTESObjectREFR@@2PAV1@PAVScriptLocals@@AANAAI@Z
0x001D77B2|Script::GetPlayerGrabbedRefFunction|T2|1|?GetPlayerGrabbedRefFunction@Script@@SA_NPBUSCRIPT_PARAMETER@@PBDPAVTESObjectREFR@@2PAV1@PAVScriptLocals@@AANAAI@Z
0x001D8620|Script::FireWeaponFunction|T2|1|?FireWeaponFunction@Script@@SA_NPBUSCRIPT_PARAMETER@@PBDPAVTESObjectREFR@@2PAV1@PAVScriptLocals@@AANAAI@Z
0x001DA690|Script::SetMinimalUseFunction|T2|1|?SetMinimalUseFunction@Script@@SA_NPBUSCRIPT_PARAMETER@@PBDPAVTESObjectREFR@@2PAV1@PAVScriptLocals@@AANAAI@Z
0x001DA980|Script::ShowQuestStagesFunction|T2|1|?ShowQuestStagesFunction@Script@@SA_NPBUSCRIPT_PARAMETER@@PBDPAVTESObjectREFR@@2PAV1@PAVScriptLocals@@AANAAI@Z
0x001DAF90|Script::ModifyFaceGen|T2|3|?ModifyFaceGen@Script@@SA_NPBUSCRIPT_PARAMETER@@PBDPAVTESObjectREFR@@2PAV1@PAVScriptLocals@@AANAAI@Z
0x001DB91B|Script::IsCodeRedeemedFunction|T2|1|?IsCodeRedeemedFunction@Script@@SA_NPBUSCRIPT_PARAMETER@@PBDPAVTESObjectREFR@@2PAV1@PAVScriptLocals@@AANAAI@Z
0x001DC440|Script::SetTaskThreadSleepFunction|T2|1|?SetTaskThreadSleepFunction@Script@@SA_NPBUSCRIPT_PARAMETER@@PBDPAVTESObjectREFR@@2PAV1@PAVScriptLocals@@AANAAI@Z
0x001DC480|Script::SetTaskThreadUpdateSleepFunction|T2|1|?SetTaskThreadUpdateSleepFunction@Script@@SA_NPBUSCRIPT_PARAMETER@@PBDPAVTESObjectREFR@@2PAV1@PAVScriptLocals@@AANAAI@Z
0x001DC5E0|Script::IsImageSpaceActiveFunction|T1|2|?IsImageSpaceActiveFunction@Script@@SA_NPBUSCRIPT_PARAMETER@@PBDPAVTESObjectREFR@@2PAV1@PAVScriptLocals@@AANAAI@Z
0x001DC903|Script::RemapWaterTypeFunction|T1|2|?RemapWaterTypeFunction@Script@@SA_NPBUSCRIPT_PARAMETER@@PBDPAVTESObjectREFR@@2PAV1@PAVScriptLocals@@AANAAI@Z
0x001DC9A0|Script::SetHardcoreFunction|T2|1|?SetHardcoreFunction@Script@@SA_NPBUSCRIPT_PARAMETER@@PBDPAVTESObjectREFR@@2PAV1@PAVScriptLocals@@AANAAI@Z
0x001DCB19|Script::ResetXPFunction|T2|1|?ResetXPFunction@Script@@SA_NPBUSCRIPT_PARAMETER@@PBDPAVTESObjectREFR@@2PAV1@PAVScriptLocals@@AANAAI@Z
0x001DDBB0|Script::IsDLCInstalledFunction|T2|1|?IsDLCInstalledFunction@Script@@SA_NPBUSCRIPT_PARAMETER@@PBDPAVTESObjectREFR@@2PAV1@PAVScriptLocals@@AANAAI@Z
0x001DEE30|ScriptRunner::InitActionList|T2|1|?InitActionList@ScriptRunner@@QAA_NPAVScript@@PAVTESObjectREFR@@PAVScriptLocals@@@Z
0x001DF211|ScriptRunner::Run|T2|1|?Run@ScriptRunner@@QAA_NPAVScript@@PAVTESObjectREFR@@PAVScriptLocals@@1_N33M@Z
0x001DF560|ScriptRunner::GetNextLine|T1|2|?GetNextLine@ScriptRunner@@IAA_NPAVScript@@AAW4SCRIPT_OUTPUT@@AAIAAHPAPAVTESObjectREFR@@_N@Z
0x001DFC10|ScriptRunner::EvaluateLine|T3|2|?EvaluateLine@ScriptRunner@@IAA_NPAVScript@@W4SCRIPT_OUTPUT@@PAVTESObjectREFR@@AAHIAAII_N5@Z
0x001E0B10|TESSound::GetPassThroughSound|T2|2|?GetPassThroughSound@TESSound@@SAPAV1@H@Z
0x001E1668|TESSound::GenerateDefaultObjects|T2|1|?GenerateDefaultObjects@TESSound@@SAXXZ
0x001E1690|TESSound::PickSmallestFile|T2|1|?PickSmallestFile@TESSound@@SA_NPAD@Z
0x001E23F0|BGSBodyPart::Load|T2|1|?Load@BGSBodyPart@@QAA_NPAVTESFile@@@Z
0x001E2D90|BGSBodyPartData::InitItem|T2|1|?InitItem@BGSBodyPartData@@UAAXXZ
0x001E3160|BGSBodyPartData::Load|T2|1|?Load@BGSBodyPartData@@UAA_NPAVTESFile@@@Z
0x001E34F9|BGSBodyPartData::AddBodyPart|T2|1|?AddBodyPart@BGSBodyPartData@@QAAXPAVBGSBodyPart@@@Z
0x001E3570|BGSBodyPartData::GenerateDefaultBodyPartData|T2|1|?GenerateDefaultBodyPartData@BGSBodyPartData@@SAXXZ
0x001E3BE0|BGSEntryPoint::HandleEntryPoint|T2|2|?HandleEntryPoint@BGSEntryPoint@@SAXW4ENTRY_POINT@1@PAVActor@@ZZ
0x001E3C60|BGSEntryPointFunction::CheckFunctionArguments|T2|1|?CheckFunctionArguments@BGSEntryPointFunction@@KA_NW4ENTRY_POINT_FUNCTION_TYPE@1@EPAVTESObjectREFR@@0EPAPAXPAX@Z
0x001E4C40|BGSEntryPointFunctionDataLeveledList::InitItem|T1|2|?InitItem@BGSEntryPointFunctionDataLeveledList@@UAAXPAVTESForm@@@Z
0x001E58E0|BGSHeadPart::InitItem|T2|1|?InitItem@BGSHeadPart@@UAAXXZ
0x001E6C0D|BGSNote::InitItem|T2|1|?InitItem@BGSNote@@UAAXXZ
0x001E79A0|BGSQuestPerkEntry::InitItem|T1|2|?InitItem@BGSQuestPerkEntry@@UAAXPAVTESForm@@@Z
0x001E7CCF|BGSAbilityPerkEntry::InitItem|T1|2|?InitItem@BGSAbilityPerkEntry@@UAAXPAVTESForm@@@Z
0x001E8210|BGSEntryPointPerkEntry::CheckConditionFilters|T2|1|?CheckConditionFilters@BGSEntryPointPerkEntry@@UAA_NIPAPAVTESForm@@@Z
0x001E8B27|BGSEntryPointPerkEntry::Load|T2|1|?Load@BGSEntryPointPerkEntry@@UAA_NPAVTESFile@@@Z
0x001ECC9D|BGSRagdoll::InitItem|T2|1|?InitItem@BGSRagdoll@@UAAXXZ
0x001EF860|TESActorBase::LoadGame|T2|1|?LoadGame@TESActorBase@@UAAXPAVBGSLoadFormBuffer@@@Z
0x001EF910|TESActorBase::GetSaveSize|T1|2|?GetSaveSize@TESActorBase@@UAAGI@Z
0x001EFA80|TESActorBase::SaveGame|T2|1|?SaveGame@TESActorBase@@UAAXPAVBGSSaveFormBuffer@@@Z
0x001EFB30|TESActorBase::SaveGame|T1|4|?SaveGame@TESActorBase@@UAAXI@Z
0x001EFFC0|TESActorBase::LoadGame|T2|5|?LoadGame@TESActorBase@@UAAXII@Z
0x001F18C9|TESAnimGroup::GetTime|T2|1|?GetTime@TESAnimGroup@@QAAMW4ANIM_GROUP_ACTION@@@Z
0x001F1CAF|TESAnimGroup::LoadAnimGroup|T3|3|?LoadAnimGroup@TESAnimGroup@@SAPAV1@PAVNiControllerSequence@@PBD@Z
0x001F3210|TESChallenge::InitItem|T2|1|?InitItem@TESChallenge@@UAAXXZ
0x001F4C70|TESClass::Load|T2|1|?Load@TESClass@@UAA_NPAVTESFile@@@Z
0x001F6B49|TESCreature::Load|T2|1|?Load@TESCreature@@UAA_NPAVTESFile@@@Z
0x001F784F|TESCreature::InitItem|T3|1|?InitItem@TESCreature@@UAAXXZ
0x001FB9CF|TESFaction::CheckFactionReactions|T2|1|?CheckFactionReactions@TESFaction@@SAXXZ
0x001FCDEC|TESIdleForm::InitItem|T2|1|?InitItem@TESIdleForm@@UAAXXZ
0x001FCF80|TESIdleForm::InitParents|T2|1|?InitParents@TESIdleForm@@QAA_NXZ
0x001FD210|TESIdleForm::FixNextIdles|T2|1|?FixNextIdles@TESIdleForm@@QAAXPAVNiFormArray@@@Z
0x001FDA00|IDLE_ANIM_ROOT::AddRootFilenameList|T2|2|?AddRootFilenameList@IDLE_ANIM_ROOT@@QAAXPAV?$BSSimpleList@PBD@@@Z
0x001FE33E|TESIdleManager::AddRootIdleArray|T2|1|?AddRootIdleArray@TESIdleManager@@QAAPAVNiFormArray@@PBDPAV?$BSSimpleList@PBD@@_N@Z
0x001FE7CC|TESIdleManager::GetIdleDirName|T2|1|?GetIdleDirName@TESIdleManager@@SAXPBDPAD@Z
0x001FE8F5|TESIdleManager::GetRootFilenameList|T2|1|?GetRootFilenameList@TESIdleManager@@QAAPAV?$BSSimpleList@PBD@@PBDW4ANIM_GROUP_WEAPON_ENUM@@@Z
0x00201170|TESNPC::Load|T3|1|?Load@TESNPC@@UAA_NPAVTESFile@@@Z
0x00201570|TESNPC::InitItem|T2|1|?InitItem@TESNPC@@UAAXXZ
0x00203562|BipedAnim::InitRoot|T2|1|?InitRoot@BipedAnim@@QAAXPAVNiNode@@@Z
0x00203717|TESNPC::CreateBipedAnim|T2|1|?CreateBipedAnim@TESNPC@@QAAPAVBipedAnim@@PAVTESObjectREFR@@@Z
0x00203A2A|NiBoneLODController::FindSkinGeometry|T2|1|?FindSkinGeometry@NiBoneLODController@@KAXPAVNiAVObject@@AAV?$NiTPointerMap@PAVNiTriBasedGeom@@PAV?$NiTPrimitiveSet@I@@@@PAVNiNode@@@Z
0x0020419A|TESNPC::InitWorn|T2|1|?InitWorn@TESNPC@@QAAXPAVTESObjectREFR@@PAVBipedAnim@@@Z
0x00204250|TESNPC::InitWornObject|T2|1|?InitWornObject@TESNPC@@QAA_NPAVTESObjectREFR@@PAVBipedAnim@@PAVTESBoundObject@@@Z
0x00204423|TESNPC::FixDisplayedHeadParts|T1|2|?FixDisplayedHeadParts@TESNPC@@QAAXPAVTESObjectREFR@@PAVNiNode@@@Z
0x00204F6D|TESNPC::GetClonedNodeSkinned|T2|1|?GetClonedNodeSkinned@TESNPC@@QAAXAAPAVBSFaceGenNiNode@@@Z
0x002052C0|TESNPC::LinearFaceGenHeadLoad|T2|1|?LinearFaceGenHeadLoad@TESNPC@@QAAXPAVTESObjectREFR@@PAVBipedAnim@@@Z
0x00205925|TESNPC::AttachHead|T2|1|?AttachHead@TESNPC@@QAAXPAVTESObjectREFR@@PAVBipedAnim@@PAVBSFaceGenNiNode@@2@Z
0x002062E0|TESNPC::Activate|T2|2|?Activate@TESNPC@@UAA_NPAVTESObjectREFR@@0_NPAVTESBoundObject@@H@Z
0x00208323|TESNPC::LoadFaceGen|T2|3|?LoadFaceGen@TESNPC@@QAAXPAVCharacter@@@Z
0x0020BD20|ScriptLocals::GetSaveSize|T2|1|?GetSaveSize@ScriptLocals@@QAAGXZ
0x0020C120|TESQuest::SaveGame|T1|4|?SaveGame@TESQuest@@UAAXI@Z
0x0020C270|TESQuest::LoadGame|T2|3|?LoadGame@TESQuest@@UAAXII@Z
0x0020CD00|TESQuest::LoadGame|T2|1|?LoadGame@TESQuest@@UAAXPAVBGSLoadFormBuffer@@@Z
0x0020DD50|TESQuestStageItem::Resolve|T2|1|?Resolve@TESQuestStageItem@@QAAX_N@Z
0x0020E0D0|TESQuestTarget::InitItem|T2|1|?InitItem@TESQuestTarget@@QAAXPAVTESForm@@@Z
0x0020F9F9|TESRace::Load|T2|1|?Load@TESRace@@UAA_NPAVTESFile@@@Z
0x00210C70|TESRace::InitItem|T2|3|?InitItem@TESRace@@UAAXXZ
0x00211D60|TESRace::CreateHead|T2|2|?CreateHead@TESRace@@QAA_NAAPAVBSFaceGenNiNode@@0PAVTESNPC@@_N2W4SEX@@@Z
0x00211E50|Actor::HideDismemberedLimb|T2|1|?HideDismemberedLimb@Actor@@QAAXW4LIMB_ENUM@BGSBodyPart@@PAVNiNode@@PAVNiAVObject@@_N@Z
0x002121A8|ModelLoader::QueueEGMFile|T2|1|?QueueEGMFile@ModelLoader@@QAAXPAVTESModel@@W4IO_TASK_PRIORITY@@PAVQueuedFile@@H@Z
0x002127B6|TESRace::GetBodyTextureFileName|T2|2|?GetBodyTextureFileName@TESRace@@QAA_NPAVTESNPC@@W4BIPED_OBJECT@@PAD@Z
0x00212DB6|TESRace::GetBodyTexture|T2|1|?GetBodyTexture@TESRace@@QAA_NAAV?$NiPointer@VNiTexture@@@@0PAVTESNPC@@W4BIPED_OBJECT@@_N@Z
0x00212F77|ModelLoader::QueueTRIFile|T2|1|?QueueTRIFile@ModelLoader@@QAAXPAVTESModel@@W4IO_TASK_PRIORITY@@PAVQueuedFile@@H@Z
0x00215480|TESResponse::GetAudioQuestTopicCombined|T2|1|?GetAudioQuestTopicCombined@TESResponse@@SAXPAVTESQuest@@PAVTESTopic@@PADI@Z
0x0021549D|TESResponse::GetOldAudioFilename|T2|1|?GetOldAudioFilename@TESResponse@@QAAXPAVTESTopicInfo@@AAV?$BSStringT@D@@@Z
0x00215C90|TESResponse::InitItem|T2|2|?InitItem@TESResponse@@QAAXPAVTESForm@@@Z
0x00217325|TESTopic::InitItem|T2|1|?InitItem@TESTopic@@UAAXXZ
0x00217A7F|TESTopic::InsertInfo|T2|1|?InsertInfo@TESTopic@@QAA_NPAVTESQuest@@PAVTESTopicInfo@@I@Z
0x002180A0|TESTopic::SavesBefore|T2|1|?SavesBefore@TESTopic@@UAA_NPAUFORM@@@Z
0x00219A70|TESTopic::CreateConversation|T1|3|?CreateConversation@TESTopic@@SAIPAVTESObjectREFR@@0PAV?$BSSimpleList@PAVDialogueItem@@@@PAV1@@Z
0x0021A5A0|TESConversationData::InitItem|T2|3|?InitItem@TESConversationData@@QAAXPAVTESForm@@@Z
0x0021B98E|TESTopicInfo::InitItem|T1|3|?InitItem@TESTopicInfo@@UAAXXZ
0x0021BA90|TESTopicInfo::GetFormDetailedString|T2|2|?GetFormDetailedString@TESTopicInfo@@UAAXAAV?$BSStringT@D@@@Z
0x0021C0F0|TESTopicInfo::Load|T2|1|?Load@TESTopicInfo@@UAA_NPAVTESFile@@@Z
0x0021CB30|TESTopicInfo::GetResponseList|T2|1|?GetResponseList@TESTopicInfo@@IAAPAVResponseListWrapper@@PAV2@@Z
0x00222E46|HavokError::assertMessage|T2|2|?assertMessage@HavokError@@UAAXPBDH00H@Z
0x00223590|HavokError::HavokError|T2|1|??0HavokError@@QAA@XZ
0x00223801|HavokError::message|T2|3|?message@HavokError@@UAAHW4Message@hkError@@HPBD1H@Z
0x00223850|HavokError::SetRootDir|T1|2|?SetRootDir@HavokError@@QAAXPBD@Z
0x00223A9D|HavokError::warningMessage|T2|1|?warningMessage@HavokError@@UAAXPBDH00H@Z
0x0022CC90|TESWaterListener::PlaySplashEffects|T1|2|?PlaySplashEffects@TESWaterListener@@SAXMVNiPoint3@@@Z
0x0022FB28|ViewCaster::FindActivateREFR|T2|1|?FindActivateREFR@ViewCaster@@QAAPAVTESObjectREFR@@ABVNiPoint3@@0MAAMAA_N@Z
0x0022FE80|ViewCaster::Init|T2|1|?Init@ViewCaster@@QAAXMI@Z
0x00231540|Atmosphere::Initialize|T1|2|?Initialize@Atmosphere@@UAAXPAVNiNode@@PAVBSFogProperty@@@Z
0x00231F82|Clouds::Initialize|T2|1|?Initialize@Clouds@@UAAXPAVNiNode@@@Z
0x00232C30|Moon::Moon|T2|5|??0Moon@@QAA@PBDMMMMMI@Z
0x002340E0|Moon::Update|T2|1|?Update@Moon@@UAAXPAVSky@@M@Z
0x00234E01|Precipitation::Load|T2|1|?Load@Precipitation@@AAAXPBD@Z
0x0023866E|Sky::Initialize|T2|1|?Initialize@Sky@@QAAXPAVBSMultiBoundNode@@PAVBSFogProperty@@@Z
0x00238D89|Sky::SetCurrentClimate|T2|1|?SetCurrentClimate@Sky@@QAAXPAVTESClimate@@_N@Z
0x00239940|Sky::FillColorBlend|T2|1|?FillColorBlend@Sky@@QAAXAAUCOLOR_BLEND@1@PAVTESWeather@@MAAW4ColorTime@3@2@Z
0x0023AB2C|Sky::Update|T2|1|?Update@Sky@@QAAXM@Z
0x0023ADC8|Sky::HandleClimateChange|T2|1|?HandleClimateChange@Sky@@QAAXXZ
0x0023C387|Sky::UpdateWindowReflections|T2|1|?UpdateWindowReflections@Sky@@QAAXM@Z
0x0023C600|Moon::Initialize|T2|1|?Initialize@Moon@@UAAXPAVNiNode@@PBD@Z
0x0023D50B|Sky::UpdateHDRValues|T2|1|?UpdateHDRValues@Sky@@QAAXXZ
0x0023DB51|SkyTask::GetDescription|T2|1|?GetDescription@SkyTask@@UAA_NPADI@Z
0x0023DF45|Stars::LoadGeometry|T1|3|?LoadGeometry@Stars@@QAAXPBD@Z
0x0023F8A0|Sun::CalculateSunGlare|T2|1|?CalculateSunGlare@Sun@@QAAXIPAVBSShaderAccumulator@@PAVNiCamera@@@Z
0x002407E0|Sun::GetSunOcclusionPercent|T2|1|?GetSunOcclusionPercent@Sun@@IAAMXZ
0x00240810|Sun::Update|T2|1|?Update@Sun@@UAAXPAVSky@@M@Z
0x002458B4|CombatFormulas::GetVATSChanceToHit|T2|4|?GetVATSChanceToHit@CombatFormulas@@SAMPAVActorValueOwner@@PAVTESObjectREFR@@PAVTESObjectWEAP@@MMMPAVBGSBodyPart@@2MMMPAVIDebugText@@@Z
0x0024E860|BSFaceGenModelMap::KillModelTextureData|T2|1|?KillModelTextureData@BSFaceGenModelMap@@QAA_NPBD@Z
0x0024F0B0|BSFaceGenManager::BSFaceGenManager|T2|3|??0BSFaceGenManager@@IAA@XZ
0x0024FA25|BSFaceGenManager::GetFaceCoordValue|T2|1|?GetFaceCoordValue@BSFaceGenManager@@SAMPAY111$$CBV?$FR2MatrixVTC@M@@W4FanTypeE@@W4FanSymmE@@K@Z
0x0024FB90|BSFaceGenManager::GetFaceGenModel|T2|1|?GetFaceGenModel@BSFaceGenManager@@SAPAVBSFaceGenModel@@PBD000_NW4HAIR_PART@@1@Z
0x0024FFD0|BSFaceGenManager::InitializeSystem|T2|1|?InitializeSystem@BSFaceGenManager@@SAXXZ
0x002500A9|BSFaceGenManager::LoadEGMData|T2|1|?LoadEGMData@BSFaceGenManager@@SA_NPAVBSFaceGenModel@@@Z
0x00251630|BSFaceGenManager::GetAsEGMFile|T1|2|?GetAsEGMFile@BSFaceGenManager@@SAPBDAAV?$BSStringT@D@@PBDW4HAIR_PART@@@Z
0x002516A0|BSFaceGenManager::GetAsNIFFileHighLOD|T2|1|?GetAsNIFFileHighLOD@BSFaceGenManager@@SAPBDAAV?$BSStringT@D@@PBD@Z
0x002517E0|BSFaceGenManager::GetAsTRIFile|T1|2|?GetAsTRIFile@BSFaceGenManager@@SAPBDAAV?$BSStringT@D@@PBDW4HAIR_PART@@@Z
0x002518E0|BSFaceGenManager::GetAsEGTFile|T2|1|?GetAsEGTFile@BSFaceGenManager@@SAPBDAAV?$BSStringT@D@@PBD@Z
0x002519F0|BSFaceGenManager::GetAsNearestDetailDDSFile|T2|1|?GetAsNearestDetailDDSFile@BSFaceGenManager@@SAPBDAAV?$BSStringT@D@@W4SEX@@EPBD@Z
0x00251DF9|BSFaceGenManager::GetAsNIFFile|T2|1|?GetAsNIFFile@BSFaceGenManager@@SAPBDAAV?$BSStringT@D@@PBD@Z
0x002527E8|BSFaceGenManager::LoadEGTData|T2|1|?LoadEGTData@BSFaceGenManager@@SA_NPAVBSFaceGenModel@@@Z
0x002533F0|BSFaceGenManager::MergeFaceGenCoord|T2|1|?MergeFaceGenCoord@BSFaceGenManager@@SAXPAY111$$CBV?$FR2MatrixVTC@M@@0PAY111V2@_NM@Z
0x0025392D|BSFaceGenManager::OffsetFaceGenCoord|T2|1|?OffsetFaceGenCoord@BSFaceGenManager@@SAXPAY111$$CBV?$FR2MatrixVTC@M@@0PAY111V2@_N@Z
0x00253A10|BSFaceGenManager::GetAsNIFFileLowLOD|T2|1|?GetAsNIFFileLowLOD@BSFaceGenManager@@SAPBDAAV?$BSStringT@D@@PBD@Z
0x00253C40|BSFaceGenManager::AttachEyesToHead|T2|3|?AttachEyesToHead@BSFaceGenManager@@SAXAAPAVBSFaceGenNiNode@@0AAUFaceGenNpcData@@_N@Z
0x00253CF0|BGSBodyPartData::ValidateData|T2|1|?ValidateData@BGSBodyPartData@@QAA_NXZ
0x00253D70|TESNPC::SwapEyes|T2|1|?SwapEyes@TESNPC@@QAAXPAVTESEyes@@@Z
0x00254318|BSFaceGenManager::PrepareHeadForShaders|T1|6|?PrepareHeadForShaders@BSFaceGenManager@@SAXPAVBSFaceGenNiNode@@AAUFaceGenNpcData@@@Z
0x002546C0|ActorValueInfo::GetDefaultPath|T2|1|?GetDefaultPath@ActorValueInfo@@UBAPADXZ
0x00255201|BSFaceGenManager::SetFaceCoordValue|T2|1|?SetFaceCoordValue@BSFaceGenManager@@SAXPAY111V?$FR2MatrixVTC@M@@W4FanTypeE@@W4FanSymmE@@KM@Z
0x00255270|TESLoadScreen::GetDefaultPath|T2|1|?GetDefaultPath@TESLoadScreen@@QAAPADXZ
0x00255320|BSFaceGenManager::QueueHeadParts|T2|2|?QueueHeadParts@BSFaceGenManager@@SAXPAVTESNPC@@W4IO_TASK_PRIORITY@@PAVQueuedFile@@@Z
0x00255488|TESTexture::GetDefaultPath|T2|1|?GetDefaultPath@TESTexture@@UBAPADXZ
0x002558B0|TESNPC::SetAge|T2|1|?SetAge@TESNPC@@QAAXH@Z
0x00256443|FR2MatrixVTC<float>::RowT::operator[]|T2|1|??ARowT@?$FR2MatrixVTC@M@@QBAAAMI@Z
0x0025660B|FR2MatrixVTC<float>::operator*|T2|1|??D?$FR2MatrixVTC@M@@QBA?AV0@ABV0@@Z
0x0025673B|FR2MatrixVTC<float>::operator-|T2|1|??G?$FR2MatrixVTC@M@@QBA?AV0@ABV0@@Z
0x00257DD0|BSFaceGenModelMeshData::~BSFaceGenModelMeshData|T2|1|??1BSFaceGenModelMeshData@@QAA@XZ
0x00258090|BSFaceGenModel::LoadModelMesh|T2|1|?LoadModelMesh@BSFaceGenModel@@QAA_NPBD00W4HAIR_PART@@_N@Z
0x0025880D|BSFaceGenModel::ApplyCoordinateTexturingToMesh|T2|1|?ApplyCoordinateTexturingToMesh@BSFaceGenModel@@QAA_NPAY111$$CBV?$FR2MatrixVTC@M@@AAV?$NiPointer@VNiTexture@@@@I@Z
0x00258930|BSFaceGenModel::ForceLoadModelTexture|T2|1|?ForceLoadModelTexture@BSFaceGenModel@@QAAXXZ
0x002599D0|BSFaceGenModel::LoadEGMData|T2|1|?LoadEGMData@BSFaceGenModel@@QAA_NXZ
0x0025A281|BSFaceGenModel::LoadEGTData|T2|1|?LoadEGTData@BSFaceGenModel@@QAA_NXZ
0x0025A4C0|BSFaceGenModel::LoadModelTexture|T2|1|?LoadModelTexture@BSFaceGenModel@@QAA_NPBD@Z
0x0025D6E0|>::_Xlen|T2|1|?_Xlen@?$vector@V?$vector@USFrondGuide@@V?$allocator@USFrondGuide@@@std@@@std@@V?$allocator@V?$vector@USFrondGuide@@V?$allocator@USFrondGuide@@@std@@@std@@@2@@std@@IBAXXZ
0x0025F9A0|BSFaceGenMorphDataHead::BSFaceGenMorphDataHead|T2|1|??0BSFaceGenMorphDataHead@@QAA@PAUFffTriFileDataS@@@Z
0x00260250|BSFaceGenMorphDataHair::BSFaceGenMorphDataHair|T2|1|??0BSFaceGenMorphDataHair@@QAA@PAUFffTriFileDataS@@@Z
0x00261D90|NiString::ToBool|T2|2|?ToBool@NiString@@QAA_NAA_N@Z
0x00261DE0|D3DXShader::CAssembler::Token|T2|2|?Token@CAssembler@D3DXShader@@IAAHXZ
0x00261F04|XGRAPHICS::PrintIL|T2|2|?PrintIL@XGRAPHICS@@YAXPAIPBDPAVCompiler@1@@Z
0x00262030|BSFaceGenNiNode::GetViewerStrings|T2|6|?GetViewerStrings@BSFaceGenNiNode@@UAAXPAV?$NiTPrimitiveArray@PAD@@@Z
0x00262460|BSFaceGenNiNode::FixSkinInstances|T2|1|?FixSkinInstances@BSFaceGenNiNode@@UAAXPAVNiNode@@_N@Z
0x002628C0|BSTreeManager::Create|T2|1|?Create@BSTreeManager@@SAX_N@Z
0x00262A10|BSTreeManager::CreateTreeForReference|T2|1|?CreateTreeForReference@BSTreeManager@@QAAPAVBSTreeNode@@PAVTESObjectREFR@@PAVTESObjectTREE@@@Z
0x00262FB6|BSTreeManager::GetModelArray|T2|1|?GetModelArray@BSTreeManager@@QAAPAV?$NiPointer@VBSTreeModel@@@@PAVTESObjectTREE@@@Z
0x002636C1|BSTreeManager::GetCanopyShadow|T2|2|?GetCanopyShadow@BSTreeManager@@SAPAVNiTexture@@XZ
0x0026394D|BSTreeManager::ClearCanopyShadow|T2|1|?ClearCanopyShadow@BSTreeManager@@SAXXZ
0x00263D10|*>::LockFreeMapInterface::SetAt|T2|1|?SetAt@LockFreeMapInterface@?$LockFreeMap@PAVPathingRequest@@PAVPathingTaskData@@@@QAA_NIPAVPathingRequest@@ABQAVPathingTaskData@@_N@Z
0x00264C61|BSTreeModel::ApplyBaseObject|T2|2|?ApplyBaseObject@BSTreeModel@@UAAXPAVTESObjectTREE@@@Z
0x00267846|BSTreeModel::CreateBillboardGeometry|T2|1|?CreateBillboardGeometry@BSTreeModel@@IAAXPAVTESObjectTREE@@@Z
0x00268008|BSTreeModel::CreateArt|T2|1|?CreateArt@BSTreeModel@@UAAPAVBSTreeNode@@M@Z
0x002687C2|BSTreeModel::InitAsInstance|T2|1|?InitAsInstance@BSTreeModel@@QAA_NPAV1@@Z
0x00268D47|BSTreeModel::InitFromBase|T2|2|?InitFromBase@BSTreeModel@@QAA_NPAVTESObjectTREE@@I@Z
0x00269FB0|BSTreeNode::UpdateDownwardPass|T2|1|?UpdateDownwardPass@BSTreeNode@@UAAXAAVNiUpdateData@@I@Z
0x0026A0A6|BSTreeNode::UpdateSelectedDownwardPass|T2|1|?UpdateSelectedDownwardPass@BSTreeNode@@UAAXAAVNiUpdateData@@I@Z
0x0026B20C|BSTreeNode::MakeHavokLeaves|T2|1|?MakeHavokLeaves@BSTreeNode@@QAAXPAVCSpeedTreeRT@@M@Z
0x0026B9E9|BSTreeNode::GetViewerStrings|T2|3|?GetViewerStrings@BSTreeNode@@UAAXPAV?$NiTPrimitiveArray@PAD@@@Z
0x0026CB40|ActorValue::GetItemWeaponTypeBadge|T1|5|?GetItemWeaponTypeBadge@ActorValue@@SAPBDW4Index@1@@Z
0x0026D3A0|ActorValue::RegisterActorValues|T3|17|?RegisterActorValues@ActorValue@@SAXXZ
0x0026DF40|ActorValueInfo::ActorValueInfo|T2|1|??0ActorValueInfo@@QAA@W4Index@ActorValue@@PAD@Z
0x00270D57|TESPackage::GetSearchLocationCoord|T2|1|?GetSearchLocationCoord@TESPackage@@QAA?BVNiPoint3@@PAVMobileObject@@@Z
0x00272B70|TESPackage::InitItem|T1|2|?InitItem@TESPackage@@UAAXXZ
0x002753B4|TESPackage::IsActorAtRefTarget|T2|1|?IsActorAtRefTarget@TESPackage@@UAA_NPAVMobileObject@@H@Z
0x00275FCB|TESPackage::CalculateProcedureType|T2|1|?CalculateProcedureType@TESPackage@@QAAXPAVTESObjectREFR@@@Z
0x002770C5|TESPackage::GetSearchLocationRadius|T2|1|?GetSearchLocationRadius@TESPackage@@QAAIPAVMobileObject@@@Z
0x0027713F|TESPackage::GetSaveSize|T1|2|?GetSaveSize@TESPackage@@UAAGXZ
0x0027728D|TESPackage::LoadGame|T2|1|?LoadGame@TESPackage@@UAAXPAVBGSLoadFormBuffer@@@Z
0x002772F8|TESPackage::SaveGame|T2|3|?SaveGame@TESPackage@@UAAXXZ
0x00277364|TESPackage::GetSearchLocationCell|T2|1|?GetSearchLocationCell@TESPackage@@QAAPAVTESObjectCELL@@PAVMobileObject@@@Z
0x002774C9|TESPackage::GetOrCreateUseWeaponPackageData|T2|1|?GetOrCreateUseWeaponPackageData@TESPackage@@QAAPAVTESUseWeaponPackageData@@XZ
0x00277697|TESPackage::LoadGame|T2|4|?LoadGame@TESPackage@@UAAXXZ
0x0027C330|PackageEventAction::InitItem|T2|2|?InitItem@PackageEventAction@@QAAXPAVTESForm@@@Z
0x0027C690|PackageList::InitItem|T2|1|?InitItem@PackageList@@QAAXPAVTESForm@@@Z
0x0027CB40|PackageList::FindCurrentPackage|T2|1|?FindCurrentPackage@PackageList@@QAAPAVTESPackage@@PAVActor@@@Z
0x0027D8B0|PackageLocation::InitItem|T2|3|?InitItem@PackageLocation@@QAAXPAVTESForm@@@Z
0x0027E4A0|PackageTarget::InitItem|T2|3|?InitItem@PackageTarget@@QAAXPAVTESForm@@@Z
0x0027FF70|TESConditionItem::InitItem|T2|2|?InitItem@TESConditionItem@@QAAXPAVTESForm@@@Z
0x002801A0|TESParameters::InitItem|T2|1|?InitItem@TESParameters@@SAXPAVTESForm@@PAUFUNCTION_DATA@@@Z
0x0028762E|BSTempEffectGeometryDecal::LoadGame|T2|7|?LoadGame@BSTempEffectGeometryDecal@@UAA_NXZ
0x00287C79|BSTempEffectParticle::GetSaveSize|T1|2|?GetSaveSize@BSTempEffectParticle@@UAAGXZ
0x00287FD3|BSTempEffectParticle::SaveGame|T2|2|?SaveGame@BSTempEffectParticle@@UAAXXZ
0x00288590|BSTempEffectParticle::LoadGame|T2|3|?LoadGame@BSTempEffectParticle@@UAA_NXZ
0x00289423|BSTempEffectSimpleDecal::PreloadDecalData|T2|1|?PreloadDecalData@BSTempEffectSimpleDecal@@SAXXZ
0x00289C5B|BSTempEffectSimpleDecal::ProcessGeometry|T2|1|?ProcessGeometry@BSTempEffectSimpleDecal@@QAA_NPAVNiAVObject@@@Z
0x0028A595|BSTempEffectSimpleDecal::FinalizeGeometry|T2|1|?FinalizeGeometry@BSTempEffectSimpleDecal@@QAA_NXZ
0x0028B301|BSTempEffectSimpleDecal::ClipMesh|T2|1|?ClipMesh@BSTempEffectSimpleDecal@@QAAXPAVNiAVObject@@@Z
0x0028BC72|BSTempEffectSimpleDecal::ClipPolygonAgainstPlane|T2|1|?ClipPolygonAgainstPlane@BSTempEffectSimpleDecal@@SAHPAVNiPlane@@HPBHPBVNiPoint3@@2PAHPAV3@4@Z
0x0028C054|BSTempEffectSimpleDecal::CreateDebugBox|T2|1|?CreateDebugBox@BSTempEffectSimpleDecal@@QAAXAAVNiColorA@@_N@Z
0x0028E45E|NavMesh::CheckNavMesh|T2|7|?CheckNavMesh@NavMesh@@QAA_N_N@Z
0x002909B0|NavMesh::CreateGroupData|T2|1|?CreateGroupData@NavMesh@@UAAXPAUFORM@@PAUFORM_GROUP@@@Z
0x00290DF0|NavMesh::Load|T2|2|?Load@NavMesh@@UAA_NPAVTESFile@@@Z
0x00291FB0|NavMesh::GetFormDetailedString|T2|1|?GetFormDetailedString@NavMesh@@UAAXAAV?$BSStringT@D@@@Z
0x002925B0|NavMesh::SetDisableNavMesh|T2|2|?SetDisableNavMesh@NavMesh@@SA_NI_N@Z
0x002B3DE0|NavMeshInfoMap::RemoveInfoFromCellKeyMap|T2|1|?RemoveInfoFromCellKeyMap@NavMeshInfoMap@@AAAXPAVNavMeshInfo@@@Z
0x002B4590|NavMeshInfoMap::InitItem|T2|1|?InitItem@NavMeshInfoMap@@UAAXXZ
0x002B56FE|NavMeshInfoMap::CheckMap|T2|2|?CheckMap@NavMeshInfoMap@@QAAXXZ
0x002BE580|NavMeshObstacleManager::NavMeshObstacleManager|T1|4|??0NavMeshObstacleManager@@QAA@XZ
0x002BE770|NavMeshObstacleManager::UpdateObstaclesForReference|T2|1|?UpdateObstaclesForReference@NavMeshObstacleManager@@AAAXIPAVTESObjectREFR@@@Z
0x002C1760|NavMeshObstacleManager::Update|T1|2|?Update@NavMeshObstacleManager@@QAAXXZ
0x002C19BD|NavMeshObstacleManager::GetProcessedTaskCount|T2|1|?GetProcessedTaskCount@NavMeshObstacleManager@@AAAIXZ
0x002C1C70|NavMeshObstacleManager::ForceUpdateAllObstacles|T2|1|?ForceUpdateAllObstacles@NavMeshObstacleManager@@QAAXXZ
0x002C1DD0|NavMeshObstacleManager::ReconnectPortals|T2|1|?ReconnectPortals@NavMeshObstacleManager@@AAA_NXZ
0x002C3440|NavMeshObstacleManager::AddProcessedTask|T2|1|?AddProcessedTask@NavMeshObstacleManager@@QAAXPAVObstacleTaskData@@@Z
0x002C44D0|*>::LockFreeMapInterface::SetAt|T2|1|?SetAt@LockFreeMapInterface@?$LockFreeMap@PAVTESObjectREFR@@PAVBSTreeNode@@@@QAA_NIPAVTESObjectREFR@@ABQAVBSTreeNode@@_N@Z
0x002C47E0|>::LockFreeMapInterface::SetAt|T2|1|?SetAt@LockFreeMapInterface@?$LockFreeMap@PAVTESObjectREFR@@V?$NiPointer@VQueuedHelmet@@@@@@QAA_NIPAVTESObjectREFR@@ABV?$NiPointer@VQueuedHelmet@@@@_N@Z
0x002C4EC0|>::LockFreeMapInterface::SetAt|T2|1|?SetAt@LockFreeMapInterface@?$LockFreeMap@PAVTESObjectREFR@@V?$NiPointer@VQueuedReference@@@@@@QAA_NIPAVTESObjectREFR@@ABV?$NiPointer@VQueuedReference@@@@_N@Z
0x002C5460|*>::LockFreeMapInterface::SetAt|T2|1|?SetAt@LockFreeMapInterface@?$LockFreeMap@PBDPAVKFModel@@@@QAA_NIPBDABQAVKFModel@@_N@Z
0x002C56C4|*>::LockFreeMapInterface::SetAt|T2|1|?SetAt@LockFreeMapInterface@?$LockFreeMap@PBDPAVLoadedFile@@@@QAA_NIPBDABQAVLoadedFile@@_N@Z
0x002C5B20|ObstacleTaskData::AddOperation|T2|1|?AddOperation@ObstacleTaskData@@QAA_NABV?$NiPointer@VObstacleData@@@@W4OBSTACLE_TASK_TYPE@@@Z
0x002C61B0|ObstacleTaskData::SortOperationsFunction|T2|1|?SortOperationsFunction@ObstacleTaskData@@SAHPBX0@Z
0x002CEB14|Pathing::BuildPath|T2|1|?BuildPath@Pathing@@SA_NPAVPathingRequest@@PAVPathingSolution@@@Z
0x002CEC40|Pathing::BuildPathToSafeStraightLine|T2|1|?BuildPathToSafeStraightLine@Pathing@@SA_NPAVPathingRequestSafeStraightLine@@PAVPathingSolution@@@Z
0x002CF340|Pathing::BuildTeleportDoorPath|T2|1|?BuildTeleportDoorPath@Pathing@@SA_NABVPathingLocation@@0PAVTeleportPath@@W4TELEPORT_DOOR_PATH_RESTRICTION@1@MPAVActorLockData@@W4DOOR_LOCK_DISPOSITION@1@@Z
0x002CF6A0|Pathing::CheckArc|T2|1|?CheckArc@Pathing@@SA_NPAVNavMesh@@GHAAUSphere@@UAngleSinCosArc@@PAUFastNavMeshEdgeLocation@@PAUFastNavMeshTriLocation@@PAUCheckLineOfSightFilter@1@@Z
0x002CFC9D|Pathing::ComputeApproxPathLengthFromInfoSearchResults|T2|1|?ComputeApproxPathLengthFromInfoSearchResults@Pathing@@SAMAAVPathingLocation@@0AAV?$BSSimpleArray@PBVNavMeshInfo@@$0EAA@@@AAV?$BSSimpleArray@PAVTESObjectREFR@@$0EAA@@@@Z
0x002D00A0|Pathing::ComputeApproximatePathingDistance|T2|1|?ComputeApproximatePathingDistance@Pathing@@SA_NAAVPathingLocation@@0PAVPathingAvoidNodeArray@@PAMPAV?$BSSimpleArray@UNavMeshSearchNode@@$0EAA@@@@Z
0x002D0420|Pathing::FindClosestPointOnNavmesh|T2|1|?FindClosestPointOnNavmesh@Pathing@@SA_NPAVTESWorldSpace@@PAVTESObjectCELL@@ABVNiPoint3@@PAV4@@Z
0x002D10AA|Pathing::FindFirstDoorToGoal|T2|1|?FindFirstDoorToGoal@Pathing@@SA_NAAVPathingLocation@@0AAVActorLockData@@AAPAVTESObjectREFR@@W4DOOR_LOCK_DISPOSITION@1@PAM@Z
0x002D2DD2|Pathing::FindSafeStraightLinePathPoint|T2|1|?FindSafeStraightLinePathPoint@Pathing@@SA_NPAVTESObjectREFR@@0MAAVNiPoint3@@@Z
0x002D5320|Pathing::GetNavMeshZForLocation|T2|1|?GetNavMeshZForLocation@Pathing@@SA_NAAVPathingLocation@@AAM@Z
0x002DCAA6|PathingLocation::PrintDebugText|T2|2|?PrintDebugText@PathingLocation@@QBAXPADH@Z
0x002E0D20|PathingRequest::PrintDebugText|T2|7|?PrintDebugText@PathingRequest@@UBAXPAVIDebugText@@@Z
0x002E0DEB|D3D::Disassembler::PrintYieldAndPredicateClean|T2|2|?PrintYieldAndPredicateClean@Disassembler@D3D@@AAAXHH_N@Z
0x002E0E80|XGRAPHICS::OutStream::PrintOpcode|T2|1|?PrintOpcode@OutStream@XGRAPHICS@@QAAXPBD@Z
0x002E0ED0|D3DXShader::CUAssembler::Token|T2|2|?Token@CUAssembler@D3DXShader@@IAAHXZ
0x002E0F20|XGRAPHICS::ShaderPDBBuilder::WriteVariableDebugInfo|T1|2|?WriteVariableDebugInfo@ShaderPDBBuilder@XGRAPHICS@@AAAXPAVStream@2@PAV?$FastVector@UVariableDebugInfo@XGRAPHICS@@@2@K@Z
0x002E11F0|PathingRequest::CreatePathingRequest|T2|1|?CreatePathingRequest@PathingRequest@@SAPAV1@W4PATHING_REQUEST_TYPE@@@Z
0x002E81C8|PathingTaskData::Setup|T2|1|?Setup@PathingTaskData@@QAAXABV?$NiPointer@VPathingRequest@@@@V?$NiPointer@VActorPathingMessageQueue@@@@@Z
0x002E93C0|PathManagerImpl::Resume|T2|1|?Resume@PathManagerImpl@@QAAXXZ
0x002E9470|PathManagerImpl::CancelCurrentPathsAndPause|T2|1|?CancelCurrentPathsAndPause@PathManagerImpl@@QAAXXZ
0x002E9700|PathManagerImpl::ClearInventoryPointersFromCurrentRequests|T2|1|?ClearInventoryPointersFromCurrentRequests@PathManagerImpl@@QAAXPAVInventoryChanges@@@Z
0x002E9830|PathManager::PathManager|T2|1|??0PathManager@@QAA@XZ
0x002E997A|PathManagerImpl::Update|T2|1|?Update@PathManagerImpl@@QAAXXZ
0x002EA780|*>::LockFreeMapInterface::SetAt|T2|1|?SetAt@LockFreeMapInterface@?$LockFreeMap@PBDPAVModel@@@@QAA_NIPBDABQAVModel@@_N@Z
0x002F3280|BGSDistantObjectBlock::BGSDistantObjectBlock|T2|1|??0BGSDistantObjectBlock@@QAA@PAVBGSTerrainNode@@HFF_N@Z
0x002F3632|BGSDistantObjectBlock::BuildBlockFileName|T2|1|?BuildBlockFileName@BGSDistantObjectBlock@@SAXPADPAVTESWorldSpace@@HFF@Z
0x002F36D0|BGSDistantObjectBlock::BuildBlockFileNamePA|T2|1|?BuildBlockFileNamePA@BGSDistantObjectBlock@@SAXPADPAVTESWorldSpace@@HFF@Z
0x002F397D|BGSDistantObjectBlock::BuildStingerBlockFileNameHighPriority|T2|1|?BuildStingerBlockFileNameHighPriority@BGSDistantObjectBlock@@SAXPADPAVTESWorldSpace@@HFF@Z
0x002F4320|BGSDistantObjectBlockLoadTask::Run|T2|1|?Run@BGSDistantObjectBlockLoadTask@@UAAXXZ
0x002F43EF|BGSDistantObjectBlock::SwitchToHigh|T2|1|?SwitchToHigh@BGSDistantObjectBlock@@QAAXPAVTESWorldSpace@@HFF@Z
0x002F45C0|BGSDistantObjectBlock::SwitchToLow|T2|1|?SwitchToLow@BGSDistantObjectBlock@@QAAXPAVTESWorldSpace@@HFF@Z
0x002F5370|BGSDistantObjectBlock::TriggerApocalypse|T2|1|?TriggerApocalypse@BGSDistantObjectBlock@@QAAXPAVTESWorldSpace@@HFF@Z
0x002F55F0|BGSDistantObjectBlockLoadTask::GetDescription|T2|1|?GetDescription@BGSDistantObjectBlockLoadTask@@UAA_NPADI@Z
0x002F58E0|BGSDistantTreeBlock::AllocateStaticData|T2|3|?AllocateStaticData@BGSDistantTreeBlock@@SAXPAVTESWorldSpace@@@Z
0x002F5AF0|BGSDistantTreeBlock::Attach|T2|1|?Attach@BGSDistantTreeBlock@@QAAXXZ
0x002F6520|BGSDistantTreeBlock::AddTree|T1|2|?AddTree@BGSDistantTreeBlock@@QAAXIABUInstanceData@1@@Z
0x002F68CA|BGSDistantTreeBlock::BuildBlockFileName|T2|1|?BuildBlockFileName@BGSDistantTreeBlock@@SAXPADPAVTESWorldSpace@@HFF@Z
0x002F6C01|BGSDistantTreeBlockLoadTask::Finish|T2|1|?Finish@BGSDistantTreeBlockLoadTask@@UAAXXZ
0x002F6CEC|BGSDistantTreeBlock::Read|T2|1|?Read@BGSDistantTreeBlock@@QAAXPAVNiFile@@@Z
0x002F6FB0|BGSDistantTreeBlock::ReadTypes|T2|1|?ReadTypes@BGSDistantTreeBlock@@SAXPAVNiFile@@@Z
0x002F76B0|BGSDistantTreeBlockLoadTask::GetDescription|T2|1|?GetDescription@BGSDistantTreeBlockLoadTask@@UAA_NPADI@Z
0x002F831D|BGSTerrainChunk::OnLoadFinished|T2|1|?OnLoadFinished@BGSTerrainChunk@@QAAXXZ
0x002F8B40|BGSTerrainChunk::BuildChunkFileName|T2|1|?BuildChunkFileName@BGSTerrainChunk@@SAXPADPAVTESWorldSpace@@HFF@Z
0x002F8C40|BGSTerrainChunk::BuildChunkNormalTextureFileName|T2|1|?BuildChunkNormalTextureFileName@BGSTerrainChunk@@SAXPADPAVTESWorldSpace@@HFF@Z
0x002F8D3D|BGSTerrainChunk::GetTexture|T2|1|?GetTexture@BGSTerrainChunk@@QAAPAVNiTexture@@W4ChunkTextureType@1@@Z
0x002F9D60|BGSTerrainChunkLoadTask::Run|T2|1|?Run@BGSTerrainChunkLoadTask@@UAAXXZ
0x002FA210|BGSTerrainChunkLoadTask::Finish|T2|1|?Finish@BGSTerrainChunkLoadTask@@UAAXXZ
0x002FA420|BGSTerrainChunkLoadTask::GetDescription|T2|1|?GetDescription@BGSTerrainChunkLoadTask@@UAA_NPADI@Z
0x002FA561|BGSTerrainManager::UnloadAll|T2|1|?UnloadAll@BGSTerrainManager@@QAAXXZ
0x002FB3D0|BGSTerrainNode::UpdateBlockVisibility|T2|1|?UpdateBlockVisibility@BGSTerrainNode@@QAAX_N@Z
0x002FBAE0|BGSTerrainNode::UpdateBlocks|T2|1|?UpdateBlocks@BGSTerrainNode@@QAAXABVNiPoint3@@_N@Z
0x002FC020|BGSTerrainNode::UpdateTerrain|T2|1|?UpdateTerrain@BGSTerrainNode@@QAAXABVNiPoint3@@_N@Z
0x002FC381|BGSTerrainNode::UpdateTrees|T2|1|?UpdateTrees@BGSTerrainNode@@QAAXABVNiPoint3@@@Z
0x002FE510|BGSMenuPacker::DumpInfo|T1|4|?DumpInfo@BGSMenuPacker@@QAAXXZ
0x002FEA10|FaderManager::AddRoot|T2|1|?AddRoot@FaderManager@@QAAXPAVNiNode@@M_N@Z
0x002FEE90|FaderManager::CreateFader|T2|1|?CreateFader@FaderManager@@QAAXW4FADER_ENUM@@M_N@Z
0x002FF210|FaderManager::UpdateFaders|T2|1|?UpdateFaders@FaderManager@@QAAX_N@Z
0x002FF772|HotKeysWheel::Initialize|T2|2|?Initialize@HotKeysWheel@@QAAXPAVTile@@@Z
0x002FF8F0|HotKeysWheel::UpdateHotkeyList|T2|2|?UpdateHotkeyList@HotKeysWheel@@QAAXXZ
0x003002A0|Interface::QueueMenuCreate|T2|1|?QueueMenuCreate@Interface@@SAXW4OPEN_REQUEST@1@PAVTESObjectREFR@@PAVTESTopic@@PAVMobileObject@@W4CONTAINER_MENU_MODE@1@_N@Z
0x00300300|Interface::SaveGame|T2|1|?SaveGame@Interface@@SAXPAVBGSSaveGameBuffer@@@Z
0x00303310|Interface::ShowMessage|T2|1|?ShowMessage@Interface@@SA_NPBDH00M_N@Z
0x00303350|Interface::ShowSubtitle|T2|1|?ShowSubtitle@Interface@@SA_NPBDVBSSoundHandle@@VNiPoint3@@PAVTESObjectREFR@@_N@Z
0x00305210|Interface::FindTextReplacementString|T2|3|?FindTextReplacementString@Interface@@SA_NPBDPADI_N@Z
0x00305640|Interface::TestConstantForGameSettings|T2|2|?TestConstantForGameSettings@Interface@@SA_NPBDPAD@Z
0x00305D90|Interface::InitializeTabline|T2|1|?InitializeTabline@Interface@@SAXPAVTile@@HPBDZZ
0x00306FB0|NavMeshSearchFlee::DrawSearch|T2|1|?DrawSearch@NavMeshSearchFlee@@QAAXHAAV?$NiPointer@VNiNode@@@@@Z
0x003070A0|TESObjectREFR::SetScale|T2|1|?SetScale@TESObjectREFR@@QAAXM@Z
0x00307820|Script::GetPlayerName|T2|1|?GetPlayerName@Script@@SA_NPBUSCRIPT_PARAMETER@@PBDPAVTESObjectREFR@@2PAV1@PAVScriptLocals@@AANAAI@Z
0x00307930|Tile::GetTypeName|T2|1|?GetTypeName@Tile@@UAAPBDXZ
0x00307990|TileRect::GetTypeName|T2|1|?GetTypeName@TileRect@@UAAPBDXZ
0x00307AD0|TileMenu::GetTypeName|T2|1|?GetTypeName@TileMenu@@UAAPBDXZ
0x00308D22|InterfaceManager::InterfaceManager|T2|1|??0InterfaceManager@@QAA@XZ
0x00309196|InterfaceManager::Init|T1|2|?Init@InterfaceManager@@AAAX_N@Z
0x00309344|InterfaceManager::InitSecond|T2|1|?InitSecond@InterfaceManager@@AAAXXZ
0x003096AF|TileImage::GetTypeName|T2|1|?GetTypeName@TileImage@@UAAPBDXZ
0x0030C327|InterfaceManager::Idle|T2|2|?Idle@InterfaceManager@@QAAXXZ
0x0030D150|InterfaceManager::UpdatePipboy|T2|1|?UpdatePipboy@InterfaceManager@@QAAXXZ
0x0030F412|InterfaceManager::DisplayCurrentPickRef|T2|5|?DisplayCurrentPickRef@InterfaceManager@@QAAXXZ
0x0030F690|BGSSaveLoadFile::GetFileName|T2|1|?GetFileName@BGSSaveLoadFile@@QAAPBDXZ
0x003112BA|InterfaceManager::CreateSceneGraph|T2|1|?CreateSceneGraph@InterfaceManager@@AAAPAVSceneGraph@@PAV2@PBD_N@Z
0x00312E60|InterfaceManager::AddToEnterStack|T2|1|?AddToEnterStack@InterfaceManager@@QAAHH@Z
0x00316FDC|SystemColorManager::SystemColorManager|T2|6|??0SystemColorManager@@IAA@XZ
0x00317230|SystemColorManager::SystemColor::SystemColor|T2|1|??0SystemColor@SystemColorManager@@QAA@PBDI@Z
0x00318BF0|*>::NumUnfiltered|T2|1|?NumUnfiltered@?$ListBox@PAVBGSQuestObjective@@@@QBAIXZ
0x00318E90|*>::SetTotalListHeight|T1|2|?SetTotalListHeight@?$ListBox@PAVTESRecipe@@@@IAAXXZ
0x00318EE0|*>::NumUnfiltered|T2|1|?NumUnfiltered@?$ListBox@PAVBGSSaveLoadFileEntry@@@@QBAIXZ
0x00319DE0|D3DXShader::CUAssembler::DecodeOpcode|T2|1|?DecodeOpcode@CUAssembler@D3DXShader@@IAAHPAUD3DXTOKEN@2@@Z
0x0031A571|MenuConsole::Idle|T3|6|?Idle@MenuConsole@@QAA_NH@Z
0x0031BAFD|MenuConsole::DumpTextures|T2|1|?DumpTextures@MenuConsole@@QAAXXZ
0x0031BBE9|EffectItem::Load|T2|1|?Load@EffectItem@@QAA_NPAVTESFile@@PBD@Z
0x0031BDB4|MenuConsole::IsMenuTexture|T2|1|?IsMenuTexture@MenuConsole@@QAA_NPAVNiSourceTexture@@@Z
0x0031F436|*>::NumUnfiltered|T2|1|?NumUnfiltered@?$ListBox@PAVItemChange@@@@QBAIXZ
0x0031FBC0|*>::NumUnfiltered|T2|1|?NumUnfiltered@?$ListBox@PAVOption@StartMenu@@@@QBAIXZ
0x0031FE24|*>::GetHighlightTarget|T1|2|?GetHighlightTarget@?$ListBox@PAVTESQuest@@@@UBAPAVTile@@W4enumGamepadButtons@Interface@@@Z
0x00320360|*>::NumUnfiltered|T2|1|?NumUnfiltered@?$ListBox@PAVTESChallenge@@@@QBAIXZ
0x00320CF8|*>::GetHighlightTarget|T2|2|?GetHighlightTarget@?$ListBox@PAVTESChallenge@@@@UBAPAVTile@@W4enumGamepadButtons@Interface@@@Z
0x0032130D|*>::NumUnfiltered|T2|1|?NumUnfiltered@?$ListBox@PAVTESConditionItem@@@@QBAIXZ
0x00321ABD|*>::NumUnfiltered|T2|1|?NumUnfiltered@?$ListBox@PAVTESObjectREFR@@@@QBAIXZ
0x00322880|ActorValue::Index>::UpdateHighlightBoxPos|T2|6|?UpdateHighlightBoxPos@?$ListBox@W4Index@ActorValue@@@@IAAXXZ
0x00323030|*>::UpdateHighlightBoxPos|T2|4|?UpdateHighlightBoxPos@?$ListBox@PAUPerkRankData@@@@IAAXXZ
0x00323294|*>::UpdateHighlightBoxPos|T2|4|?UpdateHighlightBoxPos@?$ListBox@PAUTERMINAL_MENU_ITEM@@@@IAAXXZ
0x00323661|*>::SetTotalListHeight|T2|2|?SetTotalListHeight@?$ListBox@PAVTESChallenge@@@@IAAXXZ
0x00323820|*>::UpdateHighlightBoxPos|T2|5|?UpdateHighlightBoxPos@?$ListBox@PAVTESReputation@@@@IAAXXZ
0x00323AC0|*>::SetTotalListHeight|T1|2|?SetTotalListHeight@?$ListBox@PAVTESRecipeComponent@@@@IAAXXZ
0x00323F30|MiscStatManager::MiscStatID>::UpdateHighlightBoxPos|T2|6|?UpdateHighlightBoxPos@?$ListBox@W4MiscStatID@MiscStatManager@@@@IAAXXZ
0x003241D0|ListBox<int>::GetHighlightTarget|T2|1|?GetHighlightTarget@?$ListBox@H@@UBAPAVTile@@W4enumGamepadButtons@Interface@@@Z
0x00324430|*>::UpdateHighlightBoxPos|T2|4|?UpdateHighlightBoxPos@?$ListBox@PAVBGSNote@@@@IAAXXZ
0x00324800|*>::SetTotalListHeight|T2|2|?SetTotalListHeight@?$ListBox@PAVTESConditionItem@@@@IAAXXZ
0x00324930|*>::NumUnfiltered|T2|1|?NumUnfiltered@?$ListBox@PAVTESQuest@@@@QBAIXZ
0x00324981|*>::NumUnfiltered|T2|1|?NumUnfiltered@?$ListBox@PAVTESRecipe@@@@QBAIXZ
0x00324DD0|*>::NumUnfiltered|T2|1|?NumUnfiltered@?$ListBox@PAVBGSPerk@@@@QBAIXZ
0x00326070|RecipeMenu::DoEnter|T2|2|?DoEnter@RecipeMenu@@UAAXHPAVTile@@@Z
0x003269D0|RecipeMenu::ItemSelectCallback|T1|2|?ItemSelectCallback@RecipeMenu@@CAXH@Z
0x00326F00|RecipeMenu::RecipeMenu|T1|2|??0RecipeMenu@@QAA@XZ
0x00327680|Interface::PopulateItemStatsDisplay|T3|2|?PopulateItemStatsDisplay@Interface@@SAXPAVItemChange@@PAVTile@@@Z
0x003281E3|*>::NumUnfiltered|T2|1|?NumUnfiltered@?$ListBox@PAVTESRecipeComponent@@@@QBAIXZ
0x0032828A|int>::GetHighlightTarget|T2|1|?GetHighlightTarget@?$ListBox@I@@UBAPAVTile@@W4enumGamepadButtons@Interface@@@Z
0x003283B1|*>::GetHighlightTarget|T2|1|?GetHighlightTarget@?$ListBox@PAUPerkRankData@@@@UBAPAVTile@@W4enumGamepadButtons@Interface@@@Z
0x0032851D|*>::GetHighlightTarget|T2|1|?GetHighlightTarget@?$ListBox@PAUStatusEffect@StatsMenu@@@@UBAPAVTile@@W4enumGamepadButtons@Interface@@@Z
0x00328587|StartMenu::StartMenu|T2|1|??0StartMenu@@IAA@XZ
0x0032860D|ListBox<int>::Highlight|T2|1|?Highlight@?$ListBox@H@@UAA_NPAVTile@@@Z
0x003286BA|*>::RestoreListState|T1|2|?RestoreListState@?$ListBox@PAVItemChange@@@@QAAX_N@Z
0x00328DA0|*>::NumUnfiltered|T2|1|?NumUnfiltered@?$ListBox@PAVTESReputation@@@@QBAIXZ
0x00329101|*>::GetHighlightTarget|T1|2|?GetHighlightTarget@?$ListBox@PAVTESRecipe@@@@UBAPAVTile@@W4enumGamepadButtons@Interface@@@Z
0x00329190|int>::Highlight|T2|1|?Highlight@?$ListBox@I@@UAA_NPAVTile@@@Z
0x003296F9|*>::GetHighlightTarget|T2|2|?GetHighlightTarget@?$ListBox@PAVTESConditionItem@@@@UBAPAVTile@@W4enumGamepadButtons@Interface@@@Z
0x003297FE|*>::GetHighlightTarget|T2|1|?GetHighlightTarget@?$ListBox@PAUTERMINAL_MENU_ITEM@@@@UBAPAVTile@@W4enumGamepadButtons@Interface@@@Z
0x003298A5|*>::Highlight|T2|1|?Highlight@?$ListBox@PAUPerkRankData@@@@UAA_NPAVTile@@@Z
0x003298E6|*>::Highlight|T2|1|?Highlight@?$ListBox@PAUStatusEffect@StatsMenu@@@@UAA_NPAVTile@@@Z
0x00329970|*>::Highlight|T2|1|?Highlight@?$ListBox@PAUTERMINAL_MENU_ITEM@@@@UAA_NPAVTile@@@Z
0x00329BCD|ActorValue::Index>::NumUnfiltered|T2|1|?NumUnfiltered@?$ListBox@W4Index@ActorValue@@@@QBAIXZ
0x0032A250|*>::SetTotalListHeight|T2|2|?SetTotalListHeight@?$ListBox@PAVTESObjectREFR@@@@IAAXXZ
0x0032A701|*>::UpdateHighlightBoxPos|T2|6|?UpdateHighlightBoxPos@?$ListBox@PAVTESRecipeComponent@@@@IAAXXZ
0x0032A890|*>::Highlight|T2|1|?Highlight@?$ListBox@PAVBGSNote@@@@UAA_NPAVTile@@@Z
0x0032ABA0|*>::UpdateHighlightBoxPos|T2|4|?UpdateHighlightBoxPos@?$ListBox@PAVBGSPerk@@@@IAAXXZ
0x0032ACCD|*>::SetTotalListHeight|T1|2|?SetTotalListHeight@?$ListBox@PAVTESReputation@@@@IAAXXZ
0x0032AD54|MiscStatManager::MiscStatID>::NumUnfiltered|T2|1|?NumUnfiltered@?$ListBox@W4MiscStatID@MiscStatManager@@@@QBAIXZ
0x0032ADD0|int>::Remove|T2|1|?Remove@?$ListBox@I@@IAA_NPAV?$BSSimpleList@PAU?$ListBoxItem@I@@@@0@Z
0x0032B2E0|BarterMenu::BarterMenu|T2|4|??0BarterMenu@@QAA@XZ
0x0032B47D|BarterMenu::Create|T2|2|?Create@BarterMenu@@SAPAVTile@@PAVTESObjectREFR@@H@Z
0x0032B9F0|BarterMenu::DoClick|T1|3|?DoClick@BarterMenu@@UAAXHPAVTile@@@Z
0x0032BC30|BarterMenu::UpdateCapsLabels|T2|1|?UpdateCapsLabels@BarterMenu@@AAAXXZ
0x0032D3E6|BarterMenu::InitFunc|T2|3|?InitFunc@BarterMenu@@CAXPAVTile@@PAVItemChange@@@Z
0x0032D6C0|RecipeMenu::PopulateItemStatsDisplay|T2|2|?PopulateItemStatsDisplay@RecipeMenu@@QAAXPAVTESForm@@PAVTile@@@Z
0x0032E1E4|BarterMenu::CompleteTransaction|T2|1|?CompleteTransaction@BarterMenu@@AAAXXZ
0x0032E6C0|BarterMenu::FilterModeFunc|T2|1|?FilterModeFunc@BarterMenu@@CA_NPAVItemChange@@@Z
0x0032ED00|*>::Remove|T2|1|?Remove@?$ListBox@PAVBGSSaveLoadFileEntry@@@@IAA_NPAV?$BSSimpleList@PAU?$ListBoxItem@PAVBGSSaveLoadFileEntry@@@@@@0@Z
0x0032EFE4|*>::GetHighlightTarget|T1|2|?GetHighlightTarget@?$ListBox@PAVTESRecipeComponent@@@@UBAPAVTile@@W4enumGamepadButtons@Interface@@@Z
0x0032F070|*>::GetHighlightTarget|T2|1|?GetHighlightTarget@?$ListBox@PAVBGSNote@@@@UBAPAVTile@@W4enumGamepadButtons@Interface@@@Z
0x0032F210|*>::Highlight|T2|1|?Highlight@?$ListBox@PAVBGSPerk@@@@UAA_NPAVTile@@@Z
0x0032F25A|*>::Highlight|T2|1|?Highlight@?$ListBox@PAVBGSQuestObjective@@@@UAA_NPAVTile@@@Z
0x0032F4B0|*>::RestoreListState|T1|2|?RestoreListState@?$ListBox@PAVTESRecipe@@@@QAAX_N@Z
0x0032F680|BlackJackMenu::BlackJackMenu|T2|1|??0BlackJackMenu@@QAA@XZ
0x003303D4|BlackJackMenu::InitCasinoData|T2|4|?InitCasinoData@BlackJackMenu@@AAA_NXZ
0x00330690|BlackJackMenu::~BlackJackMenu|T2|3|??1BlackJackMenu@@UAA@XZ
0x00331360|BlackJackMenu::Prepare3DElements|T2|9|?Prepare3DElements@BlackJackMenu@@AAAXXZ
0x00332664|BlackJackMenu::DoClick|T2|1|?DoClick@BlackJackMenu@@UAAXHPAVTile@@@Z
0x00333366|SlotMachineMenu::DoIdle|T2|3|?DoIdle@SlotMachineMenu@@UAAXXZ
0x003363D5|BlackJackMenu::UpdateCardAlpha|T2|6|?UpdateCardAlpha@BlackJackMenu@@AAAXXZ
0x0033653B|BlackJackMenu::ResetCardAlpha|T2|3|?ResetCardAlpha@BlackJackMenu@@AAAXXZ
0x00337789|BlackJackMenu::SwapCardTextures|T2|3|?SwapCardTextures@BlackJackMenu@@AAAXHHPAUCardData@1@@Z
0x00337AE8|BlackJackMenu::ClearDeckHighlight|T2|1|?ClearDeckHighlight@BlackJackMenu@@AAAXXZ
0x00337B1E|BlackJackMenu::HighlightSelectedDeck|T2|1|?HighlightSelectedDeck@BlackJackMenu@@AAAXXZ
0x00338C30|CombatState::DisplayDebugText|T2|1|?DisplayDebugText@CombatState@@QAAXPAVIDebugText@@I@Z
0x00338E76|BookMenu::Create|T2|1|?Create@BookMenu@@SAPAVTile@@PAVTESObjectBOOK@@PAVTESObjectREFR@@@Z
0x0033953F|BookMenu::UseWorkbook|T2|1|?UseWorkbook@BookMenu@@QAAXXZ
0x00339798|CaravanAIPackage::Print_WhatIsHeThinking|T2|1|?Print_WhatIsHeThinking@CaravanAIPackage@@QAAXPAV?$BSSimpleArray@PAVTESCaravanCard@@$0EAA@@@@Z
0x00339970|CaravanMenu::CaravanMenu|T1|2|??0CaravanMenu@@QAA@XZ
0x0033A7A5|CaravanMenu::~CaravanMenu|T2|13|??1CaravanMenu@@UAA@XZ
0x0033AE20|CaravanMenu::PrepareShared3DElements|T2|2|?PrepareShared3DElements@CaravanMenu@@AAAXXZ
0x0033B2F0|CaravanMenu::PrepareAnteMenu|T2|3|?PrepareAnteMenu@CaravanMenu@@AAAXXZ
0x0033BFDA|CaravanMenu::PrepareDeckMenu|T3|4|?PrepareDeckMenu@CaravanMenu@@AAAXXZ
0x0033C870|DebugTextMagic::RenderPage|T2|1|?RenderPage@DebugTextMagic@@UAAXPAVIDebugText@@H@Z
0x0033DF89|CaravanMenu::PrepareGameMenu|T3|4|?PrepareGameMenu@CaravanMenu@@AAAXXZ
0x0033EE00|CaravanMenu::PrepareResultsMenu|T2|2|?PrepareResultsMenu@CaravanMenu@@AAAXXZ
0x0033F367|*>::ScrollToHighlight|T2|1|?ScrollToHighlight@?$ListBox@PAVTESObjectREFR@@@@UAAXXZ
0x00345520|*>::ScrollToHighlight|T2|1|?ScrollToHighlight@?$ListBox@PAVTESQuest@@@@UAAXXZ
0x00346338|*>::ScrollToHighlight|T2|1|?ScrollToHighlight@?$ListBox@PAVTESConditionItem@@@@UAAXXZ
0x00346805|CaravanMenu::DoGamepad|T2|3|?DoGamepad@CaravanMenu@@UAA_NHM@Z
0x003490A2|CaravanMenu::UpdateBettingUI|T2|2|?UpdateBettingUI@CaravanMenu@@AAAXHH@Z
0x00349CA9|CaravanMenu::SwapDeckBuildingTextures|T2|5|?SwapDeckBuildingTextures@CaravanMenu@@AAAXH_N@Z
0x0034A557|TESSaveLoadGame::ConvertPCSaveGames|T2|1|?ConvertPCSaveGames@TESSaveLoadGame@@QAA_NXZ
0x0034AE3E|Sky::ReloadAllTextures|T2|1|?ReloadAllTextures@Sky@@QAAXXZ
0x0034B299|CaravanMenu::UpdateDealCardTexture|T2|2|?UpdateDealCardTexture@CaravanMenu@@AAAX_N@Z
0x0034B3A8|XGRAPHICS::GetVerReg|T2|1|?GetVerReg@XGRAPHICS@@YA_NHPADH@Z
0x0034B41E|SlotMachineMenu::InitializeCasinoData|T2|2|?InitializeCasinoData@SlotMachineMenu@@AAA_NXZ
0x0034B9C6|BSFaceGenManager::CreateFaceGenHead|T2|1|?CreateFaceGenHead@BSFaceGenManager@@SA_NAAPAVBSFaceGenNiNode@@0AAUFaceGenNpcData@@_N@Z
0x0034BA26|BSFaceGenManager::AttachHairToHead|T2|1|?AttachHairToHead@BSFaceGenManager@@SAXAAPAVBSFaceGenNiNode@@0AAUFaceGenNpcData@@_N@Z
0x0034BD0B|CaravanMenu::UpdateGameHandTextures|T2|2|?UpdateGameHandTextures@CaravanMenu@@AAAX_N0@Z
0x0034C40B|CaravanMenu::UpdateTrackCardTexture|T2|3|?UpdateTrackCardTexture@CaravanMenu@@AAAXHHH@Z
0x0034C5DE|CaravanMenu::SelectDeckCard|T1|2|?SelectDeckCard@CaravanMenu@@AAAX_N@Z
0x0034CA0E|CaravanMenu::SelectTrackCard|T2|2|?SelectTrackCard@CaravanMenu@@AAAXHH@Z
0x0034CC13|CaravanMenu::UpdateSelectedTrackCardTexture|T2|2|?UpdateSelectedTrackCardTexture@CaravanMenu@@AAAXXZ
0x0034DBD6|CaravanMenu::LoadNewCoin|T1|2|?LoadNewCoin@CaravanMenu@@AAAXH@Z
0x0034DD11|CaravanMenu::LoadNewBill|T2|1|?LoadNewBill@CaravanMenu@@AAAXH@Z
0x00351762|LevelUpMenu::LevelUpMenu|T2|5|??0LevelUpMenu@@QAA@XZ
0x00351BE6|CharGenMenu::InitSkillList|T2|1|?InitSkillList@CharGenMenu@@AAAXXZ
0x003526AA|CharGenMenu::SetDisplayString|T2|1|?SetDisplayString@CharGenMenu@@AAAXPAVTile@@@Z
0x00353070|CompanionWheelMenu::Create|T2|4|?Create@CompanionWheelMenu@@SAPAVTile@@PAVActor@@@Z
0x0035319D|TraitSelectMenu::Create|T1|2|?Create@TraitSelectMenu@@SAPAVTile@@XZ
0x00354145|CompanionWheelMenu::Do_ToggleNearFar|T2|1|?Do_ToggleNearFar@CompanionWheelMenu@@QAAXXZ
0x003542A8|CompanionWheelMenu::Do_ToggleAggressivePassive|T1|3|?Do_ToggleAggressivePassive@CompanionWheelMenu@@QAAXXZ
0x003543C0|CompanionWheelMenu::Do_ToggleRangedMelee|T2|1|?Do_ToggleRangedMelee@CompanionWheelMenu@@QAAXXZ
0x00354460|CompanionWheelMenu::Do_ToggleStayFollow|T1|2|?Do_ToggleStayFollow@CompanionWheelMenu@@QAAXXZ
0x00355448|CombatPlan::DisplayDebugText|T2|1|?DisplayDebugText@CombatPlan@@QAAXPAVIDebugText@@W4DEBUGTEXT_LOCATION@@W4DEBUGTEXT_JUSTIFY@@@Z
0x00355A00|ComputersMenu::ComputersMenu|T2|1|??0ComputersMenu@@AAA@XZ
0x00355D14|ComputersMenu::Create|T2|2|?Create@ComputersMenu@@SAPAVTile@@PAVTESObjectREFR@@@Z
0x00356631|ComputersMenu::FlashCursor|T2|1|?FlashCursor@ComputersMenu@@QAAXXZ
0x00356930|*>::Highlight|T2|1|?Highlight@?$ListBox@PAVBGSSaveLoadFileEntry@@@@UAA_NPAVTile@@@Z
0x00356960|D3DXShader::CParse::CombineStrings|T2|1|?CombineStrings@CParse@D3DXShader@@IAAPAVCNode@2@PAV32@0@Z
0x003569F5|ComputersMenu::DisplayTerminal|T1|2|?DisplayTerminal@ComputersMenu@@QAAX_N@Z
0x00356C5E|NiActorManager::Create|T2|1|?Create@NiActorManager@@SAPAV1@PAVNiKFMTool@@PBD_N2PAVNiStream@@@Z
0x00356D71|ComputersMenu::DisplayIntro|T2|1|?DisplayIntro@ComputersMenu@@QAAXXZ
0x0035762A|*>::Highlight|T2|1|?Highlight@?$ListBox@PAVItemChange@@@@UAA_NPAVTile@@@Z
0x003577F0|*>::Highlight|T2|1|?Highlight@?$ListBox@PAVOption@StartMenu@@@@UAA_NPAVTile@@@Z
0x00357DF8|ComputersMenu::AnimatingTextManager::Update|T2|2|?Update@AnimatingTextManager@ComputersMenu@@QAAXXZ
0x00358170|MiscStatManager::MiscStatID>::Initialize|T2|1|?Initialize@?$ListBox@W4MiscStatID@MiscStatManager@@@@QAAXPAVTile@@PBD@Z
0x00358606|*>::Remove|T2|1|?Remove@?$ListBox@PAVItemChange@@@@IAA_NPAV?$BSSimpleList@PAU?$ListBoxItem@PAVItemChange@@@@@@0@Z
0x00358680|*>::Highlight|T2|1|?Highlight@?$ListBox@PAVTESChallenge@@@@UAA_NPAVTile@@@Z
0x003587C4|*>::GetHighlightTarget|T2|1|?GetHighlightTarget@?$ListBox@PAVBGSPerk@@@@UBAPAVTile@@W4enumGamepadButtons@Interface@@@Z
0x00358A60|*>::Highlight|T2|1|?Highlight@?$ListBox@PAVTESConditionItem@@@@UAA_NPAVTile@@@Z
0x00358B88|*>::Highlight|T2|1|?Highlight@?$ListBox@PAVTESObjectREFR@@@@UAA_NPAVTile@@@Z
0x00358E2D|*>::UpdateHighlightBoxPos|T2|4|?UpdateHighlightBoxPos@?$ListBox@PAVBGSQuestObjective@@@@IAAXXZ
0x00358FE0|*>::GetHighlightTarget|T2|1|?GetHighlightTarget@?$ListBox@PAVBGSQuestObjective@@@@UBAPAVTile@@W4enumGamepadButtons@Interface@@@Z
0x003590C0|ListBox<int>::RemoveAll|T2|1|?RemoveAll@?$ListBox@H@@UAAXXZ
0x00359540|ContainerMenu::Create|T2|1|?Create@ContainerMenu@@SAPAVTile@@PAVTESObjectREFR@@W4CONTAINER_MENU_MODE@Interface@@@Z
0x00359B5A|ContainerMenu::Close|T2|1|?Close@ContainerMenu@@SAXXZ
0x00359C47|ContainerMenu::PlayContainerSound|T2|1|?PlayContainerSound@ContainerMenu@@AAAXPAVTESObjectREFR@@_N@Z
0x00359D80|ContainerMenu::InitContainerMode|T1|2|?InitContainerMode@ContainerMenu@@AAAXXZ
0x0035A0D0|ContainerMenu::DoClick|T2|1|?DoClick@ContainerMenu@@UAAXHPAVTile@@@Z
0x0035A72D|Interface::GetControlPushTextFor|T2|1|?GetControlPushTextFor@Interface@@SAXHPAD_N@Z
0x0035C189|ContainerMenu::ItemSelectCallback|T1|2|?ItemSelectCallback@ContainerMenu@@CAXH@Z
0x0035C995|ContainerMenu::FilterModeFunc|T2|1|?FilterModeFunc@ContainerMenu@@CA_NPAVItemChange@@@Z
0x0035CB23|ContainerMenu::DisplayContainerMenuSubtitle|T2|1|?DisplayContainerMenuSubtitle@ContainerMenu@@AAAXV?$BSStringT@D@@VBSSoundHandle@@@Z
0x0035CFC0|ContainerMenu::DoIdle|T2|1|?DoIdle@ContainerMenu@@UAAXXZ
0x0035E889|CreditsMenu::InitCreditsRoot|T2|1|?InitCreditsRoot@CreditsMenu@@AAAXXZ
0x0035F200|CreditsMenu::CreateImage|T2|1|?CreateImage@CreditsMenu@@AAAPAVNiNode@@PAV?$BSStringT@D@@HHM@Z
0x0035FF70|DialogMenu::Create|T2|6|?Create@DialogMenu@@SAPAVTile@@PAVMobileObject@@PAVTESTopic@@0@Z
0x003605DD|DialogMenu::Close|T2|1|?Close@DialogMenu@@SAXXZ
0x003611A9|DialogMenu::GetCurrTopicName|T2|1|?GetCurrTopicName@DialogMenu@@SAPBDXZ
0x00361238|MenuGameSettings::GetDamagedByPlayerBodyPartMessage|T2|1|?GetDamagedByPlayerBodyPartMessage@MenuGameSettings@@SAXW4Index@ActorValue@@PAD1H@Z
0x003613F0|DialogMenu::LoadNextScreen|T2|2|?LoadNextScreen@DialogMenu@@AAA?AW4DialogState@1@_N@Z
0x00361E2E|DialogMenu::LoadTopicsList|T2|4|?LoadTopicsList@DialogMenu@@AAAXXZ
0x003628C0|int>::RemoveAll|T2|1|?RemoveAll@?$ListBox@I@@UAAXXZ
0x00362A61|*>::Highlight|T2|1|?Highlight@?$ListBox@PAVTESQuest@@@@UAA_NPAVTile@@@Z
0x00362D24|*>::GetHighlightTarget|T1|2|?GetHighlightTarget@?$ListBox@PAVTESReputation@@@@UBAPAVTile@@W4enumGamepadButtons@Interface@@@Z
0x003634CD|*>::UpdateHighlightBoxPos|T2|4|?UpdateHighlightBoxPos@?$ListBox@PAUStatusEffect@StatsMenu@@@@IAAXXZ
0x003638B0|HackingMenu::HackingMenu|T1|3|??0HackingMenu@@AAA@XZ
0x00364E40|D3DXShader::CPreProcessor::DoInclude|T2|1|?DoInclude@CPreProcessor@D3DXShader@@IAAJXZ
0x00364EF0|NiD3DUtility::GetFilePath|T2|1|?GetFilePath@NiD3DUtility@@SA_NPBDPADI@Z
0x00365210|TESObjectCELL::GetLocalMapTexturePath|T2|1|?GetLocalMapTexturePath@TESObjectCELL@@QAAXAAV?$BSStringT@D@@@Z
0x00365340|Tile::PrintAllNames|T2|1|?PrintAllNames@Tile@@QAAXH@Z
0x003653F0|HackingMenu::DoClick|T2|1|?DoClick@HackingMenu@@UAAXHPAVTile@@@Z
0x003654F0|D3D::Disassembler::PrintOpcode|T2|1|?PrintOpcode@Disassembler@D3D@@AAAXPBD_N@Z
0x00365622|SleepWaitMenu::DoIdle|T2|1|?DoIdle@SleepWaitMenu@@UAAXXZ
0x0036661F|HackingMenu::Prepare|T2|1|?Prepare@HackingMenu@@QAAXI@Z
0x00366C68|HackingMenu::MakePasswordFile|T2|2|?MakePasswordFile@HackingMenu@@QAAXXZ
0x00366F3E|HackingMenu::Create|T2|1|?Create@HackingMenu@@SAPAVTile@@PAVTESObjectREFR@@@Z
0x00367421|BlackJackMenu::UpdateEarningsString|T2|1|?UpdateEarningsString@BlackJackMenu@@AAAXXZ
0x00367A68|HackingMenu::DoInGame|T2|1|?DoInGame@HackingMenu@@QAAXXZ
0x00367EF0|HackingMenu::DoIntro|T2|1|?DoIntro@HackingMenu@@QAAXXZ
0x00368764|HackingMenu::TransitionToComputersMenu|T2|1|?TransitionToComputersMenu@HackingMenu@@QAAXXZ
0x00368A4E|HackingMenu::FlashCursor|T2|1|?FlashCursor@HackingMenu@@QAAXXZ
0x00368E2D|HackingMenu::MakeGuessBlock|T2|1|?MakeGuessBlock@HackingMenu@@QAAXXZ
0x00369469|HackingMenu::TerminalIO::TerminalIO|T2|1|??0TerminalIO@HackingMenu@@QAA@PBDPAVTile@@0HE@Z
0x00369AAD|QuestUpdateManager::SetCustomQuestText|T2|2|?SetCustomQuestText@QuestUpdateManager@@SAXPBD0W4HUD_CUSTOM_QUEST_QUEUE_PRIORITY@1@W4HUD_CUSTOM_QUEST_TEXT_JUSTIFICATION@1@W4FONTS@@30@Z
0x0036C547|HUDMainMenu::Create|T3|13|?Create@HUDMainMenu@@SAPAVTile@@XZ
0x0036EC18|HUDMainMenu::DoIdle|T2|1|?DoIdle@HUDMainMenu@@UAAXXZ
0x00370714|VATSMenu::UpdateAmmo|T2|1|?UpdateAmmo@VATSMenu@@IAA_NXZ
0x00370C89|HUDMainMenu::SetRegionText|T2|1|?SetRegionText@HUDMainMenu@@SAXABUHUDRegionData@1@@Z
0x00370DA1|HUDMainMenu::SetWorldspaceText|T2|1|?SetWorldspaceText@HUDMainMenu@@SAXPBD@Z
0x00372AA0|HUDMainMenu::UpdateMeter|T1|3|?UpdateMeter@HUDMainMenu@@SAXPAVTile@@0MMW4HUD_JUSTIFY@1@H@Z
0x003735B0|HUDMainMenu::ShowMessage|T1|4|?ShowMessage@HUDMainMenu@@QAA_NPBDW4HUD_MESSAGE_EMOTION@1@00M_N@Z
0x00375029|Tile::PrintTile|T2|1|?PrintTile@Tile@@QAAX_N0@Z
0x00375D20|HUDMainMenu::SetActionButtonIcon|T2|1|?SetActionButtonIcon@HUDMainMenu@@SAXPAVTile@@@Z
0x003760F7|HUDMainMenu::SetInfoForRef|T2|2|?SetInfoForRef@HUDMainMenu@@SA_NPAVTESObjectREFR@@_N1@Z
0x00376214|ItemChange::GetValueforMenu|T2|1|?GetValueforMenu@ItemChange@@QAAPBDH_N0PAVActor@@0@Z
0x0037790A|HUDMainMenu::UpdateCompass|T2|3|?UpdateCompass@HUDMainMenu@@SAXPAVTile@@000@Z
0x003791EE|HUDMainMenu::UpdateQuestText|T2|1|?UpdateQuestText@HUDMainMenu@@IAAXXZ
0x003798B8|HUDMainMenu::HandleReminderFade|T2|5|?HandleReminderFade@HUDMainMenu@@IAAXPAVTile@@@Z
0x0037A1F2|HUDMainMenu::HandleCinematicFade|T2|1|?HandleCinematicFade@HUDMainMenu@@IAAXPAVTile@@@Z
0x0037A579|HUDMainMenu::UpdateXPMeter|T2|2|?UpdateXPMeter@HUDMainMenu@@IAAXXZ
0x0037C170|HUDMainMenu::UpdateHotkeysWheel|T1|3|?UpdateHotkeysWheel@HUDMainMenu@@QAAXXZ
0x0037CD91|HUDMainMenu::ShowCrippledGuy|T1|2|?ShowCrippledGuy@HUDMainMenu@@QAAXXZ
0x0037DA30|HUDMainMenu::KillQuestObjectives|T1|2|?KillQuestObjectives@HUDMainMenu@@IAAXXZ
0x0037DAF5|InventoryMenu::InventoryMenu|T1|4|??0InventoryMenu@@QAA@XZ
0x0037DD92|InventoryMenu::Create|T2|1|?Create@InventoryMenu@@SAPAVTile@@XZ
0x0037E088|SleepWaitMenu::SleepWaitMenu|T2|1|??0SleepWaitMenu@@QAA@XZ
0x0037E8A5|InventoryMenu::DoClick|T1|2|?DoClick@InventoryMenu@@UAAXHPAVTile@@@Z
0x0037F5C0|InventoryMenu::DoEnter|T2|1|?DoEnter@InventoryMenu@@UAAXHPAVTile@@@Z
0x0037FDBD|InventoryMenu::DoIdle|T1|2|?DoIdle@InventoryMenu@@UAAXXZ
0x003808F1|InventoryMenu::InitFunc|T2|2|?InitFunc@InventoryMenu@@CAXPAVTile@@PAVItemChange@@@Z
0x00380DEE|InventoryMenu::UpdateInventoryMenu|T2|3|?UpdateInventoryMenu@InventoryMenu@@SAXXZ
0x00381486|ItemModMenu::ItemModMenu|T1|3|??0ItemModMenu@@QAA@XZ
0x0038159A|ItemModMenu::Create|T1|2|?Create@ItemModMenu@@SAPAVTile@@XZ
0x0038209B|ItemModMenu::DoEnter|T2|1|?DoEnter@ItemModMenu@@UAAXHPAVTile@@@Z
0x00382AF2|CharGenMenu::CharGenMenu|T2|3|??0CharGenMenu@@QAA@XZ
0x00382F7C|LevelUpMenu::Create|T2|3|?Create@LevelUpMenu@@SAPAVTile@@XZ
0x00383640|LevelUpMenu::InitLists|T2|1|?InitLists@LevelUpMenu@@AAAXXZ
0x003836D0|TraitMenu::InitLists|T2|1|?InitLists@TraitMenu@@AAAXXZ
0x00383810|ContainerMenu::InitFunc|T2|1|?InitFunc@ContainerMenu@@CAXPAVTile@@PAVItemChange@@@Z
0x003838A0|LevelUpMenu::SetCurrentPage|T2|1|?SetCurrentPage@LevelUpMenu@@AAAXW4PageIndex@1@@Z
0x00383E91|LevelUpMenu::DoIdle|T2|1|?DoIdle@LevelUpMenu@@UAAXXZ
0x003843C5|TraitMenu::PerkUpdateFunc|T2|2|?PerkUpdateFunc@TraitMenu@@CAXPAVTile@@W4Index@ActorValue@@@Z
0x00384469|LevelUpMenu::PerkUpdateFunc|T2|1|?PerkUpdateFunc@LevelUpMenu@@CAXPAVTile@@W4Index@ActorValue@@@Z
0x003847A0|TraitMenu::SetDisplayString|T2|1|?SetDisplayString@TraitMenu@@AAAXPAVTile@@@Z
0x00384B80|ActorValue::Index>::RestoreListState|T1|2|?RestoreListState@?$ListBox@W4Index@ActorValue@@@@QAAX_N@Z
0x00385180|*>::RemoveAll|T2|1|?RemoveAll@?$ListBox@PAUPerkRankData@@@@UAAXXZ
0x00385280|*>::Highlight|T2|1|?Highlight@?$ListBox@PAVTESRecipe@@@@UAA_NPAVTile@@@Z
0x003852EB|*>::GetHighlightTarget|T2|1|?GetHighlightTarget@?$ListBox@PAVBGSSaveLoadFileEntry@@@@UBAPAVTile@@W4enumGamepadButtons@Interface@@@Z
0x003853AB|*>::GetHighlightTarget|T2|1|?GetHighlightTarget@?$ListBox@PAVItemChange@@@@UBAPAVTile@@W4enumGamepadButtons@Interface@@@Z
0x0038552C|*>::Highlight|T2|1|?Highlight@?$ListBox@PAVTESRecipeComponent@@@@UAA_NPAVTile@@@Z
0x00385773|*>::ScrollToHighlight|T2|2|?ScrollToHighlight@?$ListBox@PAVTESReputation@@@@UAAXXZ
0x00385AA0|*>::RemoveAll|T2|1|?RemoveAll@?$ListBox@PAUStatusEffect@StatsMenu@@@@UAAXXZ
0x00385C3D|*>::Highlight|T2|1|?Highlight@?$ListBox@PAVTESReputation@@@@UAA_NPAVTile@@@Z
0x00386027|*>::UpdateHighlightBoxPos|T2|4|?UpdateHighlightBoxPos@?$ListBox@PAVBGSSaveLoadFileEntry@@@@IAAXXZ
0x00386192|*>::GetHighlightTarget|T2|1|?GetHighlightTarget@?$ListBox@PAVOption@StartMenu@@@@UBAPAVTile@@W4enumGamepadButtons@Interface@@@Z
0x003861CA|ListBox<int>::SetTotalListHeight|T2|1|?SetTotalListHeight@?$ListBox@H@@IAAXXZ
0x00387760|LoadingMenu::_Create|T1|3|?_Create@LoadingMenu@@IAAXPAVTESForm@@@Z
0x003881D0|LoadingMenu::Update|T2|3|?Update@LoadingMenu@@IAAXXZ
0x003886B2|LoadingMenu::MakeLoadScreenList|T2|2|?MakeLoadScreenList@LoadingMenu@@QAAXXZ
0x003899C4|LoadingMenu::CalcLoadScreenTypeTextWindowFaces|T2|1|?CalcLoadScreenTypeTextWindowFaces@LoadingMenu@@QAAXPBULoadScreenType_Data@@@Z
0x0038B3F0|LoadingMenuThread::LoadingMenuThread|T2|1|??0LoadingMenuThread@@IAA@XZ
0x0038B9B0|LockPickMenu::LockPickMenu|T2|1|??0LockPickMenu@@QAA@XZ
0x0038BF80|LockPickMenu::Create|T2|4|?Create@LockPickMenu@@SAPAVTile@@PAVTESObjectREFR@@H_N@Z
0x0038C634|LockPickMenu::Prepare3DElements|T2|2|?Prepare3DElements@LockPickMenu@@AAAXXZ
0x0038E080|LockPickMenu::DoIdle|T2|3|?DoIdle@LockPickMenu@@UAAXXZ
0x0038E53D|LockPickMenu::DoClick|T1|2|?DoClick@LockPickMenu@@UAAXHPAVTile@@@Z
0x0038EB50|LockPickMenu::RotateLockpick|T2|1|?RotateLockpick@LockPickMenu@@AAAXXZ
0x0038F3C1|LockPickMenu::CreateSweetSpot|T2|1|?CreateSweetSpot@LockPickMenu@@AAAXXZ
0x0038F687|LoveTesterMenu::Create|T2|1|?Create@LoveTesterMenu@@SAXH@Z
0x0039004E|LoveTesterMenu::CloseCallback|T1|2|?CloseCallback@LoveTesterMenu@@SAXPAVLoveTesterButton@1@ZZ
0x003901CD|LoveTesterMenu::DecreaseActorValue|T2|1|?DecreaseActorValue@LoveTesterMenu@@SAXPAVLoveTesterButton@1@ZZ
0x00390A9D|LoveTesterMenu::Close|T1|2|?Close@LoveTesterMenu@@SAXXZ
0x003928E0|SurgeryMenu::Create3DCamera|T2|1|?Create3DCamera@SurgeryMenu@@CAPAVNiCamera@@XZ
0x00392C27|LoveTesterMenu::DoClick|T2|2|?DoClick@LoveTesterMenu@@UAAXHPAVTile@@@Z
0x00393977|LoveTesterMenu::DecreaseCurrentActorValue|T2|1|?DecreaseCurrentActorValue@LoveTesterMenu@@SAXPAVLoveTesterButton@1@ZZ
0x00393CDB|SPECIALBookMenu::DecreaseActorValue|T2|1|?DecreaseActorValue@SPECIALBookMenu@@SAXPAVSpecialBookButton@1@ZZ
0x00393D91|LoveTesterMenu::TurnPage|T1|2|?TurnPage@LoveTesterMenu@@IAA_N_N@Z
0x003941F1|TESSaveLoadGame::RetrieveSaveGameDataOLD|T2|1|?RetrieveSaveGameDataOLD@TESSaveLoadGame@@QAAXPAVBSFile@@PAIPAD2PAU_FILETIME@@2@Z
0x003945F0|LoveTesterMenu::LoadButtonAndTextImages|T2|8|?LoadButtonAndTextImages@LoveTesterMenu@@QAAXXZ
0x003948D0|MapMenu::MapMenu|T1|3|??0MapMenu@@QAA@XZ
0x003965AC|MapMenu::CalculatePlayerMarkerSpace|T2|1|?CalculatePlayerMarkerSpace@MapMenu@@IAAPAVTESWorldSpace@@VNiPoint3@@@Z
0x00396B90|MapMenu::StopNoteSound|T2|1|?StopNoteSound@MapMenu@@IAAXXZ
0x00397232|MapMenu::DoEnter|T2|1|?DoEnter@MapMenu@@UAAXHPAVTile@@@Z
0x00397382|int>::SetTotalListHeight|T2|1|?SetTotalListHeight@?$ListBox@I@@IAAXXZ
0x0039738C|TraitSelectMenu::DoIdle|T2|1|?DoIdle@TraitSelectMenu@@UAAXXZ
0x003973CA|*>::ScrollToHighlight|T2|1|?ScrollToHighlight@?$ListBox@PAVTESRecipe@@@@UAAXXZ
0x003974AE|MapMenu::LoadChallenge|T2|2|?LoadChallenge@MapMenu@@IAAXPAVTESChallenge@@@Z
0x0039755D|*>::SetTotalListHeight|T2|1|?SetTotalListHeight@?$ListBox@PAUPerkRankData@@@@IAAXXZ
0x003975DD|*>::ScrollToHighlight|T2|1|?ScrollToHighlight@?$ListBox@PAVTESRecipeComponent@@@@UAAXXZ
0x00397681|MapMenu::LoadNote|T2|3|?LoadNote@MapMenu@@IAAXPAVBGSNote@@@Z
0x00397BE1|MapMenu::DoGamepad|T1|3|?DoGamepad@MapMenu@@UAA_NHM@Z
0x00398B51|MapMenu::UpdatePlayingSounds|T2|2|?UpdatePlayingSounds@MapMenu@@IAAXXZ
0x00398E5D|MapMenu::UpdateMenu|T2|4|?UpdateMenu@MapMenu@@SAXXZ
0x003993D0|MapMenu::UpdateNotes|T2|1|?UpdateNotes@MapMenu@@IAAXXZ
0x0039959D|MapMenu::ToggleNotesChallengeMode|T2|1|?ToggleNotesChallengeMode@MapMenu@@IAAX_N@Z
0x00399A09|ActorValue::Index>::Highlight|T2|1|?Highlight@?$ListBox@W4Index@ActorValue@@@@UAA_NPAVTile@@@Z
0x0039A2FE|MapMenu::UpdateWaveform|T1|3|?UpdateWaveform@MapMenu@@IAAXXZ
0x0039BB45|MapMenu::UpdateLocalMap|T1|3|?UpdateLocalMap@MapMenu@@IAAXXZ
0x0039CFA4|MapMenu::AddQuestMarkers|T2|2|?AddQuestMarkers@MapMenu@@IAAXXZ
0x0039D067|MapMenu::UpdateWorldMap|T2|1|?UpdateWorldMap@MapMenu@@IAAXXZ
0x0039D5B5|MapMenu::CreatePlayerMarker|T2|2|?CreatePlayerMarker@MapMenu@@IAAXXZ
0x0039DD9D|MapMenu::AddDebugMapPoint|T2|1|?AddDebugMapPoint@MapMenu@@SAXVNiPoint3@@PAVTESWorldSpace@@VNiColor@@@Z
0x0039DF95|MapMenu::CreateWaypointPath|T2|1|?CreateWaypointPath@MapMenu@@IAAXPAVTESObjectREFR@@0PAVTeleportPath@@H@Z
0x003A0631|*>::GetHighlightTarget|T2|2|?GetHighlightTarget@?$ListBox@PAVTESObjectREFR@@@@UBAPAVTile@@W4enumGamepadButtons@Interface@@@Z
0x003A071B|MiscStatManager::MiscStatID>::Highlight|T2|1|?Highlight@?$ListBox@W4MiscStatID@MiscStatManager@@@@UAA_NPAVTile@@@Z
0x003A0787|ListBox<int>::IsEnabled|T2|1|?IsEnabled@?$ListBox@H@@QBA_NXZ
0x003A0FB4|*>::RemoveAll|T2|1|?RemoveAll@?$ListBox@PAUTERMINAL_MENU_ITEM@@@@UAAXXZ
0x003A114A|int>::IsEnabled|T2|1|?IsEnabled@?$ListBox@I@@QBA_NXZ
0x003A11AA|*>::IsEnabled|T2|1|?IsEnabled@?$ListBox@PAUPerkRankData@@@@QBA_NXZ
0x003A1399|*>::SetTotalListHeight|T2|1|?SetTotalListHeight@?$ListBox@PAUStatusEffect@StatsMenu@@@@IAAXXZ
0x003A1450|*>::IsEnabled|T2|1|?IsEnabled@?$ListBox@PAUStatusEffect@StatsMenu@@@@QBA_NXZ
0x003A1490|*>::IsEnabled|T2|1|?IsEnabled@?$ListBox@PAUTERMINAL_MENU_ITEM@@@@QBA_NXZ
0x003A1562|*>::IsEnabled|T2|1|?IsEnabled@?$ListBox@PAVBGSNote@@@@QBA_NXZ
0x003A164C|TraitSelectMenu::ScrollForm|T1|2|?ScrollForm@TraitSelectMenu@@QAAXM@Z
0x003A1D60|*>::RemoveAll|T2|1|?RemoveAll@?$ListBox@PAVBGSNote@@@@UAAXXZ
0x003A1DBB|*>::RemoveAll|T2|1|?RemoveAll@?$ListBox@PAVBGSPerk@@@@UAAXXZ
0x003A2070|*>::IsEnabled|T2|1|?IsEnabled@?$ListBox@PAVBGSPerk@@@@QBA_NXZ
0x003A2178|*>::SetTotalListHeight|T2|1|?SetTotalListHeight@?$ListBox@PAUTERMINAL_MENU_ITEM@@@@IAAXXZ
0x003A22A0|*>::IsEnabled|T2|1|?IsEnabled@?$ListBox@PAVBGSQuestObjective@@@@QBA_NXZ
0x003A22D0|*>::IsEnabled|T2|1|?IsEnabled@?$ListBox@PAVBGSSaveLoadFileEntry@@@@QBA_NXZ
0x003A2350|*>::IsEnabled|T2|1|?IsEnabled@?$ListBox@PAVItemChange@@@@QBA_NXZ
0x003A2A1D|*>::RemoveAll|T2|1|?RemoveAll@?$ListBox@PAVBGSQuestObjective@@@@UAAXXZ
0x003A2BD0|*>::RemoveAll|T2|1|?RemoveAll@?$ListBox@PAVBGSSaveLoadFileEntry@@@@UAAXXZ
0x003A2CD8|*>::IsEnabled|T2|1|?IsEnabled@?$ListBox@PAVOption@StartMenu@@@@QBA_NXZ
0x003A2D84|*>::IsEnabled|T2|1|?IsEnabled@?$ListBox@PAVTESChallenge@@@@QBA_NXZ
0x003A2E00|*>::SetTotalListHeight|T2|1|?SetTotalListHeight@?$ListBox@PAVBGSNote@@@@IAAXXZ
0x003A30A0|ActorValue::Index>::GetHighlightTarget|T1|2|?GetHighlightTarget@?$ListBox@W4Index@ActorValue@@@@UBAPAVTile@@W4enumGamepadButtons@Interface@@@Z
0x003A36E0|*>::RemoveAll|T2|1|?RemoveAll@?$ListBox@PAVItemChange@@@@UAAXXZ
0x003A37B0|*>::RemoveAll|T2|1|?RemoveAll@?$ListBox@PAVOption@StartMenu@@@@UAAXXZ
0x003A3A71|*>::IsEnabled|T2|1|?IsEnabled@?$ListBox@PAVTESConditionItem@@@@QBA_NXZ
0x003A3AC0|*>::IsEnabled|T2|1|?IsEnabled@?$ListBox@PAVTESObjectREFR@@@@QBA_NXZ
0x003A3BC8|*>::SetTotalListHeight|T2|1|?SetTotalListHeight@?$ListBox@PAVBGSPerk@@@@IAAXXZ
0x003A3F90|*>::IsEnabled|T2|1|?IsEnabled@?$ListBox@PAVTESQuest@@@@QBA_NXZ
0x003A4000|*>::SaveListState|T2|1|?SaveListState@?$ListBox@PAVBGSNote@@@@QAAXXZ
0x003A4037|ActorValue::Index>::ScrollToHighlight|T2|2|?ScrollToHighlight@?$ListBox@W4Index@ActorValue@@@@UAAXXZ
0x003A4261|TraitMenu::DoEnter|T2|1|?DoEnter@TraitMenu@@UAAXHPAVTile@@@Z
0x003A45CD|*>::IsEnabled|T2|1|?IsEnabled@?$ListBox@PAVTESRecipe@@@@QBA_NXZ
0x003A4888|*>::UpdateHighlightBoxPos|T2|4|?UpdateHighlightBoxPos@?$ListBox@PAVItemChange@@@@IAAXXZ
0x003A4C50|*>::SetTotalListHeight|T2|2|?SetTotalListHeight@?$ListBox@PAVItemChange@@@@IAAXXZ
0x003A519D|*>::UpdateHighlightBoxPos|T2|4|?UpdateHighlightBoxPos@?$ListBox@PAVOption@StartMenu@@@@IAAXXZ
0x003A521B|*>::RemoveAll|T2|1|?RemoveAll@?$ListBox@PAVTESChallenge@@@@UAAXXZ
0x003A55D8|*>::UpdateHighlightBoxPos|T2|4|?UpdateHighlightBoxPos@?$ListBox@PAVTESChallenge@@@@IAAXXZ
0x003A59A0|*>::SetTotalListHeight|T2|2|?SetTotalListHeight@?$ListBox@PAVTESQuest@@@@IAAXXZ
0x003A5A30|*>::IsEnabled|T2|1|?IsEnabled@?$ListBox@PAVTESRecipeComponent@@@@QBA_NXZ
0x003A6057|*>::UpdateHighlightBoxPos|T2|5|?UpdateHighlightBoxPos@?$ListBox@PAVTESRecipe@@@@IAAXXZ
0x003A6100|*>::RemoveAll|T2|1|?RemoveAll@?$ListBox@PAVTESConditionItem@@@@UAAXXZ
0x003A6220|*>::IsEnabled|T2|1|?IsEnabled@?$ListBox@PAVTESReputation@@@@QBA_NXZ
0x003A6550|ListBox<int>::UpdateHighlightBoxPos|T2|3|?UpdateHighlightBoxPos@?$ListBox@H@@IAAXXZ
0x003A6920|*>::SetTotalListHeight|T2|2|?SetTotalListHeight@?$ListBox@PAVOption@StartMenu@@@@IAAXXZ
0x003A6F0D|MessageMenu::Create|T2|2|?Create@MessageMenu@@SA_NXZ
0x003A7D80|MessageMenu::LoadNextMessage|T2|2|?LoadNextMessage@MessageMenu@@IAAXXZ
0x003A9E3D|QuantityMenu::Create|T2|3|?Create@QuantityMenu@@SAPAVTile@@HP6AXH@ZH@Z
0x003AA480|RaceSexMenu::RaceSexMenu|T2|1|??0RaceSexMenu@@IAA@XZ
0x003AAE70|RaceSexMenu::_Create|T2|4|?_Create@RaceSexMenu@@IAAXW4RaceSexMenuContext@@@Z
0x003AB770|MapMenu::DoClick|T2|1|?DoClick@MapMenu@@UAAXHPAVTile@@@Z
0x003ACE1F|StatsMenu::DoGamepad|T2|1|?DoGamepad@StatsMenu@@UAA_NHM@Z
0x003AD5BC|RaceSexMenu::MenuOptionList::AddSubmenuOption|T1|2|?AddSubmenuOption@MenuOptionList@RaceSexMenu@@QAAPAVMenuOption@2@PBDPAV12@@Z
0x003AD9C0|RaceSexMenu::OnHairColorSliderChange|T1|2|?OnHairColorSliderChange@RaceSexMenu@@QAAXPAVMenuOption@1@@Z
0x003B03A1|BSFaceGenManager::ReplaceFaceMeshLOD|T2|1|?ReplaceFaceMeshLOD@BSFaceGenManager@@SAXPAVBSFaceGenNiNode@@H@Z
0x003B073F|RaceSexMenu::UpdatePlayerHead|T2|1|?UpdatePlayerHead@RaceSexMenu@@QAAX_N00@Z
0x003B099F|RaceSexMenu::UpdatePlayerEyes|T2|3|?UpdatePlayerEyes@RaceSexMenu@@QAA_NXZ
0x003B12B1|RaceSexMenu::UpdatePlayerHair|T1|2|?UpdatePlayerHair@RaceSexMenu@@QAA_N_N@Z
0x003B19AA|ActorValue::Index>::IsEnabled|T2|1|?IsEnabled@?$ListBox@W4Index@ActorValue@@@@QBA_NXZ
0x003B1AE0|RaceSexMenu::MenuOptionList::MenuOptionList|T2|2|??0MenuOptionList@RaceSexMenu@@QAA@HPBD@Z
0x003B1CA0|RaceSexMenu::ValidateHairOptionList|T1|2|?ValidateHairOptionList@RaceSexMenu@@QAAXXZ
0x003B1D26|RaceSexMenu::MenuOptionList::AddSliderOption|T2|1|?AddSliderOption@MenuOptionList@RaceSexMenu@@QAAPAVMenuOption@2@PBDW4OptionID@2@HHHM@Z
0x003B1FB8|RaceSexMenu::MenuOptionList::AddMenuOption|T2|1|?AddMenuOption@MenuOptionList@RaceSexMenu@@IAAPAVMenuOption@2@PBD0IPAX@Z
0x003B2901|RaceSexMenu::MenuOptionList::RemoveMenuOption|T2|1|?RemoveMenuOption@MenuOptionList@RaceSexMenu@@QAAXI@Z
0x003B35C8|RepairMenu::RepairMenu|T1|3|??0RepairMenu@@QAA@XZ
0x003B3660|RepairMenu::Create|T1|2|?Create@RepairMenu@@SAPAVTile@@XZ
0x003B457D|RepairMenu::DoEnter|T2|1|?DoEnter@RepairMenu@@UAAXHPAVTile@@@Z
0x003B54B0|RepairServicesMenu::RepairServicesMenu|T1|3|??0RepairServicesMenu@@QAA@XZ
0x003B5720|RepairServicesMenu::Create|T2|3|?Create@RepairServicesMenu@@SAPAVTile@@PAVActor@@@Z
0x003B5770|RecipeMenu::Create|T2|1|?Create@RecipeMenu@@SAPAVTile@@PAVTESObjectREFR@@PAVTESForm@@@Z
0x003B6CBD|RepairServicesMenu::Update|T1|2|?Update@RepairServicesMenu@@AAAXXZ
0x003B6F95|RouletteMenu::RouletteMenu|T2|1|??0RouletteMenu@@QAA@XZ
0x003B71DD|RouletteMenu::~RouletteMenu|T2|1|??1RouletteMenu@@UAA@XZ
0x003B7AA4|RouletteMenu::Prepare3DElements|T2|2|?Prepare3DElements@RouletteMenu@@AAAXXZ
0x003B8261|RouletteMenu::PrepareBetTiles|T2|1|?PrepareBetTiles@RouletteMenu@@AAAXXZ
0x003BA46C|RouletteMenu::Create|T2|3|?Create@RouletteMenu@@SAPAVTile@@PAVTESCasino@@HHH_N@Z
0x003BAAFF|RouletteMenu::UpdateEarningsString|T2|1|?UpdateEarningsString@RouletteMenu@@AAAXXZ
0x003BB886|RouletteMenu::DoIdle|T2|3|?DoIdle@RouletteMenu@@UAAXXZ
0x003BCB83|RouletteMenu::DoClick|T2|1|?DoClick@RouletteMenu@@UAAXHPAVTile@@@Z
0x003BCF66|RouletteMenu::SetBet|T2|1|?SetBet@RouletteMenu@@AAA_NH@Z
0x003BD6F5|RouletteMenu::ShiftWheelTexture|T2|1|?ShiftWheelTexture@RouletteMenu@@AAAXH@Z
0x003BDAF3|SlotMachineMenu::UpdateEarningsString|T1|2|?UpdateEarningsString@SlotMachineMenu@@AAAXXZ
0x003BDEC9|SleepWaitMenu::Create|T2|4|?Create@SleepWaitMenu@@SAPAVTile@@_N@Z
0x003BE1C9|SleepWaitMenu::SetTimeText|T2|1|?SetTimeText@SleepWaitMenu@@AAAXXZ
0x003BE594|TraitMenu::DoGamepad|T2|1|?DoGamepad@TraitMenu@@UAA_NHM@Z
0x003BE7A7|MiscStatManager::MiscStatID>::ScrollToHighlight|T2|2|?ScrollToHighlight@?$ListBox@W4MiscStatID@MiscStatManager@@@@UAAXXZ
0x003BEF7A|BlackJackMenu::Create|T2|2|?Create@BlackJackMenu@@SAPAVTile@@PAVTESCasino@@HHH_N@Z
0x003BF361|SlotMachineMenu::Create|T2|3|?Create@SlotMachineMenu@@SAPAVTile@@PAVTESCasino@@HHH_N@Z
0x003BF530|CaravanMenu::FlipSelectedCardTextures|T1|2|?FlipSelectedCardTextures@CaravanMenu@@AAAXH@Z
0x003BF97F|SlotMachineMenu::SetupActiveReels|T1|3|?SetupActiveReels@SlotMachineMenu@@AAA_NXZ
0x003BFE81|SlotMachineMenu::Prepare3DElements|T2|3|?Prepare3DElements@SlotMachineMenu@@AAAXXZ
0x003C04D0|LoveTesterMenu::InitCamera|T2|1|?InitCamera@LoveTesterMenu@@IAAPAVNiCamera@@XZ
0x003C0CF0|SlotMachineMenu::DoClick|T2|1|?DoClick@SlotMachineMenu@@UAAXHPAVTile@@@Z
0x003C0F29|BlackJackMenu::DoIdle|T3|2|?DoIdle@BlackJackMenu@@UAAXXZ
0x003C2037|CaravanMenu::Create|T2|2|?Create@CaravanMenu@@SAPAVTile@@PAVActor@@PAVTESCaravanDeck@@HM_N@Z
0x003C348B|SlotMachineMenu::SwapBackfacingTextures|T2|1|?SwapBackfacingTextures@SlotMachineMenu@@AAAXXZ
0x003C368E|SlotMachineMenu::SwapFrontfacingTextures|T2|1|?SwapFrontfacingTextures@SlotMachineMenu@@AAAXXZ
0x003C3F3A|EffectItem::GetEffectString|T2|1|?GetEffectString@EffectItem@@QAA?AV?$BSStringT@D@@W4SpellType@MagicSystem@@M_N11@Z
0x003C3F75|TESObject::GetScaledModelFileName|T2|1|?GetScaledModelFileName@TESObject@@QAAXPAVTESObjectREFR@@PAD@Z
0x003C411B|SPECIALBookMenu::Create|T2|1|?Create@SPECIALBookMenu@@SAXH@Z
0x003C488E|LoveTesterMenu::IncreaseActorValue|T2|1|?IncreaseActorValue@LoveTesterMenu@@SAXPAVLoveTesterButton@1@ZZ
0x003C4C6C|SPECIALBookMenu::DoClick|T2|1|?DoClick@SPECIALBookMenu@@UAAXHPAVTile@@@Z
0x003C4D70|SPECIALBookMenu::Close|T2|1|?Close@SPECIALBookMenu@@SAXXZ
0x003C73A3|LoveTesterMenu::InitMachine|T3|5|?InitMachine@LoveTesterMenu@@IAAXXZ
0x003C785B|SPECIALBookMenu::InitBook|T3|4|?InitBook@SPECIALBookMenu@@IAAXXZ
0x003C7E8C|SPECIALBookMenu::InitCamera|T2|1|?InitCamera@SPECIALBookMenu@@IAAPAVNiCamera@@XZ
0x003C89EA|SPECIALBookMenu::IncreaseActorValue|T2|1|?IncreaseActorValue@SPECIALBookMenu@@SAXPAVSpecialBookButton@1@ZZ
0x003C8C7D|LoveTesterMenu::IncreaseCurrentActorValue|T2|1|?IncreaseCurrentActorValue@LoveTesterMenu@@SAXPAVLoveTesterButton@1@ZZ
0x003C8E00|SPECIALBookMenu::CloseCallback|T2|1|?CloseCallback@SPECIALBookMenu@@SAXPAVSpecialBookButton@1@ZZ
0x003C8FD9|SPECIALBookMenu::LoadButtonAndTextImages|T2|9|?LoadButtonAndTextImages@SPECIALBookMenu@@QAAXXZ
0x003C9400|MiscStatManager::MiscStatID>::IsEnabled|T2|1|?IsEnabled@?$ListBox@W4MiscStatID@MiscStatManager@@@@QBA_NXZ
0x003C99C0|StartMenu::ResetToDefaults|T2|1|?ResetToDefaults@StartMenu@@SAXPAVTile@@PAVOption@1@@Z
0x003C9BB2|StartMenu::DoIdle|T2|1|?DoIdle@StartMenu@@UAAXXZ
0x003C9CA0|StartMenu::_Create|T2|2|?_Create@StartMenu@@IAAX_N0@Z
0x003CE012|BGSPerk::BuildDescriptionString|T3|1|?BuildDescriptionString@BGSPerk@@QAAXPADI@Z
0x003CE219|Controls::GetIconForButton|T2|1|?GetIconForButton@Controls@@SAXW4GAMEPAD_BUTTON@@AAV?$BSStringT@D@@_N@Z
0x003CE60B|StartMenu::PopulateControlsListBox|T2|1|?PopulateControlsListBox@StartMenu@@QAAXXZ
0x003CEB75|StartMenu::ChooseMainMenu|T2|1|?ChooseMainMenu@StartMenu@@SAXXZ
0x003D1750|*>::SaveListState|T2|1|?SaveListState@?$ListBox@PAVBGSPerk@@@@QAAXXZ
0x003D1BB0|StartMenu::PrepSaveLoad|T2|1|?PrepSaveLoad@StartMenu@@QAAXXZ
0x003D1E37|StartMenu::ConfirmDeleteGm|T2|1|?ConfirmDeleteGm@StartMenu@@SAXXZ
0x003D1F87|StartMenu::FinishPrepSaveLoad|T2|2|?FinishPrepSaveLoad@StartMenu@@QAAXXZ
0x003D2385|StartMenu::ConfirmSaveLoad|T2|1|?ConfirmSaveLoad@StartMenu@@QAAXXZ
0x003D2FC0|StartMenu::UpdateHighlightedSaveGameInfo|T2|2|?UpdateHighlightedSaveGameInfo@StartMenu@@QAAXXZ
0x003D3470|StartMenu::ActionMappingIdle|T2|1|?ActionMappingIdle@StartMenu@@QAA_NXZ
0x003D3DE5|StartMenu::SaveLoadIdle|T1|2|?SaveLoadIdle@StartMenu@@QAA_NXZ
0x003D4250|StartMenu::Fade|T2|1|?Fade@StartMenu@@QAAXW4TileIndex@1@_NHM@Z
0x003D4422|StartMenu::UserOption::UserOption|T2|1|??0UserOption@StartMenu@@QAA@PBDP6AXPAV01@@ZIW4UserOptionType@01@IIZZ
0x003D46D7|StartMenu::PopulateOptionsListBox|T2|1|?PopulateOptionsListBox@StartMenu@@QAAXI@Z
0x003D4950|StartMenu::InitializeSaveLoadListItem|T2|1|?InitializeSaveLoadListItem@StartMenu@@SAXPAVTile@@PAVBGSSaveLoadFileEntry@@@Z
0x003D4CE0|StartMenu::_EndCredits|T2|1|?_EndCredits@StartMenu@@IAAXXZ
0x003D5514|*>::RemoveAll|T2|1|?RemoveAll@?$ListBox@PAVTESObjectREFR@@@@UAAXXZ
0x003D566B|ComputersMenu::PostDisplay|T2|1|?PostDisplay@ComputersMenu@@SAXPAVTile@@PAUTERMINAL_MENU_ITEM@@@Z
0x003D578D|MiscStatManager::MiscStatID>::GetHighlightTarget|T1|2|?GetHighlightTarget@?$ListBox@W4MiscStatID@MiscStatManager@@@@UBAPAVTile@@W4enumGamepadButtons@Interface@@@Z
0x003D5830|*>::SetTotalListHeight|T2|1|?SetTotalListHeight@?$ListBox@PAVBGSQuestObjective@@@@IAAXXZ
0x003D59BF|ComputersMenu::Redisplay|T2|1|?Redisplay@ComputersMenu@@SAXPAVTile@@PAUTERMINAL_MENU_ITEM@@@Z
0x003D5A46|ListBox<int>::SetEnabled|T2|1|?SetEnabled@?$ListBox@H@@QAAX_N@Z
0x003D5CCB|*>::SetEnabled|T2|1|?SetEnabled@?$ListBox@PAVBGSNote@@@@QAAX_N@Z
0x003D640F|*>::RemoveAll|T2|1|?RemoveAll@?$ListBox@PAVTESQuest@@@@UAAXXZ
0x003D64D0|*>::RemoveAll|T2|1|?RemoveAll@?$ListBox@PAVTESRecipe@@@@UAAXXZ
0x003D6758|*>::RemoveAll|T2|1|?RemoveAll@?$ListBox@PAVTESRecipeComponent@@@@UAAXXZ
0x003D6950|*>::SetEnabled|T2|1|?SetEnabled@?$ListBox@PAVBGSQuestObjective@@@@QAAX_N@Z
0x003D6990|*>::SetEnabled|T2|1|?SetEnabled@?$ListBox@PAVBGSSaveLoadFileEntry@@@@QAAX_N@Z
0x003D6BD0|*>::SetTotalListHeight|T2|1|?SetTotalListHeight@?$ListBox@PAVBGSSaveLoadFileEntry@@@@IAAXXZ
0x003D6C14|*>::SetEnabled|T2|1|?SetEnabled@?$ListBox@PAVOption@StartMenu@@@@QAAX_N@Z
0x003D6C7C|*>::SetEnabled|T2|1|?SetEnabled@?$ListBox@PAVTESChallenge@@@@QAAX_N@Z
0x003D6D4D|*>::SetEnabled|T2|1|?SetEnabled@?$ListBox@PAVTESQuest@@@@QAAX_N@Z
0x003D7290|int>::UpdateHighlightBoxPos|T2|3|?UpdateHighlightBoxPos@?$ListBox@I@@IAAXXZ
0x003D73BD|*>::UpdateHighlightBoxPos|T2|4|?UpdateHighlightBoxPos@?$ListBox@PAVTESConditionItem@@@@IAAXXZ
0x003D7580|ActorValue::Index>::SetTotalListHeight|T1|2|?SetTotalListHeight@?$ListBox@W4Index@ActorValue@@@@IAAXXZ
0x003D7936|*>::UpdateHighlightBoxPos|T2|4|?UpdateHighlightBoxPos@?$ListBox@PAVTESObjectREFR@@@@IAAXXZ
0x003D7AA0|*>::UpdateHighlightBoxPos|T2|4|?UpdateHighlightBoxPos@?$ListBox@PAVTESQuest@@@@IAAXXZ
0x003D7BD0|*>::RemoveAll|T2|1|?RemoveAll@?$ListBox@PAVTESReputation@@@@UAAXXZ
0x003D7E8D|MiscStatManager::MiscStatID>::SetTotalListHeight|T1|2|?SetTotalListHeight@?$ListBox@W4MiscStatID@MiscStatManager@@@@IAAXXZ
0x003D8040|ActorValue::Index>::RemoveAll|T2|1|?RemoveAll@?$ListBox@W4Index@ActorValue@@@@UAAXXZ
0x003D8E80|StatsMenu::Create|T2|2|?Create@StatsMenu@@SAPAVTile@@XZ
0x003D8FE0|MapMenu::Create|T2|1|?Create@MapMenu@@SAPAVTile@@XZ
0x003D9D2D|RaceSexMenu::DoGamepad|T2|1|?DoGamepad@RaceSexMenu@@UAA_NHM@Z
0x003D9EC0|*>::SaveListState|T2|1|?SaveListState@?$ListBox@PAVItemChange@@@@QAAXXZ
0x003D9F4A|*>::RestoreListState|T2|1|?RestoreListState@?$ListBox@PAVBGSNote@@@@QAAX_N@Z
0x003DA1A0|StatsMenu::DoGamepadUpEvent|T2|1|?DoGamepadUpEvent@StatsMenu@@UAA_NHM@Z
0x003DA9C0|StatsMenu::SetIconAndDescription|T2|3|?SetIconAndDescription@StatsMenu@@QAAXPAUPerkRankData@@@Z
0x003DAC03|StatsMenu::SetIconAndDescription|T2|3|?SetIconAndDescription@StatsMenu@@QAAXW4Index@ActorValue@@@Z
0x003DAF21|StatsMenu::UpdateAll|T2|6|?UpdateAll@StatsMenu@@QAAXXZ
0x003DB630|StatsMenu::UpdateActorValue|T2|7|?UpdateActorValue@StatsMenu@@QAAXW4Index@ActorValue@@@Z
0x003DB81A|RecipeMenu::UpdateLists|T2|1|?UpdateLists@RecipeMenu@@AAAXPAVTESBoundObject@@PAVTESForm@@@Z
0x003DC859|StatsMenu::UpdateActiveEffects|T2|2|?UpdateActiveEffects@StatsMenu@@QAAXXZ
0x003DD403|StatsMenu::UpdateHealingOptions|T2|1|?UpdateHealingOptions@StatsMenu@@QAAXW4HealingOptionID@1@@Z
0x003DD583|StatsMenu::UpdatePlayerName|T2|1|?UpdatePlayerName@StatsMenu@@SAXXZ
0x003DD6F4|StatsMenu::UpdateHealingMode|T1|2|?UpdateHealingMode@StatsMenu@@QAAXXZ
0x003DE311|RaceSexMenu::MenuOption::SetEnabled|T2|1|?SetEnabled@MenuOption@RaceSexMenu@@QAAX_N@Z
0x003DE343|StatsMenu::ToggleGenRepMode|T2|1|?ToggleGenRepMode@StatsMenu@@QAAXXZ
0x003DFA0C|SurgeryMenu::Close|T2|1|?Close@SurgeryMenu@@SAXXZ
0x003DFC60|SurgeryMenu::DoClick|T2|1|?DoClick@SurgeryMenu@@UAAXHPAVTile@@@Z
0x003E0060|SlotMachineMenu::SlotMachineMenu|T2|1|??0SlotMachineMenu@@QAA@XZ
0x003E0160|SurgeryMenu::GetLimbPercentFromSequences|T2|1|?GetLimbPercentFromSequences@SurgeryMenu@@AAAMXZ
0x003E08A0|SurgeryMenu::DoIdle|T2|2|?DoIdle@SurgeryMenu@@UAAXXZ
0x003E0E30|SurgeryMenu::Create|T2|2|?Create@SurgeryMenu@@SAXXZ
0x003E17BD|SurgeryMenu::UpdateFace|T2|1|?UpdateFace@SurgeryMenu@@IAAXXZ
0x003E1970|SurgeryMenu::UpdateToolLocation|T2|3|?UpdateToolLocation@SurgeryMenu@@IAAX_N@Z
0x003E2340|SurgeryMenu::IsCursorInFlesh|T1|2|?IsCursorInFlesh@SurgeryMenu@@IAA_NXZ
0x003E26D3|SurgeryMenu::PlaceToolInWindow|T1|2|?PlaceToolInWindow@SurgeryMenu@@IAAXHH@Z
0x003E2C6D|SurgeryMenu::PrepareSequences|T2|1|?PrepareSequences@SurgeryMenu@@SAXPAVNiAVObject@@@Z
0x003E316F|FORenderedMenuRaceSex::OnMenuClose|T2|1|?OnMenuClose@FORenderedMenuRaceSex@@MAAXXZ
0x003E3750|SurgeryMenu::ShowLimbCondition|T2|1|?ShowLimbCondition@SurgeryMenu@@IAAHXZ
0x003E3B83|SurgeryMenu::UpdateAnimations|T2|3|?UpdateAnimations@SurgeryMenu@@IAAXXZ
0x003E3D6E|DebugTextCombatStyle::RenderStandardSettings|T2|2|?RenderStandardSettings@DebugTextCombatStyle@@AAAXPAVIDebugText@@PAVTESCombatStyle@@@Z
0x003E40C4|SurgeryMenu::SwitchSkinGeometry|T2|1|?SwitchSkinGeometry@SurgeryMenu@@IAAXW4Index@ActorValue@@0@Z
0x003E41F0|SurgeryMenu::PlaceDecal|T1|2|?PlaceDecal@SurgeryMenu@@IAAXVNiPoint2@@_N@Z
0x003E4920|TraitMenu::TraitMenu|T1|6|??0TraitMenu@@QAA@XZ
0x003E4A80|TraitMenu::Create|T2|1|?Create@TraitMenu@@SAPAVTile@@XZ
0x003E4C54|MapMenu::HighlightCenterMarker|T2|1|?HighlightCenterMarker@MapMenu@@IAAXXZ
0x003E4FE0|*>::SaveListState|T2|1|?SaveListState@?$ListBox@PAVTESRecipe@@@@QAAXXZ
0x003E509F|*>::RestoreListState|T2|1|?RestoreListState@?$ListBox@PAVBGSPerk@@@@QAAX_N@Z
0x003E5170|StatsMenu::UpdatePerks|T2|1|?UpdatePerks@StatsMenu@@SAXXZ
0x003E5540|ActorValue::Index>::SaveListState|T2|1|?SaveListState@?$ListBox@W4Index@ActorValue@@@@QAAXXZ
0x003E5590|SleepWaitMenu::DoGamepad|T2|1|?DoGamepad@SleepWaitMenu@@UAA_NHM@Z
0x003E5EE0|InventoryMenu::SavePageState|T2|1|?SavePageState@InventoryMenu@@SAXXZ
0x003E6580|SleepWaitMenu::UpdateSleeping|T1|2|?UpdateSleeping@SleepWaitMenu@@QAA_NXZ
0x003E68A0|TraitSelectMenu::SetBoxAsChecked|T2|1|?SetBoxAsChecked@TraitSelectMenu@@QAAXH_N@Z
0x003E6F45|TutorialMenu::Create|T2|1|?Create@TutorialMenu@@SA_NPAVBGSMessage@@_N@Z
0x003E7030|TutorialMenu::SetPage|T2|1|?SetPage@TutorialMenu@@QAAXI@Z
0x003E71B0|TutorialMenu::SetTitleAndText|T2|1|?SetTitleAndText@TutorialMenu@@QAAXPAVBGSMessage@@@Z
0x003E8149|HUDMainMenu::UpdateMeter|T1|3|?UpdateMeter@HUDMainMenu@@SAXPAVTile@@MW4HUD_JUSTIFY@1@HH@Z
0x003E8CA5|VATSMenu::Create|T2|7|?Create@VATSMenu@@SA_NXZ
0x003E95D7|BarterMenu::SetFilterModeTitle|T2|1|?SetFilterModeTitle@BarterMenu@@AAAXPAVTile@@@Z
0x003E9FF2|VATSMenu::Close|T1|3|?Close@VATSMenu@@SAXXZ
0x003EA4D2|VATSMenu::ShowTargetLimb|T2|1|?ShowTargetLimb@VATSMenu@@KAX_N@Z
0x003ECA2E|RepairServicesMenu::DoClick|T2|1|?DoClick@RepairServicesMenu@@UAAXHPAVTile@@@Z
0x003ED2B1|VATSMenu::DoClick|T1|2|?DoClick@VATSMenu@@UAAXHPAVTile@@@Z
0x003EDDBC|VATSMenu::UpdateQueuedActionList|T1|2|?UpdateQueuedActionList@VATSMenu@@IAAXPAUVATS_COMMAND@@_N1@Z
0x003EE924|VATSMenu::UpdateChanceToHit|T2|2|?UpdateChanceToHit@VATSMenu@@IAAXXZ
0x003EF36F|SurgeryMenu::BurnFlesh|T2|1|?BurnFlesh@SurgeryMenu@@IAAXXZ
0x003EFF7E|VATSMenu::PrepareMeters|T2|1|?PrepareMeters@VATSMenu@@IAAXXZ
0x003F0360|VATSMenu::SetMeterChance|T2|1|?SetMeterChance@VATSMenu@@IAAXXZ
0x003F1125|HUDMainMenu::UpdateWeaponStatus|T2|1|?UpdateWeaponStatus@HUDMainMenu@@QAAXXZ
0x003F2CA5|VATSMenu::SelectNearestTarget|T2|1|?SelectNearestTarget@VATSMenu@@IAAX_N@Z
0x003F4E6A|VATSMenu::BuildMetersForTarget|T2|1|?BuildMetersForTarget@VATSMenu@@IAAXPAV?$BSSimpleList@PAUVatsTarget@VATSMenu@@@@@Z
0x003F5475|MiscStatManager::MiscStatID>::RemoveAll|T2|1|?RemoveAll@?$ListBox@W4MiscStatID@MiscStatManager@@@@UAAXXZ
0x003F6303|FOPipboyManager::OnMenuClose|T2|1|?OnMenuClose@FOPipboyManager@@MAAXXZ
0x003F6C3F|FOPipboyManager::Initialize|T2|1|?Initialize@FOPipboyManager@@UAAXXZ
0x003F7790|FOPipboyManager::InitButtons|T2|3|?InitButtons@FOPipboyManager@@AAAXXZ
0x003F7880|FOPipboyManager::InitLight|T1|2|?InitLight@FOPipboyManager@@AAAXXZ
0x003F7BC7|FOPipboyManager::InitKnobs|T2|3|?InitKnobs@FOPipboyManager@@AAAXXZ
0x003F8320|FOPipboyManager::SetTabKnobPosition|T2|1|?SetTabKnobPosition@FOPipboyManager@@QAAXI_N@Z
0x003F8387|SurgeryMenu::Prepare3DElements|T2|1|?Prepare3DElements@SurgeryMenu@@CAXXZ
0x003F83D4|FOPipboyManager::ShowPipboyLightEffect|T2|1|?ShowPipboyLightEffect@FOPipboyManager@@QAAX_N00@Z
0x003F86D6|FOPipboyManager::UpdateLightEffect|T1|2|?UpdateLightEffect@FOPipboyManager@@QAAXM@Z
0x003F8EB4|FORenderedMenu::SetScreenTexture|T2|1|?SetScreenTexture@FORenderedMenu@@QAAXPAVNiTexture@@@Z
0x003F91FF|FORenderedMenu::TriggerBurst|T2|1|?TriggerBurst@FORenderedMenu@@QAAXMMM@Z
0x003FA220|FORenderedMenu::Initialize|T2|1|?Initialize@FORenderedMenu@@UAAXXZ
0x003FA7A0|FORenderedMenu::CreateMenuLight|T2|1|?CreateMenuLight@FORenderedMenu@@QAA_NPBDPAVShadowSceneNode@@@Z
0x003FADF0|FORenderedMenuRaceSex::Initialize|T2|2|?Initialize@FORenderedMenuRaceSex@@UAAXXZ
0x003FB9AD|SurgeryMenu::Position3DPlayer|T2|1|?Position3DPlayer@SurgeryMenu@@CAXXZ
0x003FBB05|FORenderedMenuRaceSex::OnMenuOpen|T2|1|?OnMenuOpen@FORenderedMenuRaceSex@@MAAXXZ
0x003FC150|NiControllerSequence::ResolveTransformInterpolators|T2|1|?ResolveTransformInterpolators@NiControllerSequence@@IAA_NPAVNiAVObject@@PAVNiAVObjectPalette@@I@Z
0x003FC5EF|FORenderedMenuRaceSex::InitLight|T2|1|?InitLight@FORenderedMenuRaceSex@@IAAXXZ
0x003FCFE3|FORenderedTerminal::Initialize|T2|1|?Initialize@FORenderedTerminal@@UAAXXZ
0x003FDCDD|FORenderedTerminal::InitLight|T2|1|?InitLight@FORenderedTerminal@@AAAXXZ
0x003FDF10|FORenderedTerminal::PlayShutdownSound|T2|1|?PlayShutdownSound@FORenderedTerminal@@SAXXZ
0x003FEEB0|FOVATSEffectManager::SetMultiTarget|T2|1|?SetMultiTarget@FOVATSEffectManager@@QAAXPAVTESObjectREFR@@@Z
0x003FF3ED|FOVATSEffectManager::DrawTargetToTexture|T1|2|?DrawTargetToTexture@FOVATSEffectManager@@QAAXPAVBSRenderedTexture@@W4VATS_OCCLUSION_QUERY@1@_NW4VATS_DRAW_MODE@1@W4ClearFlags@NiRenderer@@2@Z
0x00401784|AbsorbEffect::Start3D|T2|1|?Start3D@AbsorbEffect@@QAAXXZ
0x00403A50|ActiveEffect::LoadActiveEffect|T2|1|?LoadActiveEffect@ActiveEffect@@SAPAV1@PAVActor@@@Z
0x00403B10|ActiveEffect::GetActiveEffectListSaveSize|T1|2|?GetActiveEffectListSaveSize@ActiveEffect@@SAGPAV?$BSSimpleList@PAVActiveEffect@@@@PAVActor@@@Z
0x00403D30|ActiveEffect::SaveActiveEffectList|T2|2|?SaveActiveEffectList@ActiveEffect@@SAXPAV?$BSSimpleList@PAVActiveEffect@@@@PAVActor@@@Z
0x00404090|ActiveEffect::LoadActiveEffectList|T2|4|?LoadActiveEffectList@ActiveEffect@@SAXPAV?$BSSimpleList@PAVActiveEffect@@@@PAVActor@@@Z
0x00404975|ActiveEffect::LoadGame|T2|1|?LoadGame@ActiveEffect@@UAAXPAVBGSLoadFormBuffer@@@Z
0x00404A76|ActiveEffect::LoadActiveEffect|T2|1|?LoadActiveEffect@ActiveEffect@@SAPAV1@PAVBGSLoadFormBuffer@@@Z
0x00407980|BoundItemEffect::Finish|T2|1|?Finish@BoundItemEffect@@MAAXXZ
0x00407B50|BoundItemEffect::GetSaveSize|T1|2|?GetSaveSize@BoundItemEffect@@UAAGPAVActor@@@Z
0x00407BF0|BoundItemEffect::InitLoadGame|T2|1|?InitLoadGame@BoundItemEffect@@UAAXPAVActor@@@Z
0x00407DC0|BoundItemEffect::Update|T2|1|?Update@BoundItemEffect@@MAAXM@Z
0x00407EB0|BoundItemEffect::SaveGame|T2|2|?SaveGame@BoundItemEffect@@UAAXPAVActor@@@Z
0x00408230|BoundItemEffect::LoadGame|T2|3|?LoadGame@BoundItemEffect@@UAAXPAVActor@@@Z
0x00411930|MagicBallProjectile::Collide|T2|1|?Collide@MagicBallProjectile@@UAAXVNiPoint3@@PAVbhkRigidBody@@PAVTESObjectREFR@@_N@Z
0x00411D74|MagicBoltProjectile::Collide|T2|1|?Collide@MagicBoltProjectile@@UAAXVNiPoint3@@PAVbhkRigidBody@@PAVTESObjectREFR@@_N@Z
0x00412C23|MagicBoltProjectile::AddAreaTarget|T2|1|?AddAreaTarget@MagicBoltProjectile@@UAAXPAVMagicTarget@@PAVActiveEffect@@@Z
0x004135F0|MagicCaster::CastSpell|T2|1|?CastSpell@MagicCaster@@QAA_NPAVMagicItem@@PAVMagicTarget@@_N@Z
0x00413A9E|MagicCaster::ReleaseCast|T2|1|?ReleaseCast@MagicCaster@@QAA_NPAVTESBoundObject@@@Z
0x00413BF7|MagicCaster::InterruptCast|T2|1|?InterruptCast@MagicCaster@@QAAXXZ
0x00413E0E|MagicCaster::FindTargets|T2|1|?FindTargets@MagicCaster@@QAAXMPAVTESBoundObject@@_NM1@Z
0x00414C75|MagicBallProjectile::InitLoadGame|T2|1|?InitLoadGame@MagicBallProjectile@@UAAXII@Z
0x00416693|MagicCaster::ExplodeActor|T2|1|?ExplodeActor@MagicCaster@@QAAXPAVActor@@VNiPoint3@@PAVEffectItem@@M@Z
0x00417B90|MagicFogProjectile::Init3D|T2|1|?Init3D@MagicFogProjectile@@QAAXXZ
0x00417C5F|MagicBallProjectile::Init3D|T2|1|?Init3D@MagicBallProjectile@@QAAXXZ
0x00418B10|MagicBallProjectile::BuildAreaEffectGeometry|T2|1|?BuildAreaEffectGeometry@MagicBallProjectile@@UAAXXZ
0x00418C60|MagicFogProjectile::BuildAreaEffectGeometry|T2|1|?BuildAreaEffectGeometry@MagicFogProjectile@@UAAXXZ
0x0041AA80|MagicModelHitEffect::Init|T2|1|?Init@MagicModelHitEffect@@UAA_NXZ
0x0041ABEE|BoundItemEffect::Start|T2|1|?Start@BoundItemEffect@@MAAXXZ
0x0041ADE0|MagicModelHitEffect::Update|T2|1|?Update@MagicModelHitEffect@@UAA_NM@Z
0x0041C4A0|MagicProjectile::GetDummyObjectReference|T2|1|?GetDummyObjectReference@MagicProjectile@@SAPAVTESBoundObject@@XZ
0x0041C810|MagicProjectile::KillAreaEffectGeometry|T2|1|?KillAreaEffectGeometry@MagicProjectile@@QAAXXZ
0x0041DB2F|BGSMusicType::BuildFileList|T2|1|?BuildFileList@BGSMusicType@@QAAXXZ
0x0041DB60|MagicShaderHitEffect::Init|T2|2|?Init@MagicShaderHitEffect@@UAA_NXZ
0x0041E259|MagicShaderHitEffect::~MagicShaderHitEffect|T1|2|??1MagicShaderHitEffect@@UAA@XZ
0x0041E570|LoadingMenu::SetNextSlide|T1|2|?SetNextSlide@LoadingMenu@@QAAXPAVTileShaderProperty@@@Z
0x0041E5DE|TESIcon::GetDefaultPath|T2|1|?GetDefaultPath@TESIcon@@UBAPADXZ
0x0041E5F6|BGSMusicType::InitItem|T2|1|?InitItem@BGSMusicType@@UAAXXZ
0x00421600|MagicTarget::CheckAddEffect|T2|3|?CheckAddEffect@MagicTarget@@QAA_NPAVMagicCaster@@PAVMagicItem@@PAVActiveEffect@@@Z
0x00421F70|MagicTarget::UpdateTarget|T2|1|?UpdateTarget@MagicTarget@@QAAXM@Z
0x00423210|MagicTarget::CheckAddiction|T2|1|?CheckAddiction@MagicTarget@@QAA_NPAVAlchemyItem@@@Z
0x004235E1|MagicTarget::ActiveEffectListCompareFn|T2|1|?ActiveEffectListCompareFn@MagicTarget@@CAHPAVActiveEffect@@0@Z
0x00424AF0|MagicBoltProjectile::InitLoadGame|T2|1|?InitLoadGame@MagicBoltProjectile@@UAAXII@Z
0x004256D0|ReanimateEffect::FinishInitLoadGame|T1|2|?FinishInitLoadGame@ReanimateEffect@@UAAXPAVActor@@@Z
0x0042770C|SummonCreatureEffect::DoSummon|T2|1|?DoSummon@SummonCreatureEffect@@QAAXPAVActor@@@Z
0x0042A0D0|ValueModifierEffect::ShowAttributeReductionMessage|T2|1|?ShowAttributeReductionMessage@ValueModifierEffect@@QAAXXZ
0x0042A8CF|ValueModifierEffect::Update|T2|1|?Update@ValueModifierEffect@@MAAXM@Z
0x0042B970|FalloutAudio::GetNoActivationSound|T2|1|?GetNoActivationSound@FalloutAudio@@SAPAVTESSound@@XZ
0x0042CC4A|FalloutAudio::UpdateRegionSounds|T2|1|?UpdateRegionSounds@FalloutAudio@@SAXXZ
0x0042CE70|FalloutAudio::MysteriousStrangerAppears|T1|2|?MysteriousStrangerAppears@FalloutAudio@@SAXXZ
0x0042DA01|FalloutAudioMedia::Startup|T1|2|?Startup@FalloutAudioMedia@@SAXXZ
0x0042E1CF|FalloutAudioMedia::MediaOpen|T2|1|?MediaOpen@FalloutAudioMedia@@SAXW4MEDIATYPE@@PBDI_N2MI@Z
0x004316CC|BSXenonGameSound::Open|T2|1|?Open@BSXenonGameSound@@UAA_NXZ
0x00431DE0|FalloutRadio::PipboyUpdate|T2|2|?PipboyUpdate@FalloutRadio@@KAX_N@Z
0x00432160|FalloutRadio::UpdateStations|T1|2|?UpdateStations@FalloutRadio@@KAX_N@Z
0x00433100|FalloutRadio::UpdateStation|T2|1|?UpdateStation@FalloutRadio@@KAXPAUFORadioStation@1@@Z
0x00433BC0|FalloutRadio::SetBroadcastState|T2|1|?SetBroadcastState@FalloutRadio@@SAXPAVTESObjectREFR@@_N@Z
0x00433CE0|FalloutRadio::StartRadioConversation|T2|1|?StartRadioConversation@FalloutRadio@@SAXPAVTESObjectREFR@@PAVTESTopic@@@Z
0x00435F10|ImpactMixer::PlayCollisionSound|T2|1|?PlayCollisionSound@ImpactMixer@@SAXAAUCOLLISION_SOUND@1@@Z
0x004363A0|ImpactMixer::PlayFootstep|T2|4|?PlayFootstep@ImpactMixer@@SAXPAVTESObjectREFR@@H@Z
0x0043684F|ImpactMixer::PlayEquipSound|T2|1|?PlayEquipSound@ImpactMixer@@SAXPAVTESObjectREFR@@H@Z
0x00436D76|ImpactMixer::PlayJump|T2|2|?PlayJump@ImpactMixer@@SAXPAVTESObjectREFR@@H@Z
0x00437A31|ImpactMixer::PlayWeaponBlock|T1|2|?PlayWeaponBlock@ImpactMixer@@SAXHPAVTESObjectWEAP@@VNiPoint3@@1_N@Z
0x00437D55|ImpactMixer::InitFootsteps|T2|1|?InitFootsteps@ImpactMixer@@SAXXZ
0x00438665|ImpactMixer::GetSoundForType|T3|12|?GetSoundForType@ImpactMixer@@KAPAVTESSound@@HMM@Z
0x00438AAF|ImpactMixer::PlayHitSound|T2|1|?PlayHitSound@ImpactMixer@@SAXPAVActor@@MM0HHH_N1@Z
0x00439AB0|Conversation::GetDialogueItemIndex|T2|1|?GetDialogueItemIndex@Conversation@@QAAFPAVDialogueItem@@@Z
0x00439D30|Conversation::GetSaveSize|T2|2|?GetSaveSize@Conversation@@QAAGXZ
0x0043A002|Conversation::SaveGame|T2|4|?SaveGame@Conversation@@QAAXXZ
0x0043A441|Conversation::LoadGame|T2|5|?LoadGame@Conversation@@QAAXXZ
0x0043A9AF|DialogueItem::GetDialogueResponseIndex|T2|1|?GetDialogueResponseIndex@DialogueItem@@QAAFPAVDialogueResponse@@@Z
0x0043A9E0|DialogueItem::GetDialogueResponseByIndex|T2|1|?GetDialogueResponseByIndex@DialogueItem@@QAAPAVDialogueResponse@@F@Z
0x0043D420|MenuTopic::GetSaveSize|T1|2|?GetSaveSize@MenuTopic@@QAAGXZ
0x0043D690|MenuTopic::SaveGame|T1|4|?SaveGame@MenuTopic@@QAAXXZ
0x0043DB00|MenuTopic::LoadGame|T2|3|?LoadGame@MenuTopic@@QAAXPAVTESObjectREFR@@@Z
0x0043E1A0|DebugTextAnimation::_DTPFactory::_DTPFactory|T2|1|??0_DTPFactory@DebugTextAnimation@@QAA@XZ
0x0043EBB0|BGSChangeFlags::GetFlagName|T3|17|?GetFlagName@BGSChangeFlags@@SAPBDHI_N@Z
0x00440FB0|BGSReconstructFormsInFileMap::ReconstructForms|T2|1|?ReconstructForms@BGSReconstructFormsInFileMap@@QAAXPAVTESFile@@PAVBGSReconstructedForms@@@Z
0x004416C0|BGSReconstructFormsInAllFilesMap::AddForm|T2|1|?AddForm@BGSReconstructFormsInAllFilesMap@@QAAXPAVTESForm@@I@Z
0x004418B0|BGSReconstructFormsInAllFilesMap::AddReference|T2|1|?AddReference@BGSReconstructFormsInAllFilesMap@@QAAXPAVTESObjectCELL@@II@Z
0x00441990|BGSReconstructFormsInAllFilesMap::AddReference|T2|1|?AddReference@BGSReconstructFormsInAllFilesMap@@QAAXPAVTESWorldSpace@@HHII@Z
0x00444070|BGSSaveGameBuffer::SaveVariableSizedValue|T2|1|?SaveVariableSizedValue@BGSSaveGameBuffer@@QAAXI@Z
0x00444180|BGSLoadGameBuffer::LoadDataFromBuffer|T2|1|?LoadDataFromBuffer@BGSLoadGameBuffer@@IAAXPAXI@Z
0x00445880|BGSSaveLoadGame::LoadPluginList|T2|1|?LoadPluginList@BGSSaveLoadGame@@IAA_NPAVBGSSaveLoadFile@@@Z
0x00445C60|BGSSaveLoadGame::SaveGame|T2|1|?SaveGame@BGSSaveLoadGame@@IAAXPAVBGSSaveLoadFile@@@Z
0x00446C50|BGSSaveLoadGame::LoadGame|T2|1|?LoadGame@BGSSaveLoadGame@@IAA_NPAVBGSSaveLoadFile@@_N@Z
0x00447732|BGSSaveLoadGame::LoadForm|T2|1|?LoadForm@BGSSaveLoadGame@@QAAXPAVTESForm@@@Z
0x00447793|BGSSaveLoadGame::QueueInitPackageLocations|T2|1|?QueueInitPackageLocations@BGSSaveLoadGame@@IAAXPAVActor@@@Z
0x00447A8A|BGSSaveLoadGame::UnloadForm|T2|1|?UnloadForm@BGSSaveLoadGame@@QAAXPAVTESForm@@_N@Z
0x004480F5|BGSSaveLoadGame::CheckInitialData|T2|3|?CheckInitialData@BGSSaveLoadGame@@IAAIPAVBGSSaveLoadFile@@PAVBGSLoadFormBuffer@@PAVBGSSaveLoadFormIDMap@@@Z
0x00448572|BGSSaveLoadGame::HandleUnrevertibleChanges|T2|1|?HandleUnrevertibleChanges@BGSSaveLoadGame@@IAA_NAAPAVTESForm@@VBGSChangeFlags@@_N@Z
0x004489A7|BGSSaveLoadGame::ClearForm|T2|1|?ClearForm@BGSSaveLoadGame@@QAAXPAVTESForm@@@Z
0x00448ACB|BGSSaveLoadGame::AddChangedFormID|T2|1|?AddChangedFormID@BGSSaveLoadGame@@QAAXII@Z
0x00449422|BGSSaveLoadGame::CleanupExpiredData|T2|1|?CleanupExpiredData@BGSSaveLoadGame@@QAAXXZ
0x0044A115|BGSSaveLoadGlobalData::LoadGlobalData|T2|1|?LoadGlobalData@BGSSaveLoadGlobalData@@SA_NIPAVBGSLoadGameBuffer@@@Z
0x0044A33F|BGSSaveLoadGlobalData::FinishLoadGlobalData|T2|1|?FinishLoadGlobalData@BGSSaveLoadGlobalData@@SA_NIPAVBGSLoadGameBuffer@@@Z
0x0044A447|BGSSaveLoadGlobalData::RevertGlobalData|T2|1|?RevertGlobalData@BGSSaveLoadGlobalData@@SA_NIPAVBGSLoadGameBuffer@@_N@Z
0x0044BC20|ContainerMenu::SetFilterModeTitle|T2|1|?SetFilterModeTitle@ContainerMenu@@AAAXPAVTile@@@Z
0x0044C030|BGSSaveLoadHeader::LoadHeaderScreenshot|T2|1|?LoadHeaderScreenshot@BGSSaveLoadHeader@@SAPAVNiTexture@@PAVBGSSaveLoadFile@@III@Z
0x0044D240|BGSSaveLoadInitialData::SaveInitialData|T2|1|?SaveInitialData@BGSSaveLoadInitialData@@SA?AW4INITIAL_DATA_TYPE@@PAVBGSSaveFormBuffer@@PAVTESForm@@VBGSChangeFlags@@@Z
0x0044D7CD|BGSSaveLoadInitialData::LoadInitialData|T2|4|?LoadInitialData@BGSSaveLoadInitialData@@SA?AW4INITIAL_DATA_TYPE@@PAVBGSLoadFormBuffer@@PAVTESForm@@VBGSChangeFlags@@@Z
0x0044E610|BGSSaveLoadManager::SaveGame|T1|2|?SaveGame@BGSSaveLoadManager@@QAA_NPBDH_N@Z
0x0044EA83|TESSaveLoadGame::Quicksave|T2|2|?Quicksave@TESSaveLoadGame@@QAAXXZ
0x0044EB80|CompanionWheelMenu::TransitionFromCloseToTalkTo|T2|1|?TransitionFromCloseToTalkTo@CompanionWheelMenu@@QAAXXZ
0x0044F0A1|BGSSaveLoadManager::LoadGameHeader|T1|2|?LoadGameHeader@BGSSaveLoadManager@@IAA_NPAVBGSSaveLoadFile@@@Z
0x0044F22B|BGSSaveLoadManager::GetVersionInfo|T1|2|?GetVersionInfo@BGSSaveLoadManager@@QAAXPADI@Z
0x0044F713|BGSSaveLoadManager::ConvertSaveGames|T2|1|?ConvertSaveGames@BGSSaveLoadManager@@QAAXXZ
0x0044F880|BGSSaveLoadManager::GenerateSaveFileName|T2|1|?GenerateSaveFileName@BGSSaveLoadManager@@QAAXPAD_N1@Z
0x0044FB24|BGSSaveLoadManager::IsSaveFileNameQuicksave|T2|1|?IsSaveFileNameQuicksave@BGSSaveLoadManager@@QAA_NPBD@Z
0x0044FD30|BGSSaveLoadManager::GetPlayTimeString|T2|1|?GetPlayTimeString@BGSSaveLoadManager@@QAAXPAD_N@Z
0x0045024E|BGSSaveLoadManager::CopySaveGames|T2|2|?CopySaveGames@BGSSaveLoadManager@@QAAX_N@Z
0x004505BD|BGSSaveLoadManager::ExecuteSystemUtilitySave|T2|2|?ExecuteSystemUtilitySave@BGSSaveLoadManager@@QAAX_N@Z
0x00450FE0|BGSSaveLoadReferencesMap::LoadChangedReference|T2|1|?LoadChangedReference@BGSSaveLoadReferencesMap@@QAAXIPAVBGSReconstructFormsInAllFilesMap@@@Z
0x00451741|SavedFormData::GetFormName|T2|1|?GetFormName@SavedFormData@@QAAXPADI@Z
0x00451EF0|SaveStats::PrintStats|T2|5|?PrintStats@SaveStats@@QAAXPAD@Z
0x004520D2|DebugTextFaceGen::RenderFaceGenExpressionInfo|T2|1|?RenderFaceGenExpressionInfo@DebugTextFaceGen@@IAAXPAVIDebugText@@W4DEBUGTEXT_LOCATION@@W4DEBUGTEXT_JUSTIFY@@@Z
0x00452424|BGSSaveLoadStatsMap::OutputStats|T2|5|?OutputStats@BGSSaveLoadStatsMap@@IAAXXZ
0x00453090|TESSaveLoadGame::ResetObject|T2|1|?ResetObject@TESSaveLoadGame@@AAAHPAVTESForm@@II@Z
0x0045390E|TESSaveLoadGame::RevertCurrentChanges|T2|1|?RevertCurrentChanges@TESSaveLoadGame@@QAAX_N@Z
0x004539E0|TESSaveLoadGame::SaveGameDataOLD|T2|1|?SaveGameDataOLD@TESSaveLoadGame@@QAAXPAXI@Z
0x00453A76|TESSaveLoadGame::SaveNumericID|T2|1|?SaveNumericID@TESSaveLoadGame@@QAAXPAII@Z
0x00453C7E|ArchiveManager::OutputFileEntryTracking|T2|1|?OutputFileEntryTracking@ArchiveManager@@SAXPADI@Z
0x00453D5A|D3DXShader::CParse::PrintType|T3|1|?PrintType@CParse@D3DXShader@@IAAIPADIPAVCNode@2@@Z
0x00454651|TESSaveLoadGame::SaveQueuedAttachedAnimation|T2|1|?SaveQueuedAttachedAnimation@TESSaveLoadGame@@QAAXPAVTESObjectREFR@@@Z
0x00454CE0|ChangesMap::SetChanges|T2|1|?SetChanges@ChangesMap@@QAAPAVChangeData@@II@Z
0x00454D50|TESSaveLoadGame::SaveGame|T2|2|?SaveGame@TESSaveLoadGame@@QAA_NPAVBSFile@@PBD_N@Z
0x00455730|BGSSaveLoadManager::IsSaveFileNameAutosave|T2|1|?IsSaveFileNameAutosave@BGSSaveLoadManager@@QAA_NPBD@Z
0x004562C0|TESSaveLoadGame::SaveGlobalData|T2|4|?SaveGlobalData@TESSaveLoadGame@@AAAXPAVBSFile@@@Z
0x004564A9|TESSaveLoadGame::LoadGlobalData|T2|2|?LoadGlobalData@TESSaveLoadGame@@AAAXPAVBSFile@@@Z
0x00456556|TESSaveLoadGame::SaveGlobals|T2|1|?SaveGlobals@TESSaveLoadGame@@AAAXPAVBSFile@@@Z
0x00456657|TESSaveLoadGame::SaveFinalData|T1|2|?SaveFinalData@TESSaveLoadGame@@AAAXPAVBSFile@@@Z
0x00456850|TESSaveLoadGame::LoadForm|T2|2|?LoadForm@TESSaveLoadGame@@QAA_NPAVTESForm@@@Z
0x004577E3|TESSaveLoadGame::CheckFlags|T2|1|?CheckFlags@TESSaveLoadGame@@QAAIPAVTESForm@@I@Z
0x00457AA0|TESSaveLoadGame::CreateChangedReference|T2|1|?CreateChangedReference@TESSaveLoadGame@@AAAXI@Z
0x00457AFF|TESSaveLoadGame::WriteFile|T2|1|?WriteFile@TESSaveLoadGame@@QAAIPAVBSFile@@PAXI@Z
0x00457B50|BGSSaveLoadInitialData::CreateReference|T2|1|?CreateReference@BGSSaveLoadInitialData@@SAPAVTESForm@@IPAUReferenceInitialData@@PAV2@@Z
0x00457EF4|TESSaveLoadGame::CreateReference|T2|1|?CreateReference@TESSaveLoadGame@@AAAPAVTESForm@@IPAUCreatedReferenceData@@@Z
0x004581C3|TESSaveLoadGame::CreateReferenceFromFile|T1|2|?CreateReferenceFromFile@TESSaveLoadGame@@AAAPAVTESForm@@IPAUMovedReferenceData@@@Z
0x00458345|TESSaveLoadGame::DeleteForm|T2|1|?DeleteForm@TESSaveLoadGame@@QAAXPAVTESForm@@@Z
0x00458931|TESSaveLoadGame::SaveInitialData|T2|2|?SaveInitialData@TESSaveLoadGame@@AAAXPAVTESForm@@I@Z
0x00459120|TESSaveLoadGame::LoadInitialData|T2|1|?LoadInitialData@TESSaveLoadGame@@AAAXPAVTESForm@@I@Z
0x00459348|TESSaveLoadGame::SavePluginList|T2|1|?SavePluginList@TESSaveLoadGame@@AAAXPAVBSFile@@@Z
0x0045C58D|TESSaveLoadGame::BuildChangesString|T2|21|?BuildChangesString@TESSaveLoadGame@@QAAXPADPAVTESForm@@IE_N@Z
0x0045D9F7|TESSaveLoadGame::LoadCharControllers|T2|1|?LoadCharControllers@TESSaveLoadGame@@AAAXXZ
0x0045DB61|XGRAPHICS::PrintConstant|T2|1|?PrintConstant@XGRAPHICS@@YAXPAVOutStream@1@PBD11PBU_D3DXCONSTANT_DESC@@PBU_D3DXSHADER_CONSTANTTABLE@@PBU_D3DXSHADER_CONSTANTINFO@@PBU_D3DXSHADER_TYPEINFO@@@Z
0x0045E42A|TESSaveLoadGame::GetSaveGameDataOLD|T2|3|?GetSaveGameDataOLD@TESSaveLoadGame@@QAAPAVNiTexture@@PAVBSFile@@PAIPAD22222PAH_N@Z
0x0045E9B4|TESSaveLoadGame::ReadSaveGameDataOLD|T2|1|?ReadSaveGameDataOLD@TESSaveLoadGame@@QAAPAVNiTexture@@PAVBSFile@@IPAIPADPAG2PAMPAU_SYSTEMTIME@@1PAH@Z
0x0045EE29|TESSaveLoadGame::GenerateSaveGameFileName|T2|3|?GenerateSaveGameFileName@TESSaveLoadGame@@AAAXPAD@Z
0x0045F0B2|TESSaveLoadGame::LoadHeader|T2|1|?LoadHeader@TESSaveLoadGame@@AAAIPAVBSFile@@_N@Z
0x0045F420|TESSaveLoadGame::SaveHeader|T2|2|?SaveHeader@TESSaveLoadGame@@AAAXPAVBSFile@@PBD@Z
0x0045F60C|TESSaveLoadGame::LoadGame|T2|1|?LoadGame@TESSaveLoadGame@@QAA_NPAVBSFile@@PBD_N@Z
0x0045F810|TESSaveLoadGame::AddCreatedBaseObject|T1|2|?AddCreatedBaseObject@TESSaveLoadGame@@QAAXPAVTESForm@@@Z
0x0045FAD7|TESSaveLoadGame::TestSaveCreatedBaseObjects|T2|1|?TestSaveCreatedBaseObjects@TESSaveLoadGame@@QAAXXZ
0x0045FE2B|TESSaveLoadGame::LoadNumericIDArrays|T2|1|?LoadNumericIDArrays@TESSaveLoadGame@@AAAXPAVBSFile@@@Z
0x0045FE62|TESSaveLoadGame::SaveNumericIDArrays|T2|1|?SaveNumericIDArrays@TESSaveLoadGame@@AAAXPAVBSFile@@@Z
0x004600B0|TESSaveLoadGame::TestAllCells|T2|1|?TestAllCells@TESSaveLoadGame@@QAAXI@Z
0x004607E0|TESSaveLoadGame::SafetyCheckReferencePositionAndAngle|T2|1|?SafetyCheckReferencePositionAndAngle@TESSaveLoadGame@@QAAXPAVTESObjectREFR@@@Z
0x00462C72|BGSLoadGameSubBuffer::LoadAnimation|T2|1|?LoadAnimation@BGSLoadGameSubBuffer@@QAAXPAVTESForm@@@Z
0x00462D93|BGSLoadGameSubBuffer::LoadCharController|T1|3|?LoadCharController@BGSLoadGameSubBuffer@@QAAXPAVTESForm@@@Z
0x00462DEA|BGSLoadGameSubBuffer::LoadHavokData|T2|1|?LoadHavokData@BGSLoadGameSubBuffer@@QAAXPAVTESForm@@@Z
0x004630A3|BGSLoadGameSubBuffer::SaveAnimation|T2|1|?SaveAnimation@BGSLoadGameSubBuffer@@QAAXPAVTESForm@@@Z
0x004632A0|BGSLoadGameSubBuffer::SaveHavokData|T2|1|?SaveHavokData@BGSLoadGameSubBuffer@@QAAXPAVTESForm@@@Z
0x00463FF0|BGSSaveGameBuffer::SaveVariableSizedValue|T2|1|?SaveVariableSizedValue@BGSSaveGameBuffer@@QAAXII@Z
0x00464940|MemoryManager::SpecifyPools|T3|4|?SpecifyPools@MemoryManager@@IAAXXZ
0x00464F20|MemoryManager::SpecifyMemoryLayout|T1|2|?SpecifyMemoryLayout@MemoryManager@@IAAXXZ
0x00465F60|Calendar::GetDayOfWeekString|T2|1|?GetDayOfWeekString@Calendar@@QAAPBDXZ
0x004662C0|GarbageCollector::Remove|T2|1|?Remove@GarbageCollector@@SAXPAVTESObjectREFR@@@Z
0x00466390|GarbageCollector::Add|T2|1|?Add@GarbageCollector@@SAXPAVAnimation@@@Z
0x00466570|GarbageCollector::Add|T2|1|?Add@GarbageCollector@@SAXPAVBSTempEffect@@@Z
0x004665B0|GarbageCollector::Add|T2|1|?Add@GarbageCollector@@SAXPAVBipedAnim@@@Z
0x00466690|GarbageCollector::Add|T2|1|?Add@GarbageCollector@@SAXPAVNiAVObject@@@Z
0x00466A0A|GarbageCollector::Update|T2|1|?Update@GarbageCollector@@SAXXZ
0x00466DA0|GarbageCollector::ClearTempEffects|T2|1|?ClearTempEffects@GarbageCollector@@SAXXZ
0x00466DC0|GarbageCollector::ClearAll|T2|1|?ClearAll@GarbageCollector@@SAXXZ
0x00468936|MessageHandler::Error|T2|1|?Error@MessageHandler@@MAAXPBD@Z
0x00469A20|NiXenonRenderer::BeginOffScreenFrame|T2|1|?BeginOffScreenFrame@NiXenonRenderer@@QAA_NXZ
0x00469AA0|NiXenonRenderer::EndOffScreenFrame|T2|1|?EndOffScreenFrame@NiXenonRenderer@@QAA_NXZ
0x0046A580|Main::DrawWorld_Refraction|T2|1|?DrawWorld_Refraction@Main@@QAAXPAVBSShaderAccumulator@@PAVBSRenderedTexture@@@Z
0x0046A6B1|Main::DrawWorld_DrawScene|T2|1|?DrawWorld_DrawScene@Main@@QAAXPAVSun@@_N11@Z
0x0046B2FA|Main::InitTES|T2|4|?InitTES@Main@@QAAXPAVNiNode@@@Z
0x0046B34C|Main::DrawWorld_ImageSpace|T2|1|?DrawWorld_ImageSpace@Main@@QAAX_NPAVBSRenderedTexture@@PAVNiXenonRenderer@@1@Z
0x0046B743|Main::InitSceneGraph|T2|2|?InitSceneGraph@Main@@QAAXXZ
0x0046C083|DebugTextParticleSystem::RenderPage|T2|1|?RenderPage@DebugTextParticleSystem@@UAAXPAVIDebugText@@H@Z
0x0046FBA0|Main::DrawWorld_InitRenderTexture|T2|1|?DrawWorld_InitRenderTexture@Main@@QAAPAVBSRenderedTexture@@PAVNiXenonRenderer@@PAV2@_N2@Z
0x0046FEA7|Main::DrawWorld_MTRender1stPerson|T2|1|?DrawWorld_MTRender1stPerson@Main@@QAAXPAVNiXenonRenderer@@PAVNiGeometry@@PAVSun@@PAVBSRenderedTexture@@@Z
0x00471220|Main::DrawWorld_MTSetup1stPerson|T2|1|?DrawWorld_MTSetup1stPerson@Main@@QAAXXZ
0x00471529|Main::DrawWorld_UpdateOffscreenBuffers|T2|1|?DrawWorld_UpdateOffscreenBuffers@Main@@QAAXXZ
0x00472AD0|Main::ForceUpdateTextures|T2|1|?ForceUpdateTextures@Main@@QAAXXZ
0x00473B3D|Main::OnIdle_UpdateCurrentGridCell|T2|1|?OnIdle_UpdateCurrentGridCell@Main@@QAAXXZ
0x00473F58|Main::RenderMenuBackground|T2|1|?RenderMenuBackground@Main@@QAAXXZ
0x004756C1|Main::UpdateOffscreenInterface|T2|1|?UpdateOffscreenInterface@Main@@QAAXXZ
0x0047579E|Main::InitSky|T1|2|?InitSky@Main@@SAXXZ
0x004770BE|ScreenShot::TakeSaveGameScreenShot|T2|3|?TakeSaveGameScreenShot@ScreenShot@@SAPAVNiPixelData@@AAH0PBD@Z
0x004799F0|TaskQueueInterface::TaskUnpackFunc|T2|1|?TaskUnpackFunc@TaskQueueInterface@@SAXABUBSPackedTask@@@Z
0x0047C6BC|Actor::CreateRagdollInstance|T2|2|?CreateRagdollInstance@Actor@@QAAXPAVNiAVObject@@_N11@Z
0x00485FDD|Actor::ResetLoadedAnimations|T2|1|?ResetLoadedAnimations@Actor@@QAAXXZ
0x0048CB58|Actor::InitiateUseWeaponPackage|T2|1|?InitiateUseWeaponPackage@Actor@@QAAXPAVTESBoundObject@@PAVTESObjectREFR@@1H1_N222@Z
0x0048E7EC|Actor::DoTrap|T2|5|?DoTrap@Actor@@UAAXPAVTrapEntry@@PAVTargetEntry@@@Z
0x0048F745|Actor::DamageEquipment|T2|2|?DamageEquipment@Actor@@UAA_NPAVItemChange@@M_N@Z
0x004927DC|Actor::QueueAttack|T2|1|?QueueAttack@Actor@@QAA_NW4ANIM_GROUP_ENUM@@@Z
0x004929A0|Actor::StartAttack|T2|3|?StartAttack@Actor@@QAA_NW4ANIM_GROUP_ENUM@@@Z
0x004973E8|Actor::HandleBlockedAttack|T2|1|?HandleBlockedAttack@Actor@@MAAXMMPAV1@PAVProjectile@@@Z
0x004988B4|D3DXShader::Compiler::WritePerfLine|T2|1|?WritePerfLine@Compiler@D3DXShader@@QAAXPAU_iobuf@@J@Z
0x00498E89|ContainerMenu::UpdateLists|T2|1|?UpdateLists@ContainerMenu@@AAAXPAVTESBoundObject@@@Z
0x0049C1BD|TESCreature::Activate|T2|2|?Activate@TESCreature@@UAA_NPAVTESObjectREFR@@0_NPAVTESBoundObject@@H@Z
0x0049D34D|Actor::Kill|T2|2|?Kill@Actor@@QAAXPAV1@M@Z
0x0049E8FC|Actor::StopCombat|T2|1|?StopCombat@Actor@@UAAXPAV1@@Z
0x004A0533|Actor::SpeakSoundFunction|T2|1|?SpeakSoundFunction@Actor@@UAAMPBDAAVBSSoundHandle@@W4DIALOGUE_EMOTION@@IHPAVTESIdleForm@@3PAVTESObjectREFR@@_N5555@Z
0x004A4540|Actor::Move|T1|2|?Move@Actor@@UAAPAVbhkCharacterController@@MAAVNiPoint3@@I@Z
0x004A7310|Actor::SetEditorLocation|T2|1|?SetEditorLocation@Actor@@QAAXPAVTESWorldSpace@@PAVTESObjectCELL@@ABVNiPoint3@@M@Z
0x004A733F|TESQuest::GetSaveSize|T2|1|?GetSaveSize@TESQuest@@UAAGI@Z
0x004A735D|Actor::UpdateActorMover|T2|1|?UpdateActorMover@Actor@@IAAXM@Z
0x004A78F0|Actor::SaveGame|T2|3|?SaveGame@Actor@@UAAXI@Z
0x004A7A40|Actor::ChangeProcessLevel|T2|1|?ChangeProcessLevel@Actor@@UAA_NXZ
0x004A7D50|Actor::PickAnimations|T2|1|?PickAnimations@Actor@@QAAXMM@Z
0x004A8150|Actor::CreateBlood|T2|1|?CreateBlood@Actor@@QAAXMPAVHitData@@@Z
0x004A8170|Actor::UpdateAnimationMovementNoWorldUpdate|T2|1|?UpdateAnimationMovementNoWorldUpdate@Actor@@UAAXXZ
0x004A81E0|Actor::LoadGame|T2|3|?LoadGame@Actor@@UAAXII@Z
0x004A8290|Actor::GetSaveSize|T2|1|?GetSaveSize@Actor@@UAAGI@Z
0x004AB829|Actor::MoveActorAndFollowers|T2|1|?MoveActorAndFollowers@Actor@@QAAXABVNiPoint3@@MPAVTESObjectCELL@@PAVTESWorldSpace@@_N3@Z
0x004ABFA0|Actor::GetPickUpSoundName|T1|8|?GetPickUpSoundName@Actor@@QAAPBDPAVTESBoundObject@@_N1@Z
0x004AE86F|Actor::GetShouldAttackActor|T2|1|?GetShouldAttackActor@Actor@@QAA_NPAV1@_NAAW4FIGHT_REACTION@@1@Z
0x004AED51|TESObjectREFR::ReplaceModel|T2|1|?ReplaceModel@TESObjectREFR@@QAA_NXZ
0x004B12D0|Actor::WaitforPlayerAtJailMarker|T2|1|?WaitforPlayerAtJailMarker@Actor@@QAAXPAVTESObjectREFR@@_N@Z
0x004B4CD0|Actor::ClearDismemberedLimbs|T2|1|?ClearDismemberedLimbs@Actor@@QAAXXZ
0x004B5064|Actor::FillBoneArray|T2|1|?FillBoneArray@Actor@@QAAXPAVNiNode@@_N@Z
0x004B59B3|Actor::QueueReplacementLocomotion|T2|3|?QueueReplacementLocomotion@Actor@@QAAX_NPAVAnimation@@PBDPAVQueuedFile@@@Z
0x004B5B0B|Actor::QueueReplacementLocomotions|T1|4|?QueueReplacementLocomotions@Actor@@QAAX_N@Z
0x004B6DF0|Actor::IntegrateFactionLists|T2|1|?IntegrateFactionLists@Actor@@QAAIPAPAVTESFaction@@IPAV?$BSSimpleList@PAUFACTION_RANK@@@@1@Z
0x004B7721|Actor::ConditionModifiedCallback|T1|3|?ConditionModifiedCallback@Actor@@SAXPAVActorValueOwner@@W4Index@ActorValue@@MM0@Z
0x004B8490|Actor::InventoryWeightModifiedCallback|T2|1|?InventoryWeightModifiedCallback@Actor@@SAXPAVActorValueOwner@@W4Index@ActorValue@@MM0@Z
0x004BC14B|CombatUtilities::IsTargetWithinStrikeAngle|T2|1|?IsTargetWithinStrikeAngle@CombatUtilities@@SA_NPAVActor@@PAVTESObjectREFR@@PAM@Z
0x004BE940|Actor::AttackAlarm|T2|1|?AttackAlarm@Actor@@QAAXPAVTESObjectREFR@@_N1@Z
0x004BF1E7|Actor::TrespassAlarm|T2|1|?TrespassAlarm@Actor@@QAAHPAVTESObjectREFR@@PAVTESForm@@H@Z
0x004C3650|Actor::CheckDehydrationLevelChange|T1|3|?CheckDehydrationLevelChange@Actor@@SAXPAVActorValueOwner@@W4Index@ActorValue@@MM0@Z
0x004C3881|Actor::CheckHungerLevelChange|T1|3|?CheckHungerLevelChange@Actor@@SAXPAVActorValueOwner@@W4Index@ActorValue@@MM0@Z
0x004C3B18|Actor::CheckRadiationLevelChange|T1|3|?CheckRadiationLevelChange@Actor@@SAXPAVActorValueOwner@@W4Index@ActorValue@@MM0@Z
0x004C3D40|Actor::CheckSleepDeprevationLevelChange|T1|3|?CheckSleepDeprevationLevelChange@Actor@@SAXPAVActorValueOwner@@W4Index@ActorValue@@MM0@Z
0x004C44AB|ActorPackage::LoadGame|T1|2|?LoadGame@ActorPackage@@QAAXII@Z
0x004C4CB0|ActorPackage::FinishLoadGame|T2|1|?FinishLoadGame@ActorPackage@@QAAXPAVBGSLoadFormBuffer@@@Z
0x004C5350|AILinearTaskThreadManager::CreateThreads|T2|1|?CreateThreads@AILinearTaskThreadManager@@QAAXXZ
0x004C5610|AILinearTaskThreadManager::AddThread|T2|1|?AddThread@AILinearTaskThreadManager@@QAAXW4AI_THREAD_INDEX@1@IP6AXXZPBDW4StackSize@BSThread@@@Z
0x004C7BC0|AITaskThreadManager::AddThread|T2|1|?AddThread@AITaskThreadManager@@QAAXI@Z
0x004C7DA0|AITaskThread::OnStartup|T2|1|?OnStartup@AITaskThread@@QAAXXZ
0x004CB284|ArrowProjectile::ProcessCollision|T2|1|?ProcessCollision@ArrowProjectile@@QAA_NXZ
0x004CB6C7|ArrowProjectile::ProcessCollisionReference|T2|1|?ProcessCollisionReference@ArrowProjectile@@QAA_NPAVbhkRigidBody@@@Z
0x004CC617|ArrowProjectile::GetSaveSize|T1|2|?GetSaveSize@ArrowProjectile@@UAAGI@Z
0x004CCCBC|ArrowProjectile::SaveGame|T2|4|?SaveGame@ArrowProjectile@@UAAXI@Z
0x004CD505|ArrowProjectile::LoadGame|T2|5|?LoadGame@ArrowProjectile@@UAAXII@Z
0x004CD6A0|ArrowProjectile::FinishInitLoadGame|T2|1|?FinishInitLoadGame@ArrowProjectile@@UAAXII@Z
0x004CDAF0|TESObjectREFR::LoadHavokDataForCollisionObjectPreVersion81|T2|1|?LoadHavokDataForCollisionObjectPreVersion81@TESObjectREFR@@SAXPAVbhkNiCollisionObject@@AAUObjectRecData@bhkWorldNS@@@Z
0x004CE9DE|AlarmPackage::GetSaveSize|T2|1|?GetSaveSize@AlarmPackage@@UAAGXZ
0x004CEB50|BaseProcess::GetSaveSize|T2|1|?GetSaveSize@BaseProcess@@UAAGIPAVMobileObject@@@Z
0x004CEC12|BaseProcess::SaveGame|T2|2|?SaveGame@BaseProcess@@UAAXIPAVMobileObject@@@Z
0x004CEE5D|BaseProcess::LoadGame|T2|5|?LoadGame@BaseProcess@@UAAXIIPAVMobileObject@@@Z
0x004D2275|hkSubStreamWriter::hkSubStreamWriter|T2|1|??0hkSubStreamWriter@@QAA@PAVhkStreamWriter@@@Z
0x004D319E|CharacterProgression::BeginLevelUp|T2|1|?BeginLevelUp@CharacterProgression@@QAAXXZ
0x004D3290|CharacterProgression::RewardExperience|T2|1|?RewardExperience@CharacterProgression@@QAAXH@Z
0x004D3BDD|FollowerBarks::GetBarkTopicByType|T1|11|?GetBarkTopicByType@FollowerBarks@@SAPAVTESTopic@@W4FollowerBarkType@1@@Z
0x004D7980|HighProcess::~HighProcess|T2|1|??1HighProcess@@UAA@XZ
0x004F5D6D|HighProcess::ProcessUseWeapon|T2|1|?ProcessUseWeapon@HighProcess@@MAA_NPAVActor@@@Z
0x004F7C21|HighProcess::ProcessUseItemAt|T2|1|?ProcessUseItemAt@HighProcess@@MAA_NPAVActor@@@Z
0x004F8B04|HighProcess::GetSaveSize|T1|2|?GetSaveSize@HighProcess@@UAAGIPAVMobileObject@@@Z
0x004F92E7|HighProcess::SaveGame|T2|3|?SaveGame@HighProcess@@UAAXIPAVMobileObject@@@Z
0x004F9320|HighProcess::SaveGame|T2|1|?SaveGame@HighProcess@@UAAXPAVBGSSaveFormBuffer@@@Z
0x004F95AB|HighProcess::RunDetection|T2|1|?RunDetection@HighProcess@@MAAXPAVActor@@M@Z
0x004F9ED9|HighProcess::ShouldRunCombatDetection|T2|1|?ShouldRunCombatDetection@HighProcess@@IAA_NPAVActor@@0@Z
0x004F9F28|HighProcess::ShouldWaitForEscortTarget|T2|1|?ShouldWaitForEscortTarget@HighProcess@@AAA_NPAVActor@@0AAVPathingLocation@@PA_N@Z
0x004F9FA9|HighProcess::LoadGame|T2|3|?LoadGame@HighProcess@@UAAXIIPAVMobileObject@@@Z
0x004FD308|HighProcess::StartTorchSound|T2|1|?StartTorchSound@HighProcess@@UAAXPAVActor@@@Z
0x004FDCFA|HighProcess::CheckTargetCombatDetectionState|T2|1|?CheckTargetCombatDetectionState@HighProcess@@IAA_NPAVActor@@0@Z
0x004FF940|HighProcess::GetCurrentHeadTrackTypeString|T1|4|?GetCurrentHeadTrackTypeString@HighProcess@@UAAPBDXZ
0x00503CD0|LipSyncBackgroundManager::BuildLipSynicFile|T2|1|?BuildLipSynicFile@LipSyncBackgroundManager@@QAAXPAVMobileObject@@PBD@Z
0x00503E20|LipTask::GetDescription|T2|1|?GetDescription@LipTask@@UAA_NPADI@Z
0x00503F90|LipTask::Run|T2|1|?Run@LipTask@@UAAXXZ
0x00504220|>::LockFreeMapInterface::SetAt|T2|1|?SetAt@LockFreeMapInterface@?$LockFreeMap@_JV?$NiPointer@V?$BSTask@_J@@@@@@QAA_NI_JABV?$NiPointer@V?$BSTask@_J@@@@_N@Z
0x00504430|*>::CopyKey|T2|1|?CopyKey@?$LockFreeStringMap@PAVModel@@@@UAAPBDPBD@Z
0x0050DA8C|Crime::GetSaveSize|T2|1|?GetSaveSize@Crime@@QAAGXZ
0x0050DD50|Crime::SaveGame|T2|2|?SaveGame@Crime@@QAAXXZ
0x0050E1FD|LowProcess::LoadGame|T2|3|?LoadGame@LowProcess@@UAAXIIPAVMobileObject@@@Z
0x0051DF98|MapMenu::UpdateQuests|T2|1|?UpdateQuests@MapMenu@@IAAXXZ
0x0051F8A6|MiddleHighProcess::SitOrSleep|T2|1|?SitOrSleep@MiddleHighProcess@@MAA_NPAVActor@@@Z
0x0052034F|MiddleHighProcess::ProcessGetUp|T2|1|?ProcessGetUp@MiddleHighProcess@@MAA_NPAVActor@@@Z
0x00521E00|MiddleHighProcess::ReparentWeapon|T2|3|?ReparentWeapon@MiddleHighProcess@@QAAX_NPAVBipedAnim@@PAVAnimation@@PAVActor@@@Z
0x00522558|ExtraDataList::GetSaveSize|T2|1|?GetSaveSize@ExtraDataList@@QAAGIPAVTESObjectREFR@@@Z
0x00522B20|LowProcess::SaveGame|T2|2|?SaveGame@LowProcess@@UAAXIPAVMobileObject@@@Z
0x00522B80|BSTempEffectGeometryDecal::SaveGame|T2|1|?SaveGame@BSTempEffectGeometryDecal@@UAAXXZ
0x00523533|MiddleHighProcess::LoadGame|T2|3|?LoadGame@MiddleHighProcess@@UAAXIIPAVMobileObject@@@Z
0x0052BCF0|MiddleLowProcess::Update|T2|2|?Update@MiddleLowProcess@@UAAXPAVMobileObject@@@Z
0x0052C29D|LowProcess::Update|T2|1|?Update@LowProcess@@UAAXPAVMobileObject@@@Z
0x0052C540|MiddleLowProcess::GetSaveSize|T1|2|?GetSaveSize@MiddleLowProcess@@UAAGIPAVMobileObject@@@Z
0x0052C720|MiddleLowProcess::SaveGame|T1|4|?SaveGame@MiddleLowProcess@@UAAXIPAVMobileObject@@@Z
0x0052C820|MiddleLowProcess::LoadGame|T2|3|?LoadGame@MiddleLowProcess@@UAAXIIPAVMobileObject@@@Z
0x00532880|MobileObject::SpeakSoundFunction|T2|1|?SpeakSoundFunction@MobileObject@@UAAMPBDAAVBSSoundHandle@@W4DIALOGUE_EMOTION@@IHPAVTESIdleForm@@3PAVTESObjectREFR@@_N5555@Z
0x0053455A|MobileObject::UpdateSoundCallBack|T2|1|?UpdateSoundCallBack@MobileObject@@UAAXXZ
0x00539BF1|PlayerCharacter::InitLoadGame|T1|2|?InitLoadGame@PlayerCharacter@@UAAXPAVBGSLoadFormBuffer@@@Z
0x0053A5A0|PlayerCharacter::RequestPositionPlayer|T2|1|?RequestPositionPlayer@PlayerCharacter@@QAAXPAUPLAYER_TARGET_LOC@@@Z
0x0053C692|PlayerCharacter::SetSlowMoCamera|T2|1|?SetSlowMoCamera@PlayerCharacter@@QAAXPAVTESObjectREFR@@M_NW4LIMB_ENUM@BGSBodyPart@@@Z
0x00540BA4|VATSMenu::DoIdle|T2|1|?DoIdle@VATSMenu@@UAAXXZ
0x00544D44|PlayerCharacter::UpdateFlyCamera|T2|1|?UpdateFlyCamera@PlayerCharacter@@QAAXM_N@Z
0x0054BC42|TESFurniture::Activate|T2|1|?Activate@TESFurniture@@UAA_NPAVTESObjectREFR@@0_NPAVTESBoundObject@@H@Z
0x0054BD91|PlayerCharacter::CanFastTravel|T2|1|?CanFastTravel@PlayerCharacter@@QAA_NXZ
0x0054C870|PlayerCharacter::QueuePlayerAnims|T2|2|?QueuePlayerAnims@PlayerCharacter@@QAAXW4IO_TASK_PRIORITY@@PAVQueuedFile@@@Z
0x0054CC05|PlayerCharacter::Set3D|T2|1|?Set3D@PlayerCharacter@@UAAXPAVNiAVObject@@_N@Z
0x0054DB80|PlayerCharacter::ExportProgressData|T2|6|?ExportProgressData@PlayerCharacter@@QAAXW4PROGRESS_EVENT@1@@Z
0x0054DF60|PlayerCharacter::RewardKarma|T2|1|?RewardKarma@PlayerCharacter@@QAAXH@Z
0x0054F4DC|Interface::GetMeshesFolder|T2|1|?GetMeshesFolder@Interface@@SAPBDXZ
0x0054F5A4|PlayerCharacter::CloneInventory3D|T2|1|?CloneInventory3D@PlayerCharacter@@QAAPAVNiNode@@_N@Z
0x005516A5|PlayerCharacter::FocusOnActor|T2|1|?FocusOnActor@PlayerCharacter@@QAAXPAVMobileObject@@M_N@Z
0x00552E60|LowProcess::GetSaveSize|T2|1|?GetSaveSize@LowProcess@@UAAGIPAVMobileObject@@@Z
0x005535EA|MiddleHighProcess::GetSaveSize|T2|1|?GetSaveSize@MiddleHighProcess@@UAAGIPAVMobileObject@@@Z
0x0055384F|PlayerCharacter::SaveGame|T1|3|?SaveGame@PlayerCharacter@@UAAXI@Z
0x005552F5|TESSpellList::LoadGame|T2|6|?LoadGame@TESSpellList@@UAAXII@Z
0x00556D61|PlayerCharacter::LoadGame|T2|4|?LoadGame@PlayerCharacter@@UAAXII@Z
0x0055A5F4|PlayerCharacter::DamageModActorValue|T2|1|?DamageModActorValue@PlayerCharacter@@UAAXW4Index@ActorValue@@HPAVActor@@@Z
0x0055A837|PlayerCharacter::DamageModActorValue|T2|1|?DamageModActorValue@PlayerCharacter@@UAAXW4Index@ActorValue@@MPAVActor@@@Z
0x0055C8F3|PlayerCharacter::CheckPoisonWeapon|T2|1|?CheckPoisonWeapon@PlayerCharacter@@QAAXPAVAlchemyItem@@@Z
0x0055D041|PlayerCharacter::Preload1stPersonAnimsFileList|T2|6|?Preload1stPersonAnimsFileList@PlayerCharacter@@QAAXXZ
0x0055D3F0|PlayerCharacter::Load3D|T2|1|?Load3D@PlayerCharacter@@UAAPAVNiAVObject@@_N@Z
0x00560F13|PlayerCharacter::AddGunWobble|T1|2|?AddGunWobble@PlayerCharacter@@UAAXXZ
0x005639E0|DebugTextWeapon::_DTPFactory::_DTPFactory|T2|1|??0_DTPFactory@DebugTextWeapon@@QAA@XZ
0x00564BC6|PlayerCharacter::AddNote|T2|1|?AddNote@PlayerCharacter@@QAAXPAVBGSNote@@_N@Z
0x00565620|PlayerCharacter::UpdateMenuModeButton|T2|1|?UpdateMenuModeButton@PlayerCharacter@@QAAXM@Z
0x0056802C|Actor::DropObject|T2|1|?DropObject@Actor@@UAAPAVTESObjectREFR@@PAVTESObject@@PAVExtraDataList@@HPBVNiPoint3@@2@Z
0x0056806F|Actor::Eat|T2|1|?Eat@Actor@@QAAXPAVTESBoundObject@@PAVExtraDataList@@_N@Z
0x00568165|Actor::EquipObject|T2|1|?EquipObject@Actor@@QAAXPAVTESBoundObject@@HPAVExtraDataList@@_N22@Z
0x005683F7|BGSTerminal::HandleOpenFinish|T2|1|?HandleOpenFinish@BGSTerminal@@UAAXPAVTESObjectREFR@@0@Z
0x00570877|ProcessLists::GetCrimeByIndex|T2|1|?GetCrimeByIndex@ProcessLists@@QAAPAVCrime@@W4CRIME_TYPE@PackageNS@@G@Z
0x0057A5DD|MessageHandler::NiWarning|T2|1|?NiWarning@MessageHandler@@KAIPBD0PAX@Z
0x0057AA40|DebugTextActor::PrintTraitsPerksPage|T2|1|?PrintTraitsPerksPage@DebugTextActor@@AAAXPAVIDebugText@@PAVActor@@@Z
0x0057B410|CombatActionHide::GetDebugText|T2|1|?GetDebugText@CombatActionHide@@UAAXPADIH@Z
0x00582A91|CombatGoal::CreateCombatGoal|T2|1|?CreateCombatGoal@CombatGoal@@SAPAV1@W4COMBAT_GOAL@1@@Z
0x00584628|CombatGroup::AddTarget|T2|1|?AddTarget@CombatGroup@@QAA_NPAVActor@@@Z
0x005848DC|CombatGroup::AddMember|T2|1|?AddMember@CombatGroup@@QAA_NPAVActor@@@Z
0x00585800|CombatGroup::MergeGroup|T2|1|?MergeGroup@CombatGroup@@QAA_NPAV1@@Z
0x0058EFA0|CombatManager::AddCombatant|T2|1|?AddCombatant@CombatManager@@QAAPAVCombatController@@PAVActor@@0I_N@Z
0x0058F540|CombatManager::AddGroupMember|T2|1|?AddGroupMember@CombatManager@@QAAPAVCombatController@@PAVActor@@PAVCombatGroup@@@Z
0x0058FF68|CombatManager::CreateCombatGroup|T1|2|?CreateCombatGroup@CombatManager@@QAAPAVCombatGroup@@XZ
0x005900F0|CombatManager::SplitPlayerCombatGroup|T2|1|?SplitPlayerCombatGroup@CombatManager@@QAAPAVCombatGroup@@PAVActor@@@Z
0x00590146|CombatManager::Create|T2|1|?Create@CombatManager@@SAXXZ
0x00590320|CombatManager::Update|T2|1|?Update@CombatManager@@QAAX_N@Z
0x00599323|CombatState::FindCombatLocation|T2|1|?FindCombatLocation@CombatState@@QAA_NH@Z
0x005A201D|CombatTargetMap::AddTargetAttacker|T2|1|?AddTargetAttacker@CombatTargetMap@@QAAXPAVActor@@0@Z
0x005A4C70|DebugTextWeapon::RenderPage|T2|1|?RenderPage@DebugTextWeapon@@UAAXPAVIDebugText@@H@Z
0x005A8250|CombatWorldState::GetStateValueText|T2|1|?GetStateValueText@CombatWorldState@@SAPBDW4COMBAT_WORLD_STATE@@H@Z
0x005A87F0|CombatWorldStateArray::Update|T2|1|?Update@CombatWorldStateArray@@QAAXPAVCombatController@@@Z
0x005A912B|CombatWorldStateArray::GetDebugText|T1|3|?GetDebugText@CombatWorldStateArray@@QAAXPADIW4COMBAT_WORLD_STATE@@@Z
0x005A93A0|ContinuousBeamProjectile::Initialize|T2|1|?Initialize@ContinuousBeamProjectile@@UAAXXZ
0x005AADC0|Explosion::ProcessTargets|T2|1|?ProcessTargets@Explosion@@QAAXXZ
0x005AB1E2|MagicBallProjectile::Update|T2|1|?Update@MagicBallProjectile@@UAAXM@Z
0x005AB41E|Explosion::Initialize|T2|1|?Initialize@Explosion@@UAAXXZ
0x005AB8DF|Explosion::Init3D|T1|2|?Init3D@Explosion@@QAAXXZ
0x005AFD7C|Explosion::RunLOSPick|T2|1|?RunLOSPick@Explosion@@QAA_NVNiPoint3@@PAVTESObjectREFR@@@Z
0x005B683F|MissileProjectile::UpdateProjectile|T2|1|?UpdateProjectile@MissileProjectile@@UAAXM@Z
0x005B9BF1|Projectile::ImpactData::FinishLoadGame|T2|1|?FinishLoadGame@ImpactData@Projectile@@QAAXPAVBGSLoadFormBuffer@@@Z
0x005BAAA0|Projectile::Kill|T1|3|?Kill@Projectile@@QAAXXZ
0x005BDBBC|Projectile::AddImpact|T2|4|?AddImpact@Projectile@@MAA_NPAVTESObjectREFR@@ABVNiPoint3@@1PBVhkpCollidable@@IW4MATERIAL_TYPE@@@Z
0x005BE881|Projectile::RunTargetPick|T2|1|?RunTargetPick@Projectile@@UAA_NXZ
0x005C783F|VATS::UpdateMeleeAttack|T2|1|?UpdateMeleeAttack@VATS@@AAAXPAUVATS_COMMAND@@@Z
0x005C8870|CombatProcedureActivateObject::Update|T2|1|?Update@CombatProcedureActivateObject@@UAAXXZ
0x005C8B90|CombatProcedureMove::ClearReferencePointers|T2|1|?ClearReferencePointers@CombatProcedureMove@@UAAXPAVTESObjectREFR@@@Z
0x005C8BC4|CombatProcedureActivateObject::DisplayDebugText|T2|2|?DisplayDebugText@CombatProcedureActivateObject@@UAAXPAVIDebugText@@W4DEBUGTEXT_LOCATION@@W4DEBUGTEXT_JUSTIFY@@@Z
0x005C9A50|CombatProcedureAttackGrenade::DisplayDebugText|T2|2|?DisplayDebugText@CombatProcedureAttackGrenade@@UAAXPAVIDebugText@@W4DEBUGTEXT_LOCATION@@W4DEBUGTEXT_JUSTIFY@@@Z
0x005C9BFA|CombatProcedureAttackLow::Update|T2|1|?Update@CombatProcedureAttackLow@@UAAXXZ
0x005C9FB4|CombatProcedureAttackLow::DisplayDebugText|T2|2|?DisplayDebugText@CombatProcedureAttackLow@@UAAXPAVIDebugText@@W4DEBUGTEXT_LOCATION@@W4DEBUGTEXT_JUSTIFY@@@Z
0x005CBA50|CombatProcedureAttackMelee::ManeuverDecision|T1|5|?ManeuverDecision@CombatProcedureAttackMelee@@AAAXXZ
0x005CBD6D|CombatProcedureAttackMelee::HandleDodge|T2|1|?HandleDodge@CombatProcedureAttackMelee@@AAAXXZ
0x005CCFB0|CombatProcedureAttackMelee::SelectPowerAttack|T2|4|?SelectPowerAttack@CombatProcedureAttackMelee@@AAA?AW4ANIM_GROUP_ENUM@@MM_N00@Z
0x005CDAC0|CombatProcedureAttackMelee::DisplayDebugText|T2|5|?DisplayDebugText@CombatProcedureAttackMelee@@UAAXPAVIDebugText@@W4DEBUGTEXT_LOCATION@@W4DEBUGTEXT_JUSTIFY@@@Z
0x005CFDEF|CombatProcedureAttackRanged::Disarmed|T2|1|?Disarmed@CombatProcedureAttackRanged@@UAAXPAVActor@@@Z
0x005D0184|CombatProcedureAttackRanged::DisplayDebugText|T2|3|?DisplayDebugText@CombatProcedureAttackRanged@@UAAXPAVIDebugText@@W4DEBUGTEXT_LOCATION@@W4DEBUGTEXT_JUSTIFY@@@Z
0x005D114A|CombatProcedureBeInCover::Update|T2|5|?Update@CombatProcedureBeInCover@@UAAXXZ
0x005D1910|CombatProcedureBeInCover::DisplayDebugText|T2|4|?DisplayDebugText@CombatProcedureBeInCover@@UAAXPAVIDebugText@@W4DEBUGTEXT_LOCATION@@W4DEBUGTEXT_JUSTIFY@@@Z
0x005D2CCF|CombatProcedureEngageTarget::Update|T2|7|?Update@CombatProcedureEngageTarget@@UAAXXZ
0x005D3800|CombatProcedureEngageTarget::DisplayDebugText|T2|14|?DisplayDebugText@CombatProcedureEngageTarget@@UAAXPAVIDebugText@@W4DEBUGTEXT_LOCATION@@W4DEBUGTEXT_JUSTIFY@@@Z
0x005D3F42|CombatProcedureEvade::Update|T1|2|?Update@CombatProcedureEvade@@UAAXXZ
0x005D454A|CombatProcedureHideFromTarget::Update|T2|2|?Update@CombatProcedureHideFromTarget@@UAAXXZ
0x005D4895|CombatProcedureHideFromTarget::DisplayDebugText|T1|3|?DisplayDebugText@CombatProcedureHideFromTarget@@UAAXPAVIDebugText@@W4DEBUGTEXT_LOCATION@@W4DEBUGTEXT_JUSTIFY@@@Z
0x005D5351|CombatProcedureMove::Update|T1|2|?Update@CombatProcedureMove@@UAAXXZ
0x005D623F|CombatProcedureMove::CreatePath|T2|1|?CreatePath@CombatProcedureMove@@QAA_NAAV?$NiPointer@VPathingAvoidNodeArray@@@@@Z
0x005D6730|CombatProcedureMove::DisplayDebugText|T2|6|?DisplayDebugText@CombatProcedureMove@@UAAXPAVIDebugText@@W4DEBUGTEXT_LOCATION@@W4DEBUGTEXT_JUSTIFY@@@Z
0x005D77F1|CombatProcedureSearch::Update|T2|5|?Update@CombatProcedureSearch@@UAAXXZ
0x005D8248|CombatProcedureSearch::DisplayDebugText|T2|5|?DisplayDebugText@CombatProcedureSearch@@UAAXPAVIDebugText@@W4DEBUGTEXT_LOCATION@@W4DEBUGTEXT_JUSTIFY@@@Z
0x005D84B0|CombatController::DisplayAttackerDebugText|T2|1|?DisplayAttackerDebugText@CombatController@@QAAXPAVIDebugText@@W4DEBUGTEXT_LOCATION@@W4DEBUGTEXT_JUSTIFY@@@Z
0x005D8C00|CombatProcedureUseCombatItem::Update|T2|1|?Update@CombatProcedureUseCombatItem@@UAAXXZ
0x005D8C60|CombatProcedureUseCombatItem::DisplayDebugText|T2|1|?DisplayDebugText@CombatProcedureUseCombatItem@@UAAXPAVIDebugText@@W4DEBUGTEXT_LOCATION@@W4DEBUGTEXT_JUSTIFY@@@Z
0x005DD86C|ActorMover::LoadGame|T2|1|?LoadGame@ActorMover@@UAAXPAVBGSLoadFormBuffer@@@Z
0x005E6DD2|DetailedActorPathHandler::PrintCurrentStatus|T2|12|?PrintCurrentStatus@DetailedActorPathHandler@@UAAXPAVIDebugText@@W4DEBUGTEXT_LOCATION@@W4DEBUGTEXT_JUSTIFY@@@Z
0x005E90E1|VirtualActorPathHandler::UseDoorAtNode|T2|1|?UseDoorAtNode@VirtualActorPathHandler@@QAAHAAVNiPoint3@@@Z
0x005E937E|VirtualActorPathHandler::PrintCurrentStatus|T1|3|?PrintCurrentStatus@VirtualActorPathHandler@@UAAXPAVIDebugText@@W4DEBUGTEXT_LOCATION@@W4DEBUGTEXT_JUSTIFY@@@Z
0x005E9C60|PlayerCharacter::GetSaveSize|T2|1|?GetSaveSize@PlayerCharacter@@UAAGI@Z
0x005EA096|TES::SaveGame|T1|3|?SaveGame@TES@@QAAXXZ
0x005EA95D|TES::GetSaveSize|T2|1|?GetSaveSize@TES@@QAAGXZ
0x005EAD60|TESObjectCELL::SaveGame|T2|3|?SaveGame@TESObjectCELL@@UAAXI@Z
0x005EAF35|TES::LoadGame|T2|4|?LoadGame@TES@@QAAXXZ
0x005EB72D|BackUpPackage::GetSaveSize|T1|2|?GetSaveSize@BackUpPackage@@UAAGXZ
0x005EB8A0|BackUpPackage::SaveGame|T2|3|?SaveGame@BackUpPackage@@UAAXXZ
0x005EB9A0|ExtraDataList::SaveGame|T2|1|?SaveGame@ExtraDataList@@QAAXIPAVTESObjectREFR@@@Z
0x005EBB80|BackUpPackage::LoadGame|T2|3|?LoadGame@BackUpPackage@@UAAXXZ
0x005ED700|DialoguePackage::GetSaveSize|T1|2|?GetSaveSize@DialoguePackage@@UAAGXZ
0x005EDA51|DialoguePackage::SaveGame|T1|4|?SaveGame@DialoguePackage@@UAAXXZ
0x005EDF13|DialoguePackage::LoadGame|T2|4|?LoadGame@DialoguePackage@@UAAXXZ
0x005EFB72|FleePackage::GetSaveSize|T1|2|?GetSaveSize@FleePackage@@UAAGXZ
0x005EFE47|FleePackage::SaveGame|T2|3|?SaveGame@FleePackage@@UAAXXZ
0x005EFF60|AlarmPackage::LoadGame|T2|2|?LoadGame@AlarmPackage@@UAAXXZ
0x005F01D0|Crime::LoadGame|T2|2|?LoadGame@Crime@@QAAXXZ
0x005F0267|FleePackage::LoadGame|T2|3|?LoadGame@FleePackage@@UAAXXZ
0x005FDAF0|Tile::LoadTextTable|T3|18|?LoadTextTable@Tile@@SAXXZ
0x005FDCB0|D3DXShader::CParse::Token|T3|1|?Token@CParse@D3DXShader@@IAAHXZ
0x005FE090|XGRAPHICS::PrintToken|T2|1|?PrintToken@XGRAPHICS@@YAXPBTIL_OpCode@1@PAVCompiler@1@@Z
0x005FE1A0|XGRAPHICS::ShaderPDBBuilder::WriteTool|T2|2|?WriteTool@ShaderPDBBuilder@XGRAPHICS@@AAAXPAVStream@2@@Z
0x005FE2A0|XGRAPHICS::ShaderPDBBuilder::WriteTypeInfo|T3|1|?WriteTypeInfo@ShaderPDBBuilder@XGRAPHICS@@AAAXPAVStream@2@PAU_D3DXSHADER_CONSTANTTABLE@@PAU_D3DXSHADER_TYPEINFO@@PBD@Z
0x005FE2F0|D3DXShader::CUAssembler::GetPDBBuilder|T2|1|?GetPDBBuilder@CUAssembler@D3DXShader@@IAAPAUXShaderPDBBuilder@@XZ
0x005FE570|D3DXShader::CParse::FindDecl|T2|1|?FindDecl@CParse@D3DXShader@@IAAJW4_D3DDECL_TYPE@2@PAUD3DXTOKEN@2@PAVCNode@2@2PAVCNodeScope@2@KPAPAV52@4@Z
0x005FE5DA|XGRAPHICS::ShaderPDBBuilder::WriteShaders|T3|1|?WriteShaders@ShaderPDBBuilder@XGRAPHICS@@AAAXPAVStream@2@@Z
0x00600CE3|Tile::ParseFile|T2|3|?ParseFile@Tile@@SAPAVBuildStorage@1@PBDPADI@Z
0x00601000|Tile::InsertIncludedFiles|T2|1|?InsertIncludedFiles@Tile@@SA_NPAVXMLStorage@@@Z
0x00601350|Tile::BuildAndNameTree|T2|1|?BuildAndNameTree@Tile@@QAAPAV1@PAVTileTemplate@1@@Z
0x006017C3|Tile::ConnectTraitsToTree|T2|2|?ConnectTraitsToTree@Tile@@QAAXPAVTileTemplate@1@@Z
0x00604DDA|Tile::UpdateTile|T2|1|?UpdateTile@Tile@@QAA_N_N@Z
0x00604E04|BGSTextureSet::GetTexture|T2|1|?GetTexture@BGSTextureSet@@UBAXW4TextureTypeEnum@BSShaderProperty@@AAV?$NiPointer@VNiTexture@@@@@Z
0x00605E2A|Tile::AddFadeControl|T1|2|?AddFadeControl@Tile@@QAAXHMMMW4TILE_FADE_CONTROL_TYPE@1@@Z
0x00606471|Tile::UpdateFadeControls|T1|2|?UpdateFadeControls@Tile@@SAXXZ
0x006082BA|NiFragmentMaterial::InsertTextureSampler|T2|1|?InsertTextureSampler@NiFragmentMaterial@@MAAPAVNiMaterialResource@@AAVContext@1@ABVNiFixedString@@I@Z
0x00608A20|Tile::TileTemplate::AddPair|T2|1|?AddPair@TileTemplate@Tile@@QAAXHPBDH_N@Z
0x00608DAC|NiD3DShaderProgramCreatorHLSL::CreatePixelShaderFromD3DXBuffer|T2|1|?CreatePixelShaderFromD3DXBuffer@NiD3DShaderProgramCreatorHLSL@@UAAPAVNiD3DPixelShader@@PAUID3DXBuffer@@IPBD11_N@Z
0x00609BFA|TileText::GetTypeName|T2|1|?GetTypeName@TileText@@UAAPBDXZ
0x00612C15|Font::MakeTriShape|T2|1|?MakeTriShape@Font@@QAAPAVNiTriShape@@HABVNiColorA@@_N@Z
0x00613860|Font::MakeIconsTriShape|T2|1|?MakeIconsTriShape@Font@@QAAPAVNiTriShape@@XZ
0x00614DA0|FontManager::FontManager|T2|1|??0FontManager@@QAA@XZ
0x00615106|FontManager::CollectTo|T2|1|?CollectTo@FontManager@@QAA?AV?$BSStringT@D@@PADAAHHH1AAD_N@Z
0x00615CE9|std::_Locinfo::_Gettrue|T2|1|?_Gettrue@_Locinfo@std@@QBAPBDXZ
0x00616077|FontManager::PrepHypertext|T2|5|?PrepHypertext@FontManager@@QAAPAVTextDoc@1@AAV?$BSStringT@D@@AAVTextData@1@@Z
0x0061AD11|Menu::LoadMasterXMLFile|T1|2|?LoadMasterXMLFile@Menu@@SAHXZ
0x0061B5E5|Menu::CreateFinalMasterXMLFile|T2|1|?CreateFinalMasterXMLFile@Menu@@SA_NXZ
0x0061D779|Tile::Extra::Extra|T2|1|??0Extra@Tile@@QAA@PAV1@PAVNiNode@@@Z
0x0061D8C7|Tile::GetTextureAtlasInfo|T2|1|?GetTextureAtlasInfo@Tile@@SAXPBD0PAV?$BSStringT@D@@PAV?$NiRect@M@@@Z
0x0061D910|BGSTextureSet::Load|T2|1|?Load@BGSTextureSet@@UAA_NPAVTESFile@@@Z
0x0061DC20|TileImage::AddToTesTextures|T2|1|?AddToTesTextures@TileImage@@SAXPBDAAMAAV?$NiPointer@VNiTexture@@@@MV2@@Z
0x0061E170|TileImage::MakeNode|T2|1|?MakeNode@TileImage@@UAAPAVNiNode@@XZ
0x0061E9F0|Tile3D::UpdateNIF|T2|1|?UpdateNIF@Tile3D@@QAAXXZ
0x00620D32|ItemModMenu::Update|T2|1|?Update@ItemModMenu@@SAXXZ
0x00620ED0|ReservedCoverLocation::UpdateDebugGeometry|T2|1|?UpdateDebugGeometry@ReservedCoverLocation@@QAAXI@Z
0x00624080|XGamerProfile::IsCodeRedeemed|T2|1|?IsCodeRedeemed@XGamerProfile@@QBA_NPBD@Z
0x00624180|XGamerProfile::RedeemCode|T2|1|?RedeemCode@XGamerProfile@@QAA_NPBD@Z
0x00624280|XGamerProfile::GetContentBit|T1|4|?GetContentBit@XGamerProfile@@IBAIPBD@Z
0x0062C088|NiAnimationSDM::Shutdown|T2|46|?Shutdown@NiAnimationSDM@@SAXXZ
0x0062C130|NiAnimationSDM::Init|T2|16|?Init@NiAnimationSDM@@SAXXZ
0x0062D1D0|NiControllerManager::CreateTempBlendSequence|T2|1|?CreateTempBlendSequence@NiControllerManager@@IAAPAVNiControllerSequence@@PAV2@0@Z
0x0062DA31|NiInterpController::GetViewerStrings|T2|1|?GetViewerStrings@NiInterpController@@UAAXPAV?$NiTPrimitiveArray@PAD@@@Z
0x0062E510|NiMultiTargetTransformController::GetViewerStrings|T2|1|?GetViewerStrings@NiMultiTargetTransformController@@UAAXPAV?$NiTPrimitiveArray@PAD@@@Z
0x0062F380|NiControllerSequence::GetViewerString|T1|8|?GetViewerString@NiControllerSequence@@SAPADPBDW4AnimState@1@@Z
0x0062FD40|SurgeryMenu::SetSurgeryPlayer3DPosition|T2|1|?SetSurgeryPlayer3DPosition@SurgeryMenu@@SAXMMM@Z
0x0062FEB0|NiControllerSequence::IDTag::IsTreadController|T2|1|?IsTreadController@IDTag@NiControllerSequence@@QAA_NXZ
0x006312D0|NiControllerSequence::ConvertOldNameControllerPair|T2|1|?ConvertOldNameControllerPair@NiControllerSequence@@IAA_NPBDPAVNiInterpController@@@Z
0x006328B0|NiControllerSequence::GetViewerStrings|T2|5|?GetViewerStrings@NiControllerSequence@@UAAXPAV?$NiTPrimitiveArray@PAD@@@Z
0x0063643B|NiBlendInterpolator::GetViewerStrings|T2|4|?GetViewerStrings@NiBlendInterpolator@@UAAXPAV?$NiTPrimitiveArray@PAD@@@Z
0x00636DC0|NiQuatTransform::GetViewerStrings|T2|2|?GetViewerStrings@NiQuatTransform@@QAAXPAV?$NiTPrimitiveArray@PAD@@@Z
0x00639960|NiGeomMorpherController::GetViewerStrings|T2|3|?GetViewerStrings@NiGeomMorpherController@@UAAXPAV?$NiTPrimitiveArray@PAD@@@Z
0x0063A450|NiColorInterpolator::GetViewerStrings|T1|2|?GetViewerStrings@NiColorInterpolator@@UAAXPAV?$NiTPrimitiveArray@PAD@@@Z
0x0063AA10|NiFloatInterpolator::GetViewerStrings|T1|2|?GetViewerStrings@NiFloatInterpolator@@UAAXPAV?$NiTPrimitiveArray@PAD@@@Z
0x0063B530|NiBoolData::GetViewerStrings|T2|1|?GetViewerStrings@NiBoolData@@UAAXPAV?$NiTPrimitiveArray@PAD@@@Z
0x0063E980|NiBlendFloatInterpolator::GetViewerStrings|T2|1|?GetViewerStrings@NiBlendFloatInterpolator@@UAAXPAV?$NiTPrimitiveArray@PAD@@@Z
0x0063FD10|NiMorphData::LoadBinary|T2|1|?LoadBinary@NiMorphData@@UAAXAAVNiStream@@@Z
0x0063FFD0|NiMorphData::GetViewerStrings|T1|4|?GetViewerStrings@NiMorphData@@UAAXPAV?$NiTPrimitiveArray@PAD@@@Z
0x00640360|NiActorManager::_SDMInit|T2|1|?_SDMInit@NiActorManager@@SAXXZ
0x00642290|BSLookIKNote::ParseTextKey|T2|2|?ParseTextKey@BSLookIKNote@@UAA_NPBVNiTextKey@@@Z
0x00642310|NiXenonRenderer::Do_RenderParticleStrips|T2|1|?Do_RenderParticleStrips@NiXenonRenderer@@MAAXPAVNiParticles@@@Z
0x00642773|SurgeryMenu::SetAnimation|T2|2|?SetAnimation@SurgeryMenu@@IAAXW4SURGERY_MENU_ANIMATION@1@@Z
0x00642782|BSGrabIKNote::GetViewerStrings|T2|2|?GetViewerStrings@BSGrabIKNote@@UAAXPAV?$NiTPrimitiveArray@PAD@@@Z
0x006427E0|BSLookIKNote::GetViewerStrings|T2|2|?GetViewerStrings@BSLookIKNote@@UAAXPAV?$NiTPrimitiveArray@PAD@@@Z
0x00642824|NiXenonRenderer::Do_RenderPoints|T2|1|?Do_RenderPoints@NiXenonRenderer@@MAAXPAVNiParticles@@@Z
0x00642C80|BSAnimNote::GetViewerStrings|T2|3|?GetViewerStrings@BSAnimNote@@UAAXPAV?$NiTPrimitiveArray@PAD@@@Z
0x006438D0|NiUVData::GetViewerStrings|T2|2|?GetViewerStrings@NiUVData@@UAAXPAV?$NiTPrimitiveArray@PAD@@@Z
0x00644396|NiTextureTransformController::GetCtlrID|T2|2|?GetCtlrID@NiTextureTransformController@@UAAPBDXZ
0x00644F90|NiColorData::GetViewerStrings|T2|1|?GetViewerStrings@NiColorData@@UAAXPAV?$NiTPrimitiveArray@PAD@@@Z
0x00644FF0|NiTextKeyExtraData::GetViewerStrings|T2|2|?GetViewerStrings@NiTextKeyExtraData@@UAAXPAV?$NiTPrimitiveArray@PAD@@@Z
0x00646641|NiFloatData::GetViewerStrings|T2|1|?GetViewerStrings@NiFloatData@@UAAXPAV?$NiTPrimitiveArray@PAD@@@Z
0x006470C0|NiQuaternionInterpolator::GetViewerStrings|T1|2|?GetViewerStrings@NiQuaternionInterpolator@@UAAXPAV?$NiTPrimitiveArray@PAD@@@Z
0x00647420|NiPosData::GetViewerStrings|T2|1|?GetViewerStrings@NiPosData@@UAAXPAV?$NiTPrimitiveArray@PAD@@@Z
0x00647CC0|NiPoint3Interpolator::GetViewerStrings|T1|2|?GetViewerStrings@NiPoint3Interpolator@@UAAXPAV?$NiTPrimitiveArray@PAD@@@Z
0x006494B0|NiMaterialColorController::GetCtlrID|T1|3|?GetCtlrID@NiMaterialColorController@@UAAPBDXZ
0x0064B270|NiLightColorController::GetCtlrID|T1|2|?GetCtlrID@NiLightColorController@@UAAPBDXZ
0x0064C840|NiTransformData::LoadBinary|T2|1|?LoadBinary@NiTransformData@@UAAXAAVNiStream@@@Z
0x0064CB72|NiTransformData::GetViewerStrings|T1|3|?GetViewerStrings@NiTransformData@@UAAXPAV?$NiTPrimitiveArray@PAD@@@Z
0x0064CCD0|XGRAPHICS::_D3DPrintTree|T2|1|?_D3DPrintTree@XGRAPHICS@@YAXPAU_iobuf@@PAVVerNode@1@H_NH@Z
0x0064CF40|NiFloatsExtraDataController::GetViewerStrings|T2|1|?GetViewerStrings@NiFloatsExtraDataController@@UAAXPAV?$NiTPrimitiveArray@PAD@@@Z
0x0064D240|NiFloatsExtraDataPoint3Controller::GetViewerStrings|T2|1|?GetViewerStrings@NiFloatsExtraDataPoint3Controller@@UAAXPAV?$NiTPrimitiveArray@PAD@@@Z
0x0064E5B0|NiBSplineTransformInterpolator::GetViewerStrings|T1|2|?GetViewerStrings@NiBSplineTransformInterpolator@@UAAXPAV?$NiTPrimitiveArray@PAD@@@Z
0x0064EAA0|NiBSplinePoint3Interpolator::GetViewerStrings|T2|1|?GetViewerStrings@NiBSplinePoint3Interpolator@@UAAXPAV?$NiTPrimitiveArray@PAD@@@Z
0x0064EDD0|NiBSplineFloatInterpolator::GetViewerStrings|T1|2|?GetViewerStrings@NiBSplineFloatInterpolator@@UAAXPAV?$NiTPrimitiveArray@PAD@@@Z
0x0064FDE0|NiBSplineColorInterpolator::GetViewerStrings|T2|1|?GetViewerStrings@NiBSplineColorInterpolator@@UAAXPAV?$NiTPrimitiveArray@PAD@@@Z
0x00650A80|NiBSplineData::GetViewerStrings|T2|1|?GetViewerStrings@NiBSplineData@@UAAXPAV?$NiTPrimitiveArray@PAD@@@Z
0x00651770|NiBoolInterpolator::GetViewerStrings|T2|1|?GetViewerStrings@NiBoolInterpolator@@UAAXPAV?$NiTPrimitiveArray@PAD@@@Z
0x00651BF0|NiRotData::GetViewerStrings|T2|1|?GetViewerStrings@NiRotData@@UAAXPAV?$NiTPrimitiveArray@PAD@@@Z
0x006533C0|NiBoneLODController::GetViewerStrings|T1|2|?GetViewerStrings@NiBoneLODController@@UAAXPAV?$NiTPrimitiveArray@PAD@@@Z
0x00653A10|NiBlendQuaternionInterpolator::GetViewerStrings|T2|1|?GetViewerStrings@NiBlendQuaternionInterpolator@@UAAXPAV?$NiTPrimitiveArray@PAD@@@Z
0x00654060|NiBlendPoint3Interpolator::GetViewerStrings|T2|1|?GetViewerStrings@NiBlendPoint3Interpolator@@UAAXPAV?$NiTPrimitiveArray@PAD@@@Z
0x00654566|NiBlendColorInterpolator::GetViewerStrings|T2|1|?GetViewerStrings@NiBlendColorInterpolator@@UAAXPAV?$NiTPrimitiveArray@PAD@@@Z
0x006549D0|NiBlendBoolInterpolator::GetViewerStrings|T2|1|?GetViewerStrings@NiBlendBoolInterpolator@@UAAXPAV?$NiTPrimitiveArray@PAD@@@Z
0x00655470|NiExtraDataController::GetViewerStrings|T2|1|?GetViewerStrings@NiExtraDataController@@UAAXPAV?$NiTPrimitiveArray@PAD@@@Z
0x0065629B|NiBSplineInterpolator::GetViewerStrings|T1|2|?GetViewerStrings@NiBSplineInterpolator@@UAAXPAV?$NiTPrimitiveArray@PAD@@@Z
0x00657B50|NiPoint3::GetViewerString|T2|1|?GetViewerString@NiPoint3@@QBAPADPBD@Z
0x006588A0|NiAVObject::LoadBinary|T1|2|?LoadBinary@NiAVObject@@UAAXAAVNiStream@@@Z
0x00658EF5|NiAVObject::GetViewerStrings|T2|7|?GetViewerStrings@NiAVObject@@UAAXPAV?$NiTPrimitiveArray@PAD@@@Z
0x00659D30|NiObjectNET::AddExtraData|T1|2|?AddExtraData@NiObjectNET@@QAA_NPAVNiExtraData@@@Z
0x0065ABE0|NiObjectNET::GetViewerStrings|T2|1|?GetViewerStrings@NiObjectNET@@UAAXPAV?$NiTPrimitiveArray@PAD@@@Z
0x0065AC70|NiAlphaProperty::GetViewerString|T2|5|?GetViewerString@NiAlphaProperty@@SAPADPBDW4AlphaFunction@1@@Z
0x0065AE21|NiStencilProperty::GetViewerString|T1|9|?GetViewerString@NiStencilProperty@@SAPADPBDW4TestFunc@1@@Z
0x0065B230|NiAlphaProperty::GetViewerStrings|T2|5|?GetViewerStrings@NiAlphaProperty@@UAAXPAV?$NiTPrimitiveArray@PAD@@@Z
0x0065B790|NiObject::GetViewerStrings|T1|2|?GetViewerStrings@NiObject@@UAAXPAV?$NiTPrimitiveArray@PAD@@@Z
0x0065CB10|NiNode::GetViewerStrings|T2|1|?GetViewerStrings@NiNode@@UAAXPAV?$NiTPrimitiveArray@PAD@@@Z
0x0065D230|NiVertexColorProperty::GetViewerString|T2|4|?GetViewerString@NiVertexColorProperty@@SAPADPBDW4SourceVertexMode@1@@Z
0x0065D450|NiVertexColorProperty::GetViewerStrings|T2|1|?GetViewerStrings@NiVertexColorProperty@@UAAXPAV?$NiTPrimitiveArray@PAD@@@Z
0x0065D7A0|NiZBufferProperty::GetViewerStrings|T2|10|?GetViewerStrings@NiZBufferProperty@@UAAXPAV?$NiTPrimitiveArray@PAD@@@Z
0x0065E880|NiSourceTexture::GetViewerStrings|T2|1|?GetViewerStrings@NiSourceTexture@@UAAXPAV?$NiTPrimitiveArray@PAD@@@Z
0x00660B70|NiTexture::GetViewerStrings|T2|1|?GetViewerStrings@NiTexture@@UAAXPAV?$NiTPrimitiveArray@PAD@@@Z
0x00661E60|NiStream::Load|T2|1|?Load@NiStream@@UAA_NPBD@Z
0x006635B0|NiStream::LoadHeader|T2|2|?LoadHeader@NiStream@@MAA_NXZ
0x00664550|NiStream::RTTIError|T2|1|?RTTIError@NiStream@@IAAXPBD@Z
0x006664E0|NiGeometryData::LoadBinary|T2|1|?LoadBinary@NiGeometryData@@UAAXAAVNiStream@@@Z
0x00666960|NiScreenPolygon::GetViewerStrings|T2|2|?GetViewerStrings@NiScreenPolygon@@UAAXPAV?$NiTPrimitiveArray@PAD@@@Z
0x00666B30|NiGeometryData::GetViewerStrings|T3|2|?GetViewerStrings@NiGeometryData@@UAAXPAV?$NiTPrimitiveArray@PAD@@@Z
0x006672B0|NiDynamicEffect::GetViewerStrings|T2|1|?GetViewerStrings@NiDynamicEffect@@UAAXPAV?$NiTPrimitiveArray@PAD@@@Z
0x00667720|NiColor::GetViewerString|T2|1|?GetViewerString@NiColor@@QBAPADPBD@Z
0x006677E0|NiColorA::GetViewerString|T2|1|?GetViewerString@NiColorA@@QBAPADPBD@Z
0x00667AE0|NiPlane::GetViewerString|T2|1|?GetViewerString@NiPlane@@QBAPADPBD@Z
0x00667C4D|NiTexturingProperty::GetViewerString|T2|2|?GetViewerString@NiTexturingProperty@@SAPADPBDW4ClampMode@1@@Z
0x00667DD0|NiTexturingProperty::GetViewerString|T1|9|?GetViewerString@NiTexturingProperty@@SAPADPBDW4FilterMode@1@@Z
0x00669604|NiTexturingProperty::_SDMInit|T2|4|?_SDMInit@NiTexturingProperty@@SAXXZ
0x00669F50|NiTexturingProperty::GetViewerStrings|T3|4|?GetViewerStrings@NiTexturingProperty@@UAAXPAV?$NiTPrimitiveArray@PAD@@@Z
0x0066AD40|BSDismemberSkinInstance::GetViewerStrings|T2|4|?GetViewerStrings@BSDismemberSkinInstance@@UAAXPAV?$NiTPrimitiveArray@PAD@@@Z
0x0066B250|NiTimeController::GetViewerString|T2|4|?GetViewerString@NiTimeController@@SAPADPBDW4CycleType@1@@Z
0x0066BA80|NiTimeController::GetViewerStrings|T2|4|?GetViewerStrings@NiTimeController@@UAAXPAV?$NiTPrimitiveArray@PAD@@@Z
0x0066CFE0|NiDefaultAVObjectPalette::GetViewerStrings|T1|2|?GetViewerStrings@NiDefaultAVObjectPalette@@UAAXPAV?$NiTPrimitiveArray@PAD@@@Z
0x0066D190|NiAlphaProperty::GetViewerString|T2|5|?GetViewerString@NiAlphaProperty@@SAPADPBDW4TestFunction@1@@Z
0x0066D280|NiStencilProperty::GetViewerString|T2|4|?GetViewerString@NiStencilProperty@@SAPADPBDW4Action@1@@Z
0x0066D2D0|NiVertexColorProperty::GetViewerString|T2|1|?GetViewerString@NiVertexColorProperty@@SAPADPBDW4LightingMode@1@@Z
0x0066D360|NiStencilProperty::GetViewerString|T2|4|?GetViewerString@NiStencilProperty@@SAPADPBDW4DrawMode@1@@Z
0x0066D390|NiTexturingProperty::GetViewerString|T2|1|?GetViewerString@NiTexturingProperty@@SAPADPBDW4ApplyMode@1@@Z
0x0066D881|Script::ToggleBoundVisGeometry|T2|1|?ToggleBoundVisGeometry@Script@@SA_NPBUSCRIPT_PARAMETER@@PBDPAVTESObjectREFR@@2PAV1@PAVScriptLocals@@AANAAI@Z
0x0066DB50|NiStencilProperty::GetViewerStrings|T2|5|?GetViewerStrings@NiStencilProperty@@UAAXPAV?$NiTPrimitiveArray@PAD@@@Z
0x0066FA30|NiCamera::GetViewerStrings|T2|3|?GetViewerStrings@NiCamera@@UAAXPAV?$NiTPrimitiveArray@PAD@@@Z
0x0066FC50|NiFrustum::GetViewerString|T2|1|?GetViewerString@NiFrustum@@QBAPADPBD@Z
0x00670350|NiLight::GetViewerStrings|T1|4|?GetViewerStrings@NiLight@@UAAXPAV?$NiTPrimitiveArray@PAD@@@Z
0x00671920|NiAdditionalGeometryData::NiAGDDataStream::GetViewerStrings|T2|15|?GetViewerStrings@NiAGDDataStream@NiAdditionalGeometryData@@QAAXPAV?$NiTPrimitiveArray@PAD@@@Z
0x006720F0|NiAdditionalGeometryData::GetViewerStrings|T3|1|?GetViewerStrings@NiAdditionalGeometryData@@UAAXPAV?$NiTPrimitiveArray@PAD@@@Z
0x00672160|NiAdditionalGeometryData::NiAGDDataBlock::GetViewerStrings|T2|1|?GetViewerStrings@NiAGDDataBlock@NiAdditionalGeometryData@@QAAXPAV?$NiTPrimitiveArray@PAD@@@Z
0x00672440|NiStringExtraData::GetViewerStrings|T2|1|?GetViewerStrings@NiStringExtraData@@UAAXPAV?$NiTPrimitiveArray@PAD@@@Z
0x00673C75|NiMaterialProperty::GetViewerStrings|T1|6|?GetViewerStrings@NiMaterialProperty@@UAAXPAV?$NiTPrimitiveArray@PAD@@@Z
0x00674500|NiTriStripsData::GetViewerStrings|T2|1|?GetViewerStrings@NiTriStripsData@@UAAXPAV?$NiTPrimitiveArray@PAD@@@Z
0x006795D0|NiExtraData::GetViewerStrings|T2|1|?GetViewerStrings@NiExtraData@@UAAXPAV?$NiTPrimitiveArray@PAD@@@Z
0x00679E06|NiTriShapeData::GetViewerStrings|T1|2|?GetViewerStrings@NiTriShapeData@@UAAXPAV?$NiTPrimitiveArray@PAD@@@Z
0x0067A938|NiPixelData::GetViewerStrings|T2|4|?GetViewerStrings@NiPixelData@@UAAXPAV?$NiTPrimitiveArray@PAD@@@Z
0x0067B630|Tile::PrintTileTrait|T2|1|?PrintTileTrait@Tile@@QAAXPAUValue@1@@Z
0x0067BA35|NiPointLight::GetViewerStrings|T2|2|?GetViewerStrings@NiPointLight@@UAAXPAV?$NiTPrimitiveArray@PAD@@@Z
0x0067BBE0|NiBillboardNode::GetViewerString|T2|3|?GetViewerString@NiBillboardNode@@SAPADPBDW4FaceMode@1@@Z
0x0067D840|BSPackedAdditionalGeometryData::GetViewerStrings|T2|1|?GetViewerStrings@BSPackedAdditionalGeometryData@@UAAXPAV?$NiTPrimitiveArray@PAD@@@Z
0x0067DC20|NiBound::GetViewerString|T2|1|?GetViewerString@NiBound@@QBAPADPBD@Z
0x0067F560|NiGeometry::GetViewerStrings|T2|3|?GetViewerStrings@NiGeometry@@UAAXPAV?$NiTPrimitiveArray@PAD@@@Z
0x0067F680|NiShadeProperty::GetViewerStrings|T2|1|?GetViewerStrings@NiShadeProperty@@UAAXPAV?$NiTPrimitiveArray@PAD@@@Z
0x0067F9A0|NiTriShapeDynamicData::GetViewerStrings|T1|2|?GetViewerStrings@NiTriShapeDynamicData@@UAAXPAV?$NiTPrimitiveArray@PAD@@@Z
0x00682770|NiSkinPartition::GetViewerStrings|T2|1|?GetViewerStrings@NiSkinPartition@@UAAXPAV?$NiTPrimitiveArray@PAD@@@Z
0x006830D0|NiSkinData::LoadBinary|T1|4|?LoadBinary@NiSkinData@@UAAXAAVNiStream@@@Z
0x00684BB0|NiSkinInstance::GetViewerStrings|T2|3|?GetViewerStrings@NiSkinInstance@@UAAXPAV?$NiTPrimitiveArray@PAD@@@Z
0x00685710|BSSegmentedTriShape::GetViewerStrings|T2|2|?GetViewerStrings@BSSegmentedTriShape@@UAAXPAV?$NiTPrimitiveArray@PAD@@@Z
0x00686920|NiScreenElementsData::GetViewerStrings|T2|4|?GetViewerStrings@NiScreenElementsData@@UAAXPAV?$NiTPrimitiveArray@PAD@@@Z
0x0068732F|NiFloatsExtraData::GetViewerStrings|T1|2|?GetViewerStrings@NiFloatsExtraData@@UAAXPAV?$NiTPrimitiveArray@PAD@@@Z
0x00687620|NiColorExtraData::GetViewerStrings|T2|1|?GetViewerStrings@NiColorExtraData@@UAAXPAV?$NiTPrimitiveArray@PAD@@@Z
0x00688020|NiMainSDM::Init|T2|30|?Init@NiMainSDM@@SAXXZ
0x00688590|NiMainSDM::Shutdown|T2|35|?Shutdown@NiMainSDM@@SAXXZ
0x00688970|NiLinesData::GetViewerStrings|T2|1|?GetViewerStrings@NiLinesData@@UAAXPAV?$NiTPrimitiveArray@PAD@@@Z
0x00688B80|NiTriBasedGeomData::GetViewerStrings|T2|1|?GetViewerStrings@NiTriBasedGeomData@@UAAXPAV?$NiTPrimitiveArray@PAD@@@Z
0x00688E8A|NiNIFImageReader::CanReadFile|T2|1|?CanReadFile@NiNIFImageReader@@UBA_NPBD@Z
0x0068A123|FileFinder::Exist|T2|1|?Exist@FileFinder@@QAA?AW4FILE_LOCATION@1@PBDPADII@Z
0x0068D750|NiCullingProperty::GetViewerStrings|T2|1|?GetViewerStrings@NiCullingProperty@@UAAXPAV?$NiTPrimitiveArray@PAD@@@Z
0x0068E011|NiSingleShaderMaterialLibrary::NiSingleShaderMaterialLibrary|T2|1|??0NiSingleShaderMaterialLibrary@@IAA@XZ
0x0068F380|NiScreenGeometryData::GetViewerStrings|T2|1|?GetViewerStrings@NiScreenGeometryData@@UAAXPAV?$NiTPrimitiveArray@PAD@@@Z
0x006903A0|NiVectorExtraData::GetViewerStrings|T2|1|?GetViewerStrings@NiVectorExtraData@@UAAXPAV?$NiTPrimitiveArray@PAD@@@Z
0x00690640|NiTriStripsDynamicData::GetViewerStrings|T1|2|?GetViewerStrings@NiTriStripsDynamicData@@UAAXPAV?$NiTPrimitiveArray@PAD@@@Z
0x00690880|NiTextureEffect::_SDMInit|T1|4|?_SDMInit@NiTextureEffect@@SAXXZ
0x006908B0|NiShaderAttributeDesc::GetObjectTypeAsString|T2|1|?GetObjectTypeAsString@NiShaderAttributeDesc@@SAPBDW4ObjectType@1@@Z
0x00690B20|NiTextureEffect::GetViewerString|T2|2|?GetViewerString@NiTextureEffect@@SAPADPBDW4TextureType@1@@Z
0x00690D70|NiTextureEffect::GetViewerString|T2|5|?GetViewerString@NiTextureEffect@@SAPADPBDW4CoordGenType@1@@Z
0x006915D0|NiTextureEffect::GetViewerStrings|T2|6|?GetViewerStrings@NiTextureEffect@@UAAXPAV?$NiTPrimitiveArray@PAD@@@Z
0x00691B56|NiStringsExtraData::GetViewerStrings|T1|2|?GetViewerStrings@NiStringsExtraData@@UAAXPAV?$NiTPrimitiveArray@PAD@@@Z
0x006927D0|NiSwitchNode::GetViewerStrings|T2|1|?GetViewerStrings@NiSwitchNode@@UAAXPAV?$NiTPrimitiveArray@PAD@@@Z
0x00692BBC|NiSwitchStringExtraData::GetViewerStrings|T2|1|?GetViewerStrings@NiSwitchStringExtraData@@UAAXPAV?$NiTPrimitiveArray@PAD@@@Z
0x006930F0|NiSpotLight::GetViewerStrings|T2|2|?GetViewerStrings@NiSpotLight@@UAAXPAV?$NiTPrimitiveArray@PAD@@@Z
0x006932F0|NiSpecularProperty::GetViewerStrings|T2|1|?GetViewerStrings@NiSpecularProperty@@UAAXPAV?$NiTPrimitiveArray@PAD@@@Z
0x00694300|NiScreenLODData::GetViewerStrings|T2|2|?GetViewerStrings@NiScreenLODData@@UAAXPAV?$NiTPrimitiveArray@PAD@@@Z
0x00695660|NiParticlesData::GetViewerStrings|T2|2|?GetViewerStrings@NiParticlesData@@UAAXPAV?$NiTPrimitiveArray@PAD@@@Z
0x00695FB0|NiRangeLODData::GetViewerStrings|T2|2|?GetViewerStrings@NiRangeLODData@@UAAXPAV?$NiTPrimitiveArray@PAD@@@Z
0x006969DD|NiPersistentSrcTextureRendererData::GetViewerStrings|T2|4|?GetViewerStrings@NiPersistentSrcTextureRendererData@@UAAXPAV?$NiTPrimitiveArray@PAD@@@Z
0x0069782C|NiLODNode::GetViewerStrings|T2|1|?GetViewerStrings@NiLODNode@@UAAXPAV?$NiTPrimitiveArray@PAD@@@Z
0x00697BA0|BSWArray::GetViewerStrings|T2|1|?GetViewerStrings@BSWArray@@UAAXPAV?$NiTPrimitiveArray@PAD@@@Z
0x00697C00|NiIntegersExtraData::GetViewerStrings|T2|1|?GetViewerStrings@NiIntegersExtraData@@UAAXPAV?$NiTPrimitiveArray@PAD@@@Z
0x00697E20|NiIntegerExtraData::GetViewerStrings|T2|1|?GetViewerStrings@NiIntegerExtraData@@UAAXPAV?$NiTPrimitiveArray@PAD@@@Z
0x00697EF0|NiFogProperty::GetViewerString|T1|3|?GetViewerString@NiFogProperty@@SAPADPBDW4FogFunction@1@@Z
0x00698344|Main::DrawWorld_DoDepth|T2|1|?DrawWorld_DoDepth@Main@@QAAXPAVBSShaderAccumulator@@PAVBSRenderedTexture@@@Z
0x00698460|NiFogProperty::GetViewerStrings|T2|2|?GetViewerStrings@NiFogProperty@@UAAXPAV?$NiTPrimitiveArray@PAD@@@Z
0x00698740|NiFloatExtraData::GetViewerStrings|T2|1|?GetViewerStrings@NiFloatExtraData@@UAAXPAV?$NiTPrimitiveArray@PAD@@@Z
0x00698DC0|NiBSPNode::GetViewerStrings|T2|1|?GetViewerStrings@NiBSPNode@@UAAXPAV?$NiTPrimitiveArray@PAD@@@Z
0x00699110|NiBooleanExtraData::GetViewerStrings|T2|1|?GetViewerStrings@NiBooleanExtraData@@UAAXPAV?$NiTPrimitiveArray@PAD@@@Z
0x0069CB1B|XGRAPHICS::ShaderPDBBuilder::WriteFiles|T3|1|?WriteFiles@ShaderPDBBuilder@XGRAPHICS@@AAAXPAVStream@2@@Z
0x0069D809|NiShaderConstantMap::_SDMInit|T2|32|?_SDMInit@NiShaderConstantMap@@SAXXZ
0x006A3A10|ScrapHeapManager::RequestBuffer|T2|1|?RequestBuffer@ScrapHeapManager@@QAAPADAAI@Z
0x006A3BE7|ScrapHeapManager::ReleaseBuffer|T2|1|?ReleaseBuffer@ScrapHeapManager@@QAAXPADI@Z
0x006A3CC0|ScrapHeapManager::FreeAllBuffers|T2|1|?FreeAllBuffers@ScrapHeapManager@@QAAXXZ
0x006A3E03|ScrapHeapManager::FreeBuffers|T2|1|?FreeBuffers@ScrapHeapManager@@QAAII@Z
0x006A4ACD|MemoryPool::Allocate|T2|1|?Allocate@MemoryPool@@QAAPAXI@Z
0x006A4CA0|MemoryPool::Free|T2|1|?Free@MemoryPool@@QAAXPAX@Z
0x006A4FEF|MemoryPool::FreeUnusedPages|T2|1|?FreeUnusedPages@MemoryPool@@IAAXXZ
0x006A536E|MemoryPool::CheckFreeBlocks|T2|1|?CheckFreeBlocks@MemoryPool@@QAAXXZ
0x006A61B0|OEI::IO::initialize|T2|1|?initialize@IO@OEI@@YAXXZ
0x006ACE67|FR2MatrixVTC<float>::operator+|T2|1|??H?$FR2MatrixVTC@M@@QBA?AV0@ABV0@@Z
0x006AD02C|FR2MatrixVTC<float>::operator+=|T2|1|??Y?$FR2MatrixVTC@M@@QAAAAV0@ABV0@@Z
0x006AD266|FR2MatrixVTC<float>::operator-=|T2|1|??Z?$FR2MatrixVTC@M@@QAAAAV0@ABV0@@Z
0x006AD4DC|FR2MatrixVTC<float>::subMatrix|T2|1|?subMatrix@?$FR2MatrixVTC@M@@QBA?AV1@IIII@Z
0x006BF210|>::_Xlen|T2|1|?_Xlen@?$vector@VCVec3@@V?$allocator@VCVec3@@@std@@@std@@IBAXXZ
0x006C4729|hkMemoryRouter::alignedAlloc|T2|1|?alignedAlloc@hkMemoryRouter@@SAPAXAAVhkMemoryAllocator@@HH@Z
0x006C8390|std::ios_base::clear|T1|3|?clear@ios_base@std@@QAAXH_N@Z
0x006CD438|>::_Insert|T2|1|?_Insert@?$_Tree@V?$_Tmap_traits@V?$basic_string@DU?$char_traits@D@std@@V?$allocator@D@2@@std@@PAVCIdvBezierSpline@@U?$less@V?$basic_string@DU?$char_traits@D@std@@V?$allocator@D@2@@std@@@2@V?$allocator@U?$pair@$$CBV?$basic_string@DU?$char_traits@D@std@@V?$allocator@D@2@@std@@PAVCIdvBezierSpline@@@std@@@2@$0A@@std@@@std@@IAA?AV?$_Tree_iterator@V?$_Tree_val@V?$_Tmap_traits@V?$basic_string@DU?$char_traits@D@std@@V?$allocator@D@2@@std@@PAVCIdvBezierSpline@@U?$less@V?$basic_string@DU?$char_traits@D@std@@V?$allocator@D@2@@std@@@2@V?$allocator@U?$pair@$$CBV?$basic_string@DU?$char_traits@D@std@@V?$allocator@D@2@@std@@PAVCIdvBezierSpline@@@std@@@2@$0A@@std@@@std@@@2@_NPAU_Node@?$_Tree_nod@V?$_Tmap_traits@V?$basic_string@DU?$char_traits@D@std@@V?$allocator@D@2@@std@@PAVCIdvBezierSpline@@U?$less@V?$basic_string@DU?$char_traits@D@std@@V?$allocator@D@2@@std@@@2@V?$allocator@U?$pair@$$CBV?$basic_string@DU?$char_traits@D@std@@V?$allocator@D@2@@std@@PAVCIdvBezierSpline@@@std@@@2@$0A@@std@@@2@1@Z
0x006D8036|BSAudioManager::StartAudioThread|T2|1|?StartAudioThread@BSAudioManager@@QAAXXZ
0x006D8215|InterfaceManager::PlayMenuSound|T2|2|?PlayMenuSound@InterfaceManager@@SAXW4MENU_SOUNDS@@@Z
0x006D8270|BSAudioManager::Update|T2|5|?Update@BSAudioManager@@QAAX_N@Z
0x006D85A0|BSAudioManager::SynchVoiceStates|T2|1|?SynchVoiceStates@BSAudioManager@@AAAXXZ
0x006E3B63|BSAudioManager::GetSoundHandleByFilename|T2|1|?GetSoundHandleByFilename@BSAudioManager@@QAA?AVBSSoundHandle@@PBDIPAX@Z
0x006E4543|BSAudioManager::GetDebugString|T2|12|?GetDebugString@BSAudioManager@@QAAPAV?$BSSimpleList@PAVAudioDebugString@@@@I@Z
0x006E4A49|BSGrabIKNote::ParseTextKey|T2|1|?ParseTextKey@BSGrabIKNote@@UAA_NPBVNiTextKey@@@Z
0x006E4C58|BSAudioManager::SetAudioCacheSizeInK|T2|1|?SetAudioCacheSizeInK@BSAudioManager@@QAAXI@Z
0x006E554F|AudioLoadTask::GetDescription|T2|1|?GetDescription@AudioLoadTask@@UAA_NPADI@Z
0x006EFEA6|BSXenonAudio::FixSoundPath|T2|1|?FixSoundPath@BSXenonAudio@@MAAXPAD@Z
0x006EFEEB|FalloutAudioMediaTask::Run|T2|1|?Run@FalloutAudioMediaTask@@UAAXXZ
0x006F2850|ArchiveManager::OpenMasterArchives|T2|4|?OpenMasterArchives@ArchiveManager@@SA_NXZ
0x006F80C2|Archive::FindDirectory|T2|1|?FindDirectory@Archive@@QAA_NAAVBSHash@@AAIPBD@Z
0x006F850C|Archive::FindFileInDirectory|T2|1|?FindFileInDirectory@Archive@@QAA_NIAAVBSHash@@AAIPBD_N@Z
0x006FBA35|BSHash::MakeHashString|T2|1|?MakeHashString@BSHash@@QAAXPAD@Z
0x006FF51D|ArchiveManager::TrimFileName|T1|2|?TrimFileName@ArchiveManager@@SAPBDPBD@Z
0x007015FF|CSpeedTreeRT::CSpeedTreeRT|T1|2|??0CSpeedTreeRT@@QAA@XZ
0x00701A7F|CSpeedTreeRT::CSpeedTreeRT|T1|2|??0CSpeedTreeRT@@AAA@PBV0@@Z
0x00702C10|CSpeedTreeRT::Compute|T1|3|?Compute@CSpeedTreeRT@@QAA_NPBMI_N@Z
0x0070342E|CSpeedTreeRT::MakeInstance|T2|2|?MakeInstance@CSpeedTreeRT@@QAAPAV1@XZ
0x00703B30|CSpeedTreeRT::LoadTree|T2|3|?LoadTree@CSpeedTreeRT@@QAA_NPBD@Z
0x00704420|CSpeedTreeRT::SetTreeSize|T2|4|?SetTreeSize@CSpeedTreeRT@@QAAXMM@Z
0x007044FA|CSpeedTreeRT::GetSeed|T1|3|?GetSeed@CSpeedTreeRT@@QBAIXZ
0x00704AFA|CSpeedTreeRT::SetLeafLightingMethod|T2|3|?SetLeafLightingMethod@CSpeedTreeRT@@QAAXW4ELightingMethod@1@@Z
0x00704CB7|CSpeedTreeRT::GetCamera|T2|1|?GetCamera@CSpeedTreeRT@@SAXPAM0@Z
0x00705000|CSpeedTreeRT::SetCamera|T1|3|?SetCamera@CSpeedTreeRT@@SAXPBM0@Z
0x007050D0|CSpeedTreeRT::SetWindMatrix|T2|1|?SetWindMatrix@CSpeedTreeRT@@SAXIPBM@Z
0x007053E0|CSpeedTreeRT::SetNumLeafRockingGroups|T1|3|?SetNumLeafRockingGroups@CSpeedTreeRT@@QAAXI@Z
0x007055CC|CSpeedTreeRT::SetLeafWindMethod|T2|2|?SetLeafWindMethod@CSpeedTreeRT@@QAAXW4EWindMethod@1@@Z
0x00705958|CSpeedTreeRT::SetBranchWindMethod|T2|3|?SetBranchWindMethod@CSpeedTreeRT@@QAAXW4EWindMethod@1@@Z
0x00705AA0|CSpeedTreeRT::SetFrondWindMethod|T2|2|?SetFrondWindMethod@CSpeedTreeRT@@QAAXW4EWindMethod@1@@Z
0x00705CBC|CSpeedTreeRT::SetWindStrengthAndLeafAngles|T1|3|?SetWindStrengthAndLeafAngles@CSpeedTreeRT@@QAAXMPBM0I@Z
0x00705D1A|CSpeedTreeRT::SetWindStrength|T2|1|?SetWindStrength@CSpeedTreeRT@@QAAMMMM@Z
0x00705F75|CSpeedTreeRT::SetNumWindMatrices|T1|2|?SetNumWindMatrices@CSpeedTreeRT@@SAXH@Z
0x00706180|CSpeedTreeRT::SetLocalMatrices|T1|4|?SetLocalMatrices@CSpeedTreeRT@@QAAXII@Z
0x00706440|CSpeedTreeRT::ComputeLodLevel|T1|2|?ComputeLodLevel@CSpeedTreeRT@@QAAXXZ
0x007064DC|CSpeedTreeRT::SetLodLevel|T2|1|?SetLodLevel@CSpeedTreeRT@@QAAXM@Z
0x00706AF7|CSpeedTreeRT::DeleteBranchGeometry|T1|2|?DeleteBranchGeometry@CSpeedTreeRT@@QAAXXZ
0x00706B70|CSpeedTreeRT::GetLeafBillboardTable|T1|2|?GetLeafBillboardTable@CSpeedTreeRT@@QBAPBMAAI@Z
0x00706D2E|CSpeedTreeRT::GetBoundingBox|T2|1|?GetBoundingBox@CSpeedTreeRT@@QBAXPAM@Z
0x00706E7E|CSpeedTreeRT::ComputeLeafStaticLighting|T1|2|?ComputeLeafStaticLighting@CSpeedTreeRT@@AAAXXZ
0x007071C0|CSpeedTreeRT::NotifyAllTreesOfEvent|T1|2|?NotifyAllTreesOfEvent@CSpeedTreeRT@@CAXH@Z
0x007073F0|CSpeedTreeRT::ParseLodInfo|T2|1|?ParseLodInfo@CSpeedTreeRT@@AAAXPAVCTreeFileAccess@@@Z
0x007078E0|CSpeedTreeRT::ParseWindInfo|T1|2|?ParseWindInfo@CSpeedTreeRT@@AAAXPAVCTreeFileAccess@@@Z
0x00707E4B|CSpeedTreeRT::ParseSupplementalTexCoordInfo|T2|1|?ParseSupplementalTexCoordInfo@CSpeedTreeRT@@AAAXPAVCTreeFileAccess@@@Z
0x00708480|CSpeedTreeRT::GetCollisionObject|T2|1|?GetCollisionObject@CSpeedTreeRT@@QAAXIAAW4ECollisionObjectType@1@PAM1@Z
0x00708730|CSpeedTreeRT::ParseCollisionObjects|T2|1|?ParseCollisionObjects@CSpeedTreeRT@@AAAXPAVCTreeFileAccess@@@Z
0x007088B0|CSpeedTreeRT::DeleteFrondGeometry|T1|2|?DeleteFrondGeometry@CSpeedTreeRT@@QAAXXZ
0x00708C80|CSpeedTreeRT::GetGeometry|T1|2|?GetGeometry@CSpeedTreeRT@@QAAXAAUSGeometry@1@KFFF@Z
0x007095DE|CSpeedTreeRT::GetBranchGeometry|T2|1|?GetBranchGeometry@CSpeedTreeRT@@AAAXAAUSGeometry@1@F@Z
0x00709C01|CSpeedTreeRT::GetFrondGeometry|T2|1|?GetFrondGeometry@CSpeedTreeRT@@AAAXAAUSGeometry@1@F@Z
0x0070AD00|CSpeedTreeRT::GetLeafLodSizeAdjustments|T1|2|?GetLeafLodSizeAdjustments@CSpeedTreeRT@@QAAPBMXZ
0x0070B4B0|CSpeedTreeRT::GetTextures|T1|2|?GetTextures@CSpeedTreeRT@@QBAXAAUSTextures@1@@Z
0x0070BAD6|CSpeedTreeRT::ParseTextureCoordInfo|T1|2|?ParseTextureCoordInfo@CSpeedTreeRT@@AAAXPAVCTreeFileAccess@@@Z
0x0070DC10|>::_Xlen|T2|1|?_Xlen@?$vector@VCVec@@V?$allocator@VCVec@@@std@@@std@@IBAXXZ
0x007167E0|CFrondEngine::Parse|T1|2|?Parse@CFrondEngine@@QAAXAAVCTreeFileAccess@@@Z
0x00717313|CFrondEngine::Compute|T1|2|?Compute@CFrondEngine@@QAAXPAVCIndexedGeometry@@PAVCLightingEngine@@@Z
0x0072973B|CTreeEngine::Parse|T2|2|?Parse@CTreeEngine@@QAA_NAAVCTreeFileAccess@@@Z
0x0072A0D7|CTreeEngine::ParseTreeInfo|T2|1|?ParseTreeInfo@CTreeEngine@@QAAXAAVCTreeFileAccess@@@Z
0x0072A940|CIdvBranch::Parse|T2|1|?Parse@CIdvBranch@@SAXAAVCTreeFileAccess@@@Z
0x0072AE60|CTreeEngine::ParseLeafCluster|T1|2|?ParseLeafCluster@CTreeEngine@@AAAXAAVCTreeFileAccess@@@Z
0x0072B04F|CTreeEngine::ParseLodInfo|T2|1|?ParseLodInfo@CTreeEngine@@QAAXAAVCTreeFileAccess@@@Z
0x0072B213|CTreeEngine::ParseTextureControls|T2|1|?ParseTextureControls@CTreeEngine@@QAAXAAVCTreeFileAccess@@@Z
0x0072BC70|CTreeEngine::ParseFlareInfo|T2|1|?ParseFlareInfo@CTreeEngine@@QAAXAAVCTreeFileAccess@@@Z
0x00738C6E|>::_Insert|T2|1|?_Insert@?$_Tree@V?$_Tmap_traits@V?$basic_string@DU?$char_traits@D@std@@V?$allocator@D@2@@std@@V12@U?$less@V?$basic_string@DU?$char_traits@D@std@@V?$allocator@D@2@@std@@@2@V?$allocator@U?$pair@$$CBV?$basic_string@DU?$char_traits@D@std@@V?$allocator@D@2@@std@@V12@@std@@@2@$0A@@std@@@std@@IAA?AV?$_Tree_iterator@V?$_Tree_val@V?$_Tmap_traits@V?$basic_string@DU?$char_traits@D@std@@V?$allocator@D@2@@std@@V12@U?$less@V?$basic_string@DU?$char_traits@D@std@@V?$allocator@D@2@@std@@@2@V?$allocator@U?$pair@$$CBV?$basic_string@DU?$char_traits@D@std@@V?$allocator@D@2@@std@@V12@@std@@@2@$0A@@std@@@std@@@2@_NPAU_Node@?$_Tree_nod@V?$_Tmap_traits@V?$basic_string@DU?$char_traits@D@std@@V?$allocator@D@2@@std@@V12@U?$less@V?$basic_string@DU?$char_traits@D@std@@V?$allocator@D@2@@std@@@2@V?$allocator@U?$pair@$$CBV?$basic_string@DU?$char_traits@D@std@@V?$allocator@D@2@@std@@V12@@std@@@2@$0A@@std@@@2@1@Z
0x0073B5A0|SIdvLeafInfo::Parse|T2|1|?Parse@SIdvLeafInfo@@QAAXAAVCTreeFileAccess@@@Z
0x0073C9A0|CProjectedShadow::Parse|T2|1|?Parse@CProjectedShadow@@QAAXAAVCTreeFileAccess@@@Z
0x0073DAFD|CTreeEngine::ParseBranchInfo|T2|1|?ParseBranchInfo@CTreeEngine@@AAAXAAVCTreeFileAccess@@@Z
0x0073DBD0|SIdvBranchInfo::Parse|T2|1|?Parse@SIdvBranchInfo@@SAPAU1@AAVCTreeFileAccess@@@Z
0x0073E935|CBillboardLeaf::Parse|T2|1|?Parse@CBillboardLeaf@@SAPAV1@AAVCTreeFileAccess@@@Z
0x00741490|Random::Next|T2|1|?Next@Random@@UAAMXZ
0x00741597|Random::Set|T2|1|?Set@Random@@SAXN@Z
0x007418FA|PosGen::Build|T1|2|?Build@PosGen@@IAAX_N@Z
0x00741F7C|SymGen::Name|T2|1|?Name@SymGen@@UAAPADXZ
0x00742670|D3DX::inflate|T2|2|?inflate@D3DX@@YAHPAUz_stream_s@1@H@Z
0x00743120|D3DX::inflate_blocks|T2|1|?inflate_blocks@D3DX@@YAHPAUinflate_blocks_state@1@PAUz_stream_s@1@H@Z
0x0074459E|CompressedArchiveFile::CompressedArchiveFile|T2|1|??0CompressedArchiveFile@@IAA@PBDPAVArchive@@III@Z
0x007476AA|D3DX::inflate_codes|T2|1|?inflate_codes@D3DX@@YAHPAUinflate_blocks_state@1@PAUz_stream_s@1@H@Z
0x007476F0|D3DX::inflate_fast|T2|1|?inflate_fast@D3DX@@YAHIIPAUinflate_huft_s@1@0PAUinflate_blocks_state@1@PAUz_stream_s@1@@Z
0x0074C36E|BSFadeNode::InitSDM|T2|1|?InitSDM@BSFadeNode@@SAXXZ
0x0074CE90|BSFadeNode::GetViewerStrings|T2|3|?GetViewerStrings@BSFadeNode@@UAAXPAV?$NiTPrimitiveArray@PAD@@@Z
0x0074D34A|BSShaderManager::RegisterStreamables|T2|9|?RegisterStreamables@BSShaderManager@@SAXXZ
0x0074D48D|D3DXShader::PromoteTarget|T2|1|?PromoteTarget@D3DXShader@@YAPBDPBDK@Z
0x0074D511|BSShaderManager::GetShaderLevelString|T1|8|?GetShaderLevelString@BSShaderManager@@SAPADXZ
0x0074D6FA|BSShaderManager::GetModifiedTextureFilename|T1|2|?GetModifiedTextureFilename@BSShaderManager@@SAXPADPBD1_N@Z
0x0074EA20|BSShaderManager::GetPassName|T3|54|?GetPassName@BSShaderManager@@SAPBDH@Z
0x0075295A|BSShaderManager::Free|T2|1|?Free@BSShaderManager@@SAX_N@Z
0x00752BC6|TESObjectTREE::BuildDistant3D|T2|1|?BuildDistant3D@TESObjectTREE@@QAAPAVNiNode@@_N@Z
0x00754090|BSShaderManager::GetTexture|T1|2|?GetTexture@BSShaderManager@@SAXPBD_NAAV?$NiPointer@VNiTexture@@@@11@Z
0x00754DBC|BSShaderManager::GenerateNormalizationCubeMap|T2|4|?GenerateNormalizationCubeMap@BSShaderManager@@SAXXZ
0x0075580F|BSShaderManager::Initialize|T2|1|?Initialize@BSShaderManager@@SAXXZ
0x00755BB0|BSShaderManager::PrepareGeometry|T2|1|?PrepareGeometry@BSShaderManager@@KAXPAVNiGeometry@@W4eObjectType@1@_N2@Z
0x0075753A|DistantLODShaderProperty::GetCachedGeometry|T2|1|?GetCachedGeometry@DistantLODShaderProperty@@SAPAVCachedGeometry@1@PAVDistantLODParam@1@@Z
0x0075A8C0|ShadowSceneNode::GetViewerStrings|T2|1|?GetViewerStrings@ShadowSceneNode@@UAAXPAV?$NiTPrimitiveArray@PAD@@@Z
0x0075C360|ShadowSceneNode::ShadowSceneNode|T2|1|??0ShadowSceneNode@@QAA@XZ
0x0075E0F0|GrassLoadTask::GetDescription|T2|1|?GetDescription@GrassLoadTask@@UAA_NPADI@Z
0x00761570|BSShaderAccumulator::CreateRenderPassTree|T2|1|?CreateRenderPassTree@BSShaderAccumulator@@IAAPAVNiNode@@XZ
0x00765C60|BSShaderPPLightingProperty::SetupGeometry|T1|2|?SetupGeometry@BSShaderPPLightingProperty@@UAA_NPAVNiGeometry@@@Z
0x007679BE|BSShaderPPLightingProperty::GetViewerStrings|T3|4|?GetViewerStrings@BSShaderPPLightingProperty@@UAAXPAV?$NiTPrimitiveArray@PAD@@@Z
0x007693A5|NiXenonRenderer::BeginUsingRenderTargetGroup|T2|1|?BeginUsingRenderTargetGroup@NiXenonRenderer@@QAA_NPAVNiRenderTargetGroup@@I@Z
0x00769B57|BSShaderUtil::InitSDM|T1|2|?InitSDM@BSShaderUtil@@SAXXZ
0x0076E110|BSShaderNoLightingProperty::GetViewerStrings|T2|3|?GetViewerStrings@BSShaderNoLightingProperty@@UAAXPAV?$NiTPrimitiveArray@PAD@@@Z
0x0076F520|BSShaderLightingProperty::GetViewerStrings|T2|1|?GetViewerStrings@BSShaderLightingProperty@@UAAXPAV?$NiTPrimitiveArray@PAD@@@Z
0x00771560|ShadowLightShader::LoadVertexShaders|T3|8|?LoadVertexShaders@ShadowLightShader@@MAAXXZ
0x00774203|Lighting30Shader::LoadVertexShaders|T2|3|?LoadVertexShaders@Lighting30Shader@@MAAXXZ
0x007762FF|ShadowLightShader::LoadPixelShaders|T3|11|?LoadPixelShaders@ShadowLightShader@@MAAXXZ
0x0077835E|Lighting30Shader::SetupBoneMatrices|T2|1|?SetupBoneMatrices@Lighting30Shader@@UAAIPAVNiGeometry@@PBVNiSkinInstance@@PBVPartition@NiSkinPartition@@PAVRendererData@NiGeometryData@@PBVNiPropertyState@@PBVNiDynamicEffectState@@ABVNiTransform@@ABVNiBound@@@Z
0x0077D740|ShadowLightShader::CreateConstantMaps|T2|18|?CreateConstantMaps@ShadowLightShader@@UAAXXZ
0x0077DAB0|Lighting30Shader::CreateConstantMaps|T2|10|?CreateConstantMaps@Lighting30Shader@@UAAXXZ
0x0077E2B0|BSShaderBloodSplatter::LoadShaders|T2|4|?LoadShaders@BSShaderBloodSplatter@@IAAXXZ
0x0077F0E2|BSShaderBloodSplatter::CreateConstantMaps|T2|3|?CreateConstantMaps@BSShaderBloodSplatter@@UAAXXZ
0x00780B20|WaterShader::LoadShaders|T2|14|?LoadShaders@WaterShader@@IAAXXZ
0x007851E1|WaterShader::CreateConstantMaps|T2|3|?CreateConstantMaps@WaterShader@@UAAXXZ
0x00785A15|SkyShader::LoadShaders|T2|13|?LoadShaders@SkyShader@@IAAXXZ
0x00788670|SkyShader::CreateConstantMaps|T2|5|?CreateConstantMaps@SkyShader@@UAAXXZ
0x0078905B|ImageSpaceShaderParam::InitConstantMap|T2|1|?InitConstantMap@ImageSpaceShaderParam@@QAAXHH@Z
0x00789E25|ImageSpaceShaderVATSScanlinesBlend::ReloadShaders|T1|7|?ReloadShaders@ImageSpaceShaderVATSScanlinesBlend@@UAAXXZ
0x00789F99|ImageSpaceShaderSunbeams::ReloadShaders|T2|4|?ReloadShaders@ImageSpaceShaderSunbeams@@UAAXXZ
0x0078A180|ImageSpaceShaderTV::ReloadShaders|T1|3|?ReloadShaders@ImageSpaceShaderTV@@UAAXXZ
0x0078A331|ImageSpaceManager::InitGeometry|T2|1|?InitGeometry@ImageSpaceManager@@IAAXXZ
0x0078A6E0|ImageSpaceManager::CreatePartialScreenGeometry|T2|1|?CreatePartialScreenGeometry@ImageSpaceManager@@QAAXMMAAV?$NiPointer@VNiScreenElements@@@@@Z
0x0078B440|ImageSpaceShaderVolumetricFog::ReloadShaders|T2|3|?ReloadShaders@ImageSpaceShaderVolumetricFog@@UAAXXZ
0x0078B690|ImageSpaceShaderAlphaMult::ReloadShaders|T1|4|?ReloadShaders@ImageSpaceShaderAlphaMult@@UAAXXZ
0x0078B7DB|ImageSpaceShaderBlend::ReloadShaders|T2|4|?ReloadShaders@ImageSpaceShaderBlend@@UAAXXZ
0x0078B8D0|NiKFMTool::ReadOldVersionAscii|T2|1|?ReadOldVersionAscii@NiKFMTool@@IAA?AW4KFM_RC@1@AAVNiFile@@I_N@Z
0x0078B9A0|ImageSpaceShaderBlur::ReloadShaders|T2|4|?ReloadShaders@ImageSpaceShaderBlur@@UAAXXZ
0x0078BAE1|ImageSpaceShaderBlur9::ReloadShaders|T1|5|?ReloadShaders@ImageSpaceShaderBlur9@@UAAXXZ
0x0078BC20|ImageSpaceShaderBlur5::ReloadShaders|T2|5|?ReloadShaders@ImageSpaceShaderBlur5@@UAAXXZ
0x0078BCE0|ImageSpaceShaderBlur15::ReloadShaders|T2|3|?ReloadShaders@ImageSpaceShaderBlur15@@UAAXXZ
0x0078BF81|ImageSpaceShaderBlur7::ReloadShaders|T2|3|?ReloadShaders@ImageSpaceShaderBlur7@@UAAXXZ
0x0078BFE0|ImageSpaceShaderBlur11::ReloadShaders|T2|3|?ReloadShaders@ImageSpaceShaderBlur11@@UAAXXZ
0x0078C0E0|ImageSpaceShaderBlur13::ReloadShaders|T2|3|?ReloadShaders@ImageSpaceShaderBlur13@@UAAXXZ
0x0078C3B0|ImageSpaceShaderBrightPassBlur3::ReloadShaders|T2|8|?ReloadShaders@ImageSpaceShaderBrightPassBlur3@@UAAXXZ
0x0078C3EA|ImageSpaceShaderBlur3::ReloadShaders|T2|3|?ReloadShaders@ImageSpaceShaderBlur3@@UAAXXZ
0x0078C66A|ImageSpaceShaderBrightPassBlur5::ReloadShaders|T1|8|?ReloadShaders@ImageSpaceShaderBrightPassBlur5@@UAAXXZ
0x0078C730|ImageSpaceShaderBrightPassBlur7::ReloadShaders|T2|8|?ReloadShaders@ImageSpaceShaderBrightPassBlur7@@UAAXXZ
0x0078C980|ImageSpaceShaderBrightPassBlur9::ReloadShaders|T2|8|?ReloadShaders@ImageSpaceShaderBrightPassBlur9@@UAAXXZ
0x0078CAD0|ImageSpaceShaderBrightPassBlur11::ReloadShaders|T1|8|?ReloadShaders@ImageSpaceShaderBrightPassBlur11@@UAAXXZ
0x0078CC20|ImageSpaceShaderBrightPassBlur13::ReloadShaders|T1|9|?ReloadShaders@ImageSpaceShaderBrightPassBlur13@@UAAXXZ
0x0078CF61|ImageSpaceShaderCinematic::ReloadShaders|T2|9|?ReloadShaders@ImageSpaceShaderCinematic@@UAAXXZ
0x0078D226|ImageSpaceShaderCopyRenderTarget1::ReloadShaders|T2|5|?ReloadShaders@ImageSpaceShaderCopyRenderTarget1@@UAAXXZ
0x0078D2FA|ImageSpaceShaderStencilCopy::ReloadShaders|T1|4|?ReloadShaders@ImageSpaceShaderStencilCopy@@UAAXXZ
0x0078D5B0|ImageSpaceShaderRestoreEDRAM::ReloadShaders|T2|2|?ReloadShaders@ImageSpaceShaderRestoreEDRAM@@UAAXXZ
0x0078D620|ImageSpaceShaderNULL::ReloadShaders|T2|2|?ReloadShaders@ImageSpaceShaderNULL@@UAAXXZ
0x0078D770|ImageSpaceShaderCopyWithAlpha::ReloadShaders|T1|4|?ReloadShaders@ImageSpaceShaderCopyWithAlpha@@UAAXXZ
0x0078D8C0|ImageSpaceShaderDepthOfField::ReloadShaders|T1|5|?ReloadShaders@ImageSpaceShaderDepthOfField@@UAAXXZ
0x0078DB50|ImageSpaceShaderRadialBlurMedium::ReloadShaders|T2|5|?ReloadShaders@ImageSpaceShaderRadialBlurMedium@@UAAXXZ
0x0078DCA0|ImageSpaceShaderRadialBlur::ReloadShaders|T2|3|?ReloadShaders@ImageSpaceShaderRadialBlur@@UAAXXZ
0x0078DD21|ImageSpaceShaderRadialBlurHigh::ReloadShaders|T2|4|?ReloadShaders@ImageSpaceShaderRadialBlurHigh@@UAAXXZ
0x0078DE71|ImageSpaceShaderDepthOfFieldMask::ReloadShaders|T2|4|?ReloadShaders@ImageSpaceShaderDepthOfFieldMask@@UAAXXZ
0x0078DFC1|ImageSpaceShaderDoubleVision::ReloadShaders|T2|4|?ReloadShaders@ImageSpaceShaderDoubleVision@@UAAXXZ
0x0078E111|ImageSpaceShaderHDRBlendInShader::ReloadShaders|T2|8|?ReloadShaders@ImageSpaceShaderHDRBlendInShader@@UAAXXZ
0x0078E2C0|ImageSpaceShaderHDRBlendInShaderCinematic::ReloadShaders|T2|5|?ReloadShaders@ImageSpaceShaderHDRBlendInShaderCinematic@@UAAXXZ
0x0078E4D0|ImageSpaceShaderHDRBlendInShaderCinematicAlphamask::ReloadShaders|T2|5|?ReloadShaders@ImageSpaceShaderHDRBlendInShaderCinematicAlphamask@@UAAXXZ
0x0078E7A0|ImageSpaceShaderHDRBrightPassFilter::ReloadShaders|T2|3|?ReloadShaders@ImageSpaceShaderHDRBrightPassFilter@@UAAXXZ
0x0078E940|ImageSpaceShaderHDRDownSample16::ReloadShaders|T2|6|?ReloadShaders@ImageSpaceShaderHDRDownSample16@@UAAXXZ
0x0078EAE0|ImageSpaceShaderHDRDownSample9::ReloadShaders|T2|4|?ReloadShaders@ImageSpaceShaderHDRDownSample9@@UAAXXZ
0x0078EC26|ImageSpaceShaderHDRBlur::ReloadShaders|T2|3|?ReloadShaders@ImageSpaceShaderHDRBlur@@UAAXXZ
0x0078EC80|ImageSpaceShaderHDRDownSample4::ReloadShaders|T2|3|?ReloadShaders@ImageSpaceShaderHDRDownSample4@@UAAXXZ
0x0078EDC6|ImageSpaceShaderHDRLightAdapt::ReloadShaders|T2|4|?ReloadShaders@ImageSpaceShaderHDRLightAdapt@@UAAXXZ
0x0078EF4E|ImageSpaceShaderHDRLumClamp::ReloadShaders|T2|4|?ReloadShaders@ImageSpaceShaderHDRLumClamp@@UAAXXZ
0x0078F0E2|ImageSpaceShaderHDRDownSample4LightAdapt::ReloadShaders|T2|4|?ReloadShaders@ImageSpaceShaderHDRDownSample4LightAdapt@@UAAXXZ
0x0078F294|ImageSpaceShaderHDRDownSample4LumClamp::ReloadShaders|T2|5|?ReloadShaders@ImageSpaceShaderHDRDownSample4LumClamp@@UAAXXZ
0x0078F454|ImageSpaceShaderHDRDownSample16LightAdapt::ReloadShaders|T2|5|?ReloadShaders@ImageSpaceShaderHDRDownSample16LightAdapt@@UAAXXZ
0x0078F470|ImageSpaceShaderBrightPassBlur15::ReloadShaders|T2|2|?ReloadShaders@ImageSpaceShaderBrightPassBlur15@@UAAXXZ
0x0078F60E|ImageSpaceShaderHDRDownSample16LumClamp::ReloadShaders|T2|8|?ReloadShaders@ImageSpaceShaderHDRDownSample16LumClamp@@UAAXXZ
0x0078F784|ImageSpaceShaderInterfaceScanlinesBlend::ReloadShaders|T2|5|?ReloadShaders@ImageSpaceShaderInterfaceScanlinesBlend@@UAAXXZ
0x0078F8B3|ImageSpaceShaderMap::ReloadShaders|T2|3|?ReloadShaders@ImageSpaceShaderMap@@UAAXXZ
0x0078FA03|ImageSpaceShaderMenuBG::ReloadShaders|T2|4|?ReloadShaders@ImageSpaceShaderMenuBG@@UAAXXZ
0x0078FAF0|ImageSpaceShaderStencilCopyNoTextureNoDepth::ReloadShaders|T2|2|?ReloadShaders@ImageSpaceShaderStencilCopyNoTextureNoDepth@@UAAXXZ
0x0078FB63|ImageSpaceShaderMenuUnpack::ReloadShaders|T2|2|?ReloadShaders@ImageSpaceShaderMenuUnpack@@UAAXXZ
0x0078FC50|ImageSpaceShaderMotionBlur::ReloadShaders|T2|5|?ReloadShaders@ImageSpaceShaderMotionBlur@@UAAXXZ
0x0078FDB0|ImageSpaceShaderNoiseScrollAndBlend::ReloadShaders|T2|2|?ReloadShaders@ImageSpaceShaderNoiseScrollAndBlend@@UAAXXZ
0x0078FF72|ImageSpaceShaderNoiseNormalmap::ReloadShaders|T2|2|?ReloadShaders@ImageSpaceShaderNoiseNormalmap@@UAAXXZ
0x007902DE|ImageSpaceShaderRefraction::ReloadShaders|T1|5|?ReloadShaders@ImageSpaceShaderRefraction@@UAAXXZ
0x007904C2|ImageSpaceShaderTextureMask::ReloadShaders|T1|5|?ReloadShaders@ImageSpaceShaderTextureMask@@UAAXXZ
0x00790656|ImageSpaceShaderVATSScan::ReloadShaders|T1|4|?ReloadShaders@ImageSpaceShaderVATSScan@@UAAXXZ
0x00790798|ImageSpaceShaderWaterDisplacementClearSimulation::ReloadShaders|T2|4|?ReloadShaders@ImageSpaceShaderWaterDisplacementClearSimulation@@UAAXXZ
0x007908A0|ImageSpaceShaderWaterDisplacementTexOffset::ReloadShaders|T2|3|?ReloadShaders@ImageSpaceShaderWaterDisplacementTexOffset@@UAAXXZ
0x00790A30|ImageSpaceShaderWaterDisplacementWadingRipple::ReloadShaders|T2|4|?ReloadShaders@ImageSpaceShaderWaterDisplacementWadingRipple@@UAAXXZ
0x00790BC0|ImageSpaceShaderWaterDisplacementRainRipple::ReloadShaders|T2|2|?ReloadShaders@ImageSpaceShaderWaterDisplacementRainRipple@@UAAXXZ
0x00790C86|ImageSpaceShaderWaterWadingHeightmap::ReloadShaders|T2|3|?ReloadShaders@ImageSpaceShaderWaterWadingHeightmap@@UAAXXZ
0x00790E70|ImageSpaceShaderWaterRainHeightmap::ReloadShaders|T2|4|?ReloadShaders@ImageSpaceShaderWaterRainHeightmap@@UAAXXZ
0x00790FA6|ImageSpaceShaderWaterBlendHeightmaps::ReloadShaders|T2|3|?ReloadShaders@ImageSpaceShaderWaterBlendHeightmaps@@UAAXXZ
0x00791146|ImageSpaceShaderWaterSmoothHeightmap::ReloadShaders|T2|5|?ReloadShaders@ImageSpaceShaderWaterSmoothHeightmap@@UAAXXZ
0x007912E6|ImageSpaceShaderWaterDisplacementNormals::ReloadShaders|T2|4|?ReloadShaders@ImageSpaceShaderWaterDisplacementNormals@@UAAXXZ
0x007913B0|ImageSpaceShaderWaterFFTWaterSpectrum::ReloadShaders|T1|5|?ReloadShaders@ImageSpaceShaderWaterFFTWaterSpectrum@@UAAXXZ
0x007916F0|ImageSpaceShaderWaterFFTHorizontalButterfly::ReloadShaders|T1|5|?ReloadShaders@ImageSpaceShaderWaterFFTHorizontalButterfly@@UAAXXZ
0x00791A40|ImageSpaceShaderWaterFFTVerticalButterfly::ReloadShaders|T2|2|?ReloadShaders@ImageSpaceShaderWaterFFTVerticalButterfly@@UAAXXZ
0x00791B80|ImageSpaceShaderWaterFFTHorizontalScramble::ReloadShaders|T2|2|?ReloadShaders@ImageSpaceShaderWaterFFTHorizontalScramble@@UAAXXZ
0x00791CF0|ImageSpaceShaderWaterFFTVerticalScramble::ReloadShaders|T2|2|?ReloadShaders@ImageSpaceShaderWaterFFTVerticalScramble@@UAAXXZ
0x00791E40|ImageSpaceShaderWaterFFTNormals::ReloadShaders|T2|2|?ReloadShaders@ImageSpaceShaderWaterFFTNormals@@UAAXXZ
0x00791F50|ImageSpaceShaderWaterFFTFilter::ReloadShaders|T2|2|?ReloadShaders@ImageSpaceShaderWaterFFTFilter@@UAAXXZ
0x00792180|ImageSpaceShaderWaterFFTDisplayNormals::ReloadShaders|T1|4|?ReloadShaders@ImageSpaceShaderWaterFFTDisplayNormals@@UAAXXZ
0x007921F0|ImageSpaceShaderWaterFFTDisplayHighW::ReloadShaders|T2|3|?ReloadShaders@ImageSpaceShaderWaterFFTDisplayHighW@@UAAXXZ
0x00792390|ImageSpaceShaderWaterFFTDisplayAmplitude::ReloadShaders|T1|4|?ReloadShaders@ImageSpaceShaderWaterFFTDisplayAmplitude@@UAAXXZ
0x00792500|ImageSpaceShaderWaterFFTDisplayWaterHeight::ReloadShaders|T1|4|?ReloadShaders@ImageSpaceShaderWaterFFTDisplayWaterHeight@@UAAXXZ
0x0079DCB0|ShadowSceneLight::InsertUnusedFence|T2|1|?InsertUnusedFence@ShadowSceneLight@@QAAXXZ
0x0079EF30|ImageSpaceEffectWaterDisplacement::Render|T2|1|?Render@ImageSpaceEffectWaterDisplacement@@UAAXPAVNiScreenElements@@PAVNiXenonRenderer@@PAVImageSpaceEffectParam@@_N@Z
0x007A0EEE|MTRenderingSystem::AddThread|T2|1|?AddThread@MTRenderingSystem@@QAAXW4THREAD_INDEX@1@IP6AXXZPBDW4StackSize@BSThread@@@Z
0x007A1750|MTRenderingSystem::CreateThreads|T2|1|?CreateThreads@MTRenderingSystem@@QAAXXZ
0x007A33A1|ParticleShader::LoadShaders|T2|3|?LoadShaders@ParticleShader@@MAAXXZ
0x007A4D20|ParticleShader::CreateConstantMaps|T1|9|?CreateConstantMaps@ParticleShader@@UAAXXZ
0x007A5DE0|ParticleShaderProperty::UpdateParticles|T2|1|?UpdateParticles@ParticleShaderProperty@@QAAXM_N0@Z
0x007A7B60|BSShaderProperty::GetViewerStrings|T3|12|?GetViewerStrings@BSShaderProperty@@UAAXPAV?$NiTPrimitiveArray@PAD@@@Z
0x007A7DF0|BSShaderUtil::SSGStdout|T2|1|?SSGStdout@BSShaderUtil@@SAXPAVNiAVObject@@PAD@Z
0x007A9EE0|TallGrassShader::LoadShaders|T2|8|?LoadShaders@TallGrassShader@@MAAXXZ
0x007AB25F|TallGrassShader::CreateConstantMaps|T2|4|?CreateConstantMaps@TallGrassShader@@MAAXXZ
0x007AD038|BSShaderBloodSplatterProperty::GetViewerStrings|T2|1|?GetViewerStrings@BSShaderBloodSplatterProperty@@UAAXPAV?$NiTPrimitiveArray@PAD@@@Z
0x007AD100|SkyShaderProperty::GetViewerStrings|T2|2|?GetViewerStrings@SkyShaderProperty@@UAAXPAV?$NiTPrimitiveArray@PAD@@@Z
0x007AE26C|PrecipitationShader::LoadVertexShaders|T2|4|?LoadVertexShaders@PrecipitationShader@@MAAXXZ
0x007AE3DE|PrecipitationShader::LoadPixelShaders|T2|2|?LoadPixelShaders@PrecipitationShader@@MAAXXZ
0x007AEC70|PrecipitationShader::CreateConstantMaps|T2|3|?CreateConstantMaps@PrecipitationShader@@UAAXXZ
0x007AF2A4|PrecipitationShaderProperty::GetViewerStrings|T1|4|?GetViewerStrings@PrecipitationShaderProperty@@UAAXPAV?$NiTPrimitiveArray@PAD@@@Z
0x007AFA80|SpeedTreeLeafShader::LoadShaders|T2|2|?LoadShaders@SpeedTreeLeafShader@@MAAXXZ
0x007B0F3B|SpeedTreeLeafShader::CreateConstantMaps|T2|2|?CreateConstantMaps@SpeedTreeLeafShader@@UAAXXZ
0x007B0FC0|SpeedTreeShader::SetShaderConstants|T1|2|?SetShaderConstants@SpeedTreeShader@@SAXPAVNiD3DShaderConstantMap@@H@Z
0x007B41E0|BSDistantTreeShader::LoadShaders|T2|3|?LoadShaders@BSDistantTreeShader@@IAAXXZ
0x007B512D|BSDistantTreeShader::CreateConstantMaps|T2|4|?CreateConstantMaps@BSDistantTreeShader@@UAAXXZ
0x007B5AB8|ImageSpaceShaderMenuUnpack::Render|T2|1|?Render@ImageSpaceShaderMenuUnpack@@UAAXPAVNiScreenElements@@PAVNiXenonRenderer@@PAVImageSpaceEffectParam@@_N@Z
0x007B6115|TileShaderProperty::GetViewerStrings|T2|2|?GetViewerStrings@TileShaderProperty@@UAAXPAV?$NiTPrimitiveArray@PAD@@@Z
0x007B6490|BSFogProperty::GetViewerStrings|T1|2|?GetViewerStrings@BSFogProperty@@UAAXPAV?$NiTPrimitiveArray@PAD@@@Z
0x007B7290|ImageSpaceEffectTV::Setup|T1|2|?Setup@ImageSpaceEffectTV@@UAAXPAVImageSpaceManager@@PAVImageSpaceEffectParam@@@Z
0x007B7E70|D3DXShader::GetSemanticName|T3|1|?GetSemanticName@D3DXShader@@YAPBDE@Z
0x007B9010|Lighting30Shader::LoadPixelShaders|T2|8|?LoadPixelShaders@Lighting30Shader@@MAAXXZ
0x007B9570|NiXenonErrorShader::CreateShaders|T2|1|?CreateShaders@NiXenonErrorShader@@IAA_NXZ
0x007B95E0|NiXenonRenderer::SetDefaultProgramCache|T2|1|?SetDefaultProgramCache@NiXenonRenderer@@UAAXPAVNiFragmentMaterial@@_N111PBD@Z
0x007B96B3|BSShaderManager::GetPSTarget|T2|1|?GetPSTarget@BSShaderManager@@SAPBD_N@Z
0x007BB086|ShadowLightShader::SetupBoneMatrices|T2|1|?SetupBoneMatrices@ShadowLightShader@@UAAIPAVNiGeometry@@PBVNiSkinInstance@@PBVPartition@NiSkinPartition@@PAVRendererData@NiGeometryData@@PBVNiPropertyState@@PBVNiDynamicEffectState@@ABVNiTransform@@ABVNiBound@@@Z
0x007BE83C|ImageSpaceEffectVATSScan::Setup|T1|2|?Setup@ImageSpaceEffectVATSScan@@UAAXPAVImageSpaceManager@@PAVImageSpaceEffectParam@@@Z
0x007BEB05|BoltShader::LoadShaders|T1|5|?LoadShaders@BoltShader@@MAAXXZ
0x007BFC37|BoltShader::CreateConstantMaps|T2|4|?CreateConstantMaps@BoltShader@@UAAXXZ
0x007C1037|BSOrderedNode::GetViewerStrings|T1|2|?GetViewerStrings@BSOrderedNode@@UAAXPAV?$NiTPrimitiveArray@PAD@@@Z
0x007C2660|HairShaderProperty::GetViewerStrings|T2|1|?GetViewerStrings@HairShaderProperty@@UAAXPAV?$NiTPrimitiveArray@PAD@@@Z
0x007C28B0|BeamShader::LoadShaders|T1|5|?LoadShaders@BeamShader@@MAAXXZ
0x007C3100|VolumetricFogShader::LoadVertexShaders|T1|4|?LoadVertexShaders@VolumetricFogShader@@MAAXXZ
0x007C31F0|VolumetricFogShader::LoadPixelShaders|T2|3|?LoadPixelShaders@VolumetricFogShader@@MAAXXZ
0x007C3BA0|VolumetricFogShaderProperty::GetViewerStrings|T2|1|?GetViewerStrings@VolumetricFogShaderProperty@@UAAXPAV?$NiTPrimitiveArray@PAD@@@Z
0x007C3D80|VolumetricFogShader::CreateConstantMaps|T2|2|?CreateConstantMaps@VolumetricFogShader@@MAAXXZ
0x007C4340|BSShaderNoLighting::LoadShaders|T2|5|?LoadShaders@BSShaderNoLighting@@IAAXXZ
0x007C8321|BSShaderNoLighting::CreateConstantMaps|T2|9|?CreateConstantMaps@BSShaderNoLighting@@UAAXXZ
0x007C9148|BeamShader::CreateConstantMaps|T2|1|?CreateConstantMaps@BeamShader@@UAAXXZ
0x007C9390|TileShader::CreateConstantMaps|T2|1|?CreateConstantMaps@TileShader@@MAAXXZ
0x007C96F5|GeometryDecalShader::LoadShaders|T2|2|?LoadShaders@GeometryDecalShader@@IAAXXZ
0x007CA500|GeometryDecalShader::CreateConstantMaps|T2|3|?CreateConstantMaps@GeometryDecalShader@@UAAXXZ
0x007CD2E5|SkinShader::LoadVertexShaders|T2|6|?LoadVertexShaders@SkinShader@@MAAXXZ
0x007CD490|SkinShader::LoadPixelShaders|T2|4|?LoadPixelShaders@SkinShader@@MAAXXZ
0x007CE8F0|HairShader::LoadVertexShaders|T2|3|?LoadVertexShaders@HairShader@@MAAXXZ
0x007CF7AC|TileShader::LoadVertexShaders|T2|1|?LoadVertexShaders@TileShader@@MAAXXZ
0x007CF910|DebugShader::LoadShaders|T2|4|?LoadShaders@DebugShader@@AAAXXZ
0x007D0793|DebugShader::Initialize|T2|1|?Initialize@DebugShader@@UAA_NXZ
0x007D0AD2|SpeedTreeFrondShader::LoadShaders|T2|5|?LoadShaders@SpeedTreeFrondShader@@MAAXXZ
0x007D12C0|SpeedTreeFrondShader::CreateConstantMaps|T2|10|?CreateConstantMaps@SpeedTreeFrondShader@@UAAXXZ
0x007D192E|SpeedTreeBranchShader::LoadVertexShaders|T2|5|?LoadVertexShaders@SpeedTreeBranchShader@@MAAXXZ
0x007D1C50|ImageSpaceShaderCopy::ReloadShaders|T2|1|?ReloadShaders@ImageSpaceShaderCopy@@UAAXXZ
0x007D2033|SpeedTreeBranchShader::LoadPixelShaders|T2|1|?LoadPixelShaders@SpeedTreeBranchShader@@MAAXXZ
0x007D31F2|DistantLODShader::LoadShaders|T2|6|?LoadShaders@DistantLODShader@@MAAXXZ
0x007D3C51|DistantLODShader::CreateConstantMaps|T2|8|?CreateConstantMaps@DistantLODShader@@MAAXXZ
0x007D8F90|BSShaderPPLightingProperty::AddTexturePass_1x|T1|4|?AddTexturePass_1x@BSShaderPPLightingProperty@@IAAPAVRenderPass@BSShaderProperty@@PAVNiGeometry@@PAVShadowSceneLight@@AAG_NAA_N333333@Z
0x007DF3E0|BSShader::CompileVertexShaderHLSL|T2|3|?CompileVertexShaderHLSL@BSShader@@IAAPAVNiD3DVertexShader@@PBDPBU_D3DXMACRO@@00@Z
0x007DF8B2|BSXenonFileCache::Init|T2|1|?Init@BSXenonFileCache@@UAAX_N@Z
0x007DFFC3|BSShader::CompilePixelShaderHLSL|T2|2|?CompilePixelShaderHLSL@BSShader@@IAAPAVNiD3DPixelShader@@PBDPBU_D3DXMACRO@@00@Z
0x00801C20|ImageSpaceShader::LoadShaders|T1|2|?LoadShaders@ImageSpaceShader@@UAAXAAUtshader@BSShader@@0PBD11@Z
0x00802897|ImageSpaceEffectMenuBG::Setup|T2|1|?Setup@ImageSpaceEffectMenuBG@@UAAXPAVImageSpaceManager@@PAVImageSpaceEffectParam@@@Z
0x008186DE|TallGrassTriStrips::GetViewerStrings|T1|2|?GetViewerStrings@TallGrassTriStrips@@UAAXPAV?$NiTPrimitiveArray@PAD@@@Z
0x00818B1D|NiParticleSDM::Shutdown|T2|51|?Shutdown@NiParticleSDM@@SAXXZ
0x008196B7|NiParticleSDM::Init|T2|19|?Init@NiParticleSDM@@SAXXZ
0x0081A2A2|NiParticleSystem::GetViewerStrings|T1|4|?GetViewerStrings@NiParticleSystem@@UAAXPAV?$NiTPrimitiveArray@PAD@@@Z
0x0081D170|NiPSysMeshEmitter::GetViewerStrings|T2|7|?GetViewerStrings@NiPSysMeshEmitter@@UAAXPAV?$NiTPrimitiveArray@PAD@@@Z
0x0081E764|NiPSysBoxEmitter::GetViewerStrings|T2|2|?GetViewerStrings@NiPSysBoxEmitter@@UAAXPAV?$NiTPrimitiveArray@PAD@@@Z
0x0081EEA8|NiPSysRotationModifier::GetViewerStrings|T2|4|?GetViewerStrings@NiPSysRotationModifier@@UAAXPAV?$NiTPrimitiveArray@PAD@@@Z
0x0081F9E0|NiMeshParticleSystem::LoadBinary|T2|3|?LoadBinary@NiMeshParticleSystem@@UAAXAAVNiStream@@@Z
0x008208DD|NiPSysEmitter::GetViewerStrings|T2|3|?GetViewerStrings@NiPSysEmitter@@UAAXPAV?$NiTPrimitiveArray@PAD@@@Z
0x00821940|TESAnimGroup::GetAnimGroupNameFromEnum|T2|1|?GetAnimGroupNameFromEnum@TESAnimGroup@@SAPBDW4ANIM_GROUP_ENUM@@@Z
0x00821AC6|NiPSysGravityModifier::GetViewerStrings|T2|4|?GetViewerStrings@NiPSysGravityModifier@@UAAXPAV?$NiTPrimitiveArray@PAD@@@Z
0x00823170|NiPSysSpawnModifier::GetViewerStrings|T2|4|?GetViewerStrings@NiPSysSpawnModifier@@UAAXPAV?$NiTPrimitiveArray@PAD@@@Z
0x008236B0|NiPSysData::GetViewerStrings|T2|3|?GetViewerStrings@NiPSysData@@UAAXPAV?$NiTPrimitiveArray@PAD@@@Z
0x008247F0|BSStripPSysData::GetViewerStrings|T2|3|?GetViewerStrings@BSStripPSysData@@UAAXPAV?$NiTPrimitiveArray@PAD@@@Z
0x00825AC0|NiPSysTurbulenceFieldModifier::GetViewerStrings|T2|1|?GetViewerStrings@NiPSysTurbulenceFieldModifier@@UAAXPAV?$NiTPrimitiveArray@PAD@@@Z
0x00826350|TESObjectLIGH::GetFlickerEffectText|T2|1|?GetFlickerEffectText@TESObjectLIGH@@QAAPADXZ
0x00826C00|NiPSysRadialFieldModifier::GetViewerStrings|T2|1|?GetViewerStrings@NiPSysRadialFieldModifier@@UAAXPAV?$NiTPrimitiveArray@PAD@@@Z
0x00827C01|NiPSysSphericalCollider::GetViewerStrings|T2|2|?GetViewerStrings@NiPSysSphericalCollider@@UAAXPAV?$NiTPrimitiveArray@PAD@@@Z
0x00827E20|NiPSysPlanarCollider::GetViewerStrings|T2|4|?GetViewerStrings@NiPSysPlanarCollider@@UAAXPAV?$NiTPrimitiveArray@PAD@@@Z
0x0082884C|NiPSysGrowFadeModifier::GetViewerStrings|T2|3|?GetViewerStrings@NiPSysGrowFadeModifier@@UAAXPAV?$NiTPrimitiveArray@PAD@@@Z
0x00828FEF|NiPSysGravityFieldModifier::GetViewerStrings|T2|1|?GetViewerStrings@NiPSysGravityFieldModifier@@UAAXPAV?$NiTPrimitiveArray@PAD@@@Z
0x00829FA0|XAPOBaseWaveHlpNameSpace::PrintWaveFormatDetails|T2|1|?PrintWaveFormatDetails@XAPOBaseWaveHlpNameSpace@@YAXPBUtWAVEFORMATEX@@PADI@Z
0x0082A000|NiPSysEmitterCtlrData::GetViewerStrings|T2|2|?GetViewerStrings@NiPSysEmitterCtlrData@@UAAXPAV?$NiTPrimitiveArray@PAD@@@Z
0x0082A6E0|NiPSysDragModifier::GetViewerStrings|T2|3|?GetViewerStrings@NiPSysDragModifier@@UAAXPAV?$NiTPrimitiveArray@PAD@@@Z
0x0082AF80|NiPSysDragFieldModifier::GetViewerStrings|T1|2|?GetViewerStrings@NiPSysDragFieldModifier@@UAAXPAV?$NiTPrimitiveArray@PAD@@@Z
0x0082C4F0|NiPSysBoundUpdateModifier::GetViewerStrings|T2|1|?GetViewerStrings@NiPSysBoundUpdateModifier@@UAAXPAV?$NiTPrimitiveArray@PAD@@@Z
0x0082CE10|NiXenonRenderer::Do_RenderLines|T2|1|?Do_RenderLines@NiXenonRenderer@@MAAXPAVNiLines@@@Z
0x0082CE70|bhkBlendCollisionObject::MoveBipToNonAccum|T2|1|?MoveBipToNonAccum@bhkBlendCollisionObject@@SA_NPAVNiAVObject@@@Z
0x0082CF90|NiPSysBombModifier::GetViewerStrings|T2|5|?GetViewerStrings@NiPSysBombModifier@@UAAXPAV?$NiTPrimitiveArray@PAD@@@Z
0x0082D37A|TESLoadScreenType::GetFormattedDataTypeName|T2|1|?GetFormattedDataTypeName@TESLoadScreenType@@QAA?AV?$BSStringT@D@@W4LOAD_SCREEN_DATA_TYPE@@@Z
0x0082E430|NiPSysVortexFieldModifier::GetViewerStrings|T2|1|?GetViewerStrings@NiPSysVortexFieldModifier@@UAAXPAV?$NiTPrimitiveArray@PAD@@@Z
0x0082E610|NiPSysAirFieldModifier::GetViewerStrings|T2|2|?GetViewerStrings@NiPSysAirFieldModifier@@UAAXPAV?$NiTPrimitiveArray@PAD@@@Z
0x0082F630|NiPSysModifierCtlr::GetViewerStrings|T2|1|?GetViewerStrings@NiPSysModifierCtlr@@UAAXPAV?$NiTPrimitiveArray@PAD@@@Z
0x0082FAD0|NiPSysModifier::GetViewerStrings|T2|2|?GetViewerStrings@NiPSysModifier@@UAAXPAV?$NiTPrimitiveArray@PAD@@@Z
0x0082FE79|NiPSysVolumeEmitter::GetViewerStrings|T2|1|?GetViewerStrings@NiPSysVolumeEmitter@@UAAXPAV?$NiTPrimitiveArray@PAD@@@Z
0x008303C0|NiPSysFieldModifier::GetViewerStrings|T2|4|?GetViewerStrings@NiPSysFieldModifier@@UAAXPAV?$NiTPrimitiveArray@PAD@@@Z
0x00830A80|NiPSysCollider::GetViewerStrings|T2|2|?GetViewerStrings@NiPSysCollider@@UAAXPAV?$NiTPrimitiveArray@PAD@@@Z
0x00830AE0|NiPSysAgeDeathModifier::GetViewerStrings|T2|2|?GetViewerStrings@NiPSysAgeDeathModifier@@UAAXPAV?$NiTPrimitiveArray@PAD@@@Z
0x00836290|BSMultiBoundAABB::GetViewerStrings|T1|2|?GetViewerStrings@BSMultiBoundAABB@@UAAXPAV?$NiTPrimitiveArray@PAD@@@Z
0x008387C1|BSStream::InitLoaders|T2|13|?InitLoaders@BSStream@@SAXXZ
0x00838D0D|BSStream::LoadStream|T1|2|?LoadStream@BSStream@@MAA_NXZ
0x00839560|BSStream::RegisterLoadersINI|T2|1|?RegisterLoadersINI@BSStream@@SAXPBD@Z
0x008398FA|hkpConstraintInstance::transform|T2|1|?transform@hkpConstraintInstance@@QAAXABVhkTransform@@@Z
0x00839F3B|MessageHandler::WriteFile|T1|2|?WriteFile@MessageHandler@@KA_NPBD0_N@Z
0x0083A1D0|MessageHandler::MenuMessageBoxYesNo|T2|1|?MenuMessageBoxYesNo@MessageHandler@@SAHPBD@Z
0x0083A220|MessageHandler::MenuMessageBoxYesNoAll|T2|1|?MenuMessageBoxYesNoAll@MessageHandler@@SAHPBD@Z
0x0083B270|QueuedFileEntry::GetDescription|T2|2|?GetDescription@QueuedFileEntry@@QAA_NPADI0@Z
0x0083CEA0|BSTaskManagerThread<__int64>::BSTaskManagerThread<__int64>|T2|1|??0?$BSTaskManagerThread@_J@@QAA@PAV?$BSTaskManager@_J@@I@Z
0x00841598|BSXFlags::GetViewerStrings|T2|4|?GetViewerStrings@BSXFlags@@UAAXPAV?$NiTPrimitiveArray@PAD@@@Z
0x00841B69|BSValueNode::GetViewerStrings|T1|4|?GetViewerStrings@BSValueNode@@UAAXPAV?$NiTPrimitiveArray@PAD@@@Z
0x00841F40|INISettingCollection::GetViewerStrings|T2|2|?GetViewerStrings@INISettingCollection@@UAAIPAV?$NiTPrimitiveArray@PAD@@@Z
0x00842495|INISettingCollection::ReadSetting|T2|2|?ReadSetting@INISettingCollection@@UAA_NAAVSetting@@@Z
0x00842786|INISettingCollection::WriteSetting|T2|2|?WriteSetting@INISettingCollection@@UAA_NAAVSetting@@@Z
0x00842AE3|BSParallelTaskManager::BSParallelTaskManager|T2|1|??0BSParallelTaskManager@@QAA@XZ
0x008435A0|BSRangeNode::GetViewerStrings|T1|2|?GetViewerStrings@BSRangeNode@@UAAXPAV?$NiTPrimitiveArray@PAD@@@Z
0x00844ED0|D3DXShader::GetUsageAndIndex|T3|1|?GetUsageAndIndex@D3DXShader@@YAJPBDPAE1@Z
0x00844FCA|BSMultiBoundNode::GetViewerStrings|T2|2|?GetViewerStrings@BSMultiBoundNode@@UAAXPAV?$NiTPrimitiveArray@PAD@@@Z
0x00847D20|BSCompoundFrustum::PrethreadOpList|T2|1|?PrethreadOpList@BSCompoundFrustum@@QAAXXZ
0x0084D314|UnDecorator::getTemplateConstant|T2|1|?getTemplateConstant@UnDecorator@@CA?AVDName@@XZ
0x0084DE80|BSMultiBoundSphere::GetViewerStrings|T2|1|?GetViewerStrings@BSMultiBoundSphere@@UAAXPAV?$NiTPrimitiveArray@PAD@@@Z
0x0084E029|NiPSysCylinderEmitter::GetViewerStrings|T2|1|?GetViewerStrings@NiPSysCylinderEmitter@@UAAXPAV?$NiTPrimitiveArray@PAD@@@Z
0x0084E67A|BSParticleSystemManager::AddEmitter|T2|1|?AddEmitter@BSParticleSystemManager@@QAAXIPAVNiAVObject@@@Z
0x0084EA2E|BSParticleSystemManager::RemoveMasterParticleSystem|T2|1|?RemoveMasterParticleSystem@BSParticleSystemManager@@QAAXI@Z
0x0084F198|BSParticleSystemManager::CheckEmitterRecurse|T2|2|?CheckEmitterRecurse@BSParticleSystemManager@@KA_NPAVNiAVObject@@PAVBSMasterParticleSystem@@@Z
0x0084F360|BSParticleSystemManager::ReplaceEmitterRecurse|T2|1|?ReplaceEmitterRecurse@BSParticleSystemManager@@KA_NPAVNiAVObject@@PAVBSMasterParticleSystem@@@Z
0x0084F9F0|BSSceneGraph::BSSceneGraph|T2|1|??0BSSceneGraph@@QAA@PAD_NPAVNiCamera@@@Z
0x00850D20|NiBSBoneLODController::FindBoneRootNodes|T2|1|?FindBoneRootNodes@NiBSBoneLODController@@KAXPAVNiNode@@AAV?$NiTPrimitiveSet@PAVNiNode@@@@@Z
0x008511F0|NiBSBoneLODController::CollectMarkedBones|T1|3|?CollectMarkedBones@NiBSBoneLODController@@IAAXPAVNiNode@@AAV?$NiTPointerMap@PAVNiNode@@I@@AAV?$NiTPointerMap@I_N@@@Z
0x00851DF0|NiBSBoneLODController::GetViewerStrings|T2|2|?GetViewerStrings@NiBSBoneLODController@@UAAXPAV?$NiTPrimitiveArray@PAD@@@Z
0x00852590|BSFurnitureMarker::GetViewerStrings|T2|4|?GetViewerStrings@BSFurnitureMarker@@UAAXPAV?$NiTPrimitiveArray@PAD@@@Z
0x00853280|BSBound::GetViewerStrings|T1|2|?GetViewerStrings@BSBound@@UAAXPAV?$NiTPrimitiveArray@PAD@@@Z
0x00854760|BSTestObjects::CreateSphere|T2|1|?CreateSphere@BSTestObjects@@SAPAVNiAVObject@@MGGPBVNiColorA@@@Z
0x0085644F|BSTestObjects::CreateTorus|T2|1|?CreateTorus@BSTestObjects@@SAPAVNiAVObject@@MMGGPBVNiColorA@@@Z
0x00856CF1|BSTestObjects::CreateCylinder|T2|1|?CreateCylinder@BSTestObjects@@SAPAVNiAVObject@@MMMGGPBVNiColorA@@@Z
0x00857645|PathingDebugGeometry::CreateCoordinateJack|T2|1|?CreateCoordinateJack@PathingDebugGeometry@@SA?AV?$NiPointer@VNiAVObject@@@@MABVNiPoint3@@ABVNiColorA@@@Z
0x00857C91|BSTestObjects::CreateArrow|T2|1|?CreateArrow@BSTestObjects@@SAPAVNiAVObject@@MPBVNiColorA@@@Z
0x008580A5|BSTestObjects::CreateDirArrow|T2|1|?CreateDirArrow@BSTestObjects@@SAPAVNiAVObject@@ABVNiPoint3@@PBVNiColorA@@@Z
0x0085ADE7|BSPSysMultiTargetEmitterCtlr::GetViewerStrings|T1|2|?GetViewerStrings@BSPSysMultiTargetEmitterCtlr@@UAAXPAV?$NiTPrimitiveArray@PAD@@@Z
0x0085B740|RegSettingCollection::GetViewerStrings|T2|1|?GetViewerStrings@RegSettingCollection@@UAAIPAV?$NiTPrimitiveArray@PAD@@@Z
0x0085CA90|BSMasterParticleSystem::GetViewerStrings|T2|3|?GetViewerStrings@BSMasterParticleSystem@@UAAXPAV?$NiTPrimitiveArray@PAD@@@Z
0x0085CB20|DebugTextParticleSystem::RenderMasterParticleSystemInfo|T2|1|?RenderMasterParticleSystemInfo@DebugTextParticleSystem@@IAAXPAVIDebugText@@W4DEBUGTEXT_LOCATION@@W4DEBUGTEXT_JUSTIFY@@PAVBSMasterParticleSystem@@@Z
0x0085D260|BSTextureData::GetViewerStrings|T2|1|?GetViewerStrings@BSTextureData@@UAAXPAV?$NiTPrimitiveArray@PAD@@@Z
0x0085D780|BSNiNode::BSNiNode|T2|1|??0BSNiNode@@QAA@PAVNiNode@@_N@Z
0x0085E1AB|BSPSysStripUpdateModifier::GetViewerStrings|T2|1|?GetViewerStrings@BSPSysStripUpdateModifier@@UAAXPAV?$NiTPrimitiveArray@PAD@@@Z
0x0085ECF0|BSPSysSimpleColorModifier::GetViewerStrings|T2|3|?GetViewerStrings@BSPSysSimpleColorModifier@@UAAXPAV?$NiTPrimitiveArray@PAD@@@Z
0x0085F190|BSMultiBoundCapsule::GetViewerStrings|T2|1|?GetViewerStrings@BSMultiBoundCapsule@@UAAXPAV?$NiTPrimitiveArray@PAD@@@Z
0x0085F240|NiPSysSphereEmitter::GetViewerStrings|T2|1|?GetViewerStrings@NiPSysSphereEmitter@@UAAXPAV?$NiTPrimitiveArray@PAD@@@Z
0x0085F700|NiBinaryExtraData::GetViewerStrings|T2|1|?GetViewerStrings@NiBinaryExtraData@@UAAXPAV?$NiTPrimitiveArray@PAD@@@Z
0x00860050|BSPSysArrayEmitter::GetViewerStrings|T2|1|?GetViewerStrings@BSPSysArrayEmitter@@UAAXPAV?$NiTPrimitiveArray@PAD@@@Z
0x00860240|BSPSysArrayEmitter::GetViewerString|T2|2|?GetViewerString@BSPSysArrayEmitter@@IAAPADPBDW4PARTICLEARRAYTYPE@1@@Z
0x00861B10|BSParentVelocityModifier::GetViewerStrings|T2|1|?GetViewerStrings@BSParentVelocityModifier@@UAAXPAV?$NiTPrimitiveArray@PAD@@@Z
0x00861CC0|Actor::CreateBloodOnWeapon|T2|1|?CreateBloodOnWeapon@Actor@@QAAXMPAVHitData@@PAV1@@Z
0x00861E70|BSDecalPlacementVectorExtraData::FindDecalPlacementVectorGroupRecurse|T2|1|?FindDecalPlacementVectorGroupRecurse@BSDecalPlacementVectorExtraData@@SA_NPAVNiAVObject@@0@Z
0x008634B0|BSAttachPoints::GetViewerStrings|T2|1|?GetViewerStrings@BSAttachPoints@@UAAXPAV?$NiTPrimitiveArray@PAD@@@Z
0x00866760|bhkWorld::InitSystem|T3|9|?InitSystem@bhkWorld@@SAXXZ
0x00867320|Script::ToggleMultibound|T2|1|?ToggleMultibound@Script@@SA_NPBUSCRIPT_PARAMETER@@PBDPAVTESObjectREFR@@2PAV1@PAVScriptLocals@@AANAAI@Z
0x008673FF|bhkWorld::GetViewerStrings|T2|4|?GetViewerStrings@bhkWorld@@UAAXPAV?$NiTPrimitiveArray@PAD@@@Z
0x00867430|hkpPhysicsContext::entityAddedCallback|T2|1|?entityAddedCallback@hkpPhysicsContext@@UAAXPAVhkpEntity@@@Z
0x008677C7|bhkWorld::PickObject|T2|1|?PickObject@bhkWorld@@UAA_NAAVbhkPickData@@@Z
0x0086A040|bhkCharacterController::BuildDisplayGeometry|T2|1|?BuildDisplayGeometry@bhkCharacterController@@UAAXPAVNiNode@@@Z
0x0086A540|bhkNiCollisionObject::AddViewerStrings|T2|3|?AddViewerStrings@bhkNiCollisionObject@@UAAXPAV?$NiTPrimitiveArray@PAD@@@Z
0x0086C14D|bhkCharacterController::FindDisplayGeometry|T2|1|?FindDisplayGeometry@bhkCharacterController@@QAAPAVNiAVObject@@XZ
0x0086DEC0|bhkNiCollisionObject::SetDebugDisplay|T2|1|?SetDebugDisplay@bhkNiCollisionObject@@UAAX_N@Z
0x00871D18|bhkCharacterController::Move|T2|1|?Move@bhkCharacterController@@UAA?AW4MOVE_RESULTS@@AAUMoveData@@@Z
0x008735C8|bhkRagdollController::InitGrabIK|T1|6|?InitGrabIK@bhkRagdollController@@IAA_NXZ
0x00878055|bhkRagdollController::SetSGPoseLocalSpace|T2|1|?SetSGPoseLocalSpace@bhkRagdollController@@IAAXXZ
0x00878160|bhkRagdollController::CheckMappersForWarnings|T2|3|?CheckMappersForWarnings@bhkRagdollController@@QAA_NXZ
0x00878215|bhkRagdollController::bhkRagdollPoweredConstraintController::driveToPose|T2|1|?driveToPose@bhkRagdollPoweredConstraintController@bhkRagdollController@@SAXPAVhkaRagdollInstance@@PBVhkQsTransform@@@Z
0x008792E9|bhkRagdollController::InitPoseMatching|T1|3|?InitPoseMatching@bhkRagdollController@@QAAXPBDFFF@Z
0x00879D4C|bhkRagdollController::CopyPoseTo3DRec|T2|1|?CopyPoseTo3DRec@bhkRagdollController@@KAXPAVNiNode@@PAVNiAVObject@@AAV?$BSSimpleArray@UBoneTransf@bhkRagdollController@@$0EAA@@@@Z
0x0087CFA0|bhkRagdollController::Init|T2|1|?Init@bhkRagdollController@@IAAXPAVNiAVObject@@PBD@Z
0x008807EB|bhkBlendCollisionObject::AddViewerStrings|T2|3|?AddViewerStrings@bhkBlendCollisionObject@@UAAXPAV?$NiTPrimitiveArray@PAD@@@Z
0x00882D0C|CFilter::GetViewerStrings|T1|8|?GetViewerStrings@CFilter@@QAAXPAV?$NiTPrimitiveArray@PAD@@@Z
0x00884470|bhkWorldObject::GetViewerStrings|T2|2|?GetViewerStrings@bhkWorldObject@@UAAXPAV?$NiTPrimitiveArray@PAD@@@Z
0x00884C38|bhkUnaryAction::ProcessEntity|T2|1|?ProcessEntity@bhkUnaryAction@@QAAXPAVbhkWorld@@@Z
0x00885520|bhkMouseSpringAction::GetViewerStrings|T2|2|?GetViewerStrings@bhkMouseSpringAction@@UAAXPAV?$NiTPrimitiveArray@PAD@@@Z
0x00885EC0|bhkRefObject::GetViewerStrings|T2|2|?GetViewerStrings@bhkRefObject@@UAAXPAV?$NiTPrimitiveArray@PAD@@@Z
0x00886870|WeaponObject::UpdateChain|T2|1|?UpdateChain@WeaponObject@@SAXPAVNiAVObject@@PAVbhkWorld@@@Z
0x008870AF|PlayerCharacter::ApplyAutoAimActor|T2|1|?ApplyAutoAimActor@PlayerCharacter@@QAAXPAVProjectile@@PAVNiAVObject@@AAM2PAVNiPoint3@@MM@Z
0x0088716C|Actor::UpdateWeaponConditionEffects|T2|1|?UpdateWeaponConditionEffects@Actor@@QAAX_N@Z
0x00888205|ahkpConstraintInstance::setEntityB|T2|1|?setEntityB@ahkpConstraintInstance@@QAAXPAVhkpEntity@@@Z
0x0088865F|hkConstraintCinfo::GetViewerStrings|T2|3|?GetViewerStrings@hkConstraintCinfo@@UAAXPAV?$NiTPrimitiveArray@PAD@@@Z
0x00889860|bhkListShape::LinkObject|T2|1|?LinkObject@bhkListShape@@UAAXAAVNiStream@@@Z
0x00889DD0|hkpShapeDisplayViewer::getName|T2|1|?getName@hkpShapeDisplayViewer@@SAPBDXZ
0x00889EC0|bhkConvexListShape::GetViewerStrings|T2|1|?GetViewerStrings@bhkConvexListShape@@UAAXPAV?$NiTPrimitiveArray@PAD@@@Z
0x0088A980|bhkTransformShape::BuildDisplayGeometry|T2|1|?BuildDisplayGeometry@bhkTransformShape@@UAAXPAVNiNode@@ABVNiColor@@@Z
0x0088AC00|bhkConvexTransformShape::GetViewerStrings|T2|1|?GetViewerStrings@bhkConvexTransformShape@@UAAXPAV?$NiTPrimitiveArray@PAD@@@Z
0x0088B4D0|bhkRigidBodyCinfo::GetQualityTypeString|T2|4|?GetQualityTypeString@bhkRigidBodyCinfo@@QAAPBDXZ
0x0088B534|ActorMover::PrintCurrentStatus|T2|1|?PrintCurrentStatus@ActorMover@@QAAXPAVIDebugText@@W4DEBUGTEXT_LOCATION@@W4DEBUGTEXT_JUSTIFY@@@Z
0x0088CF3F|bhkRigidBody::AddMotionType|T2|4|?AddMotionType@bhkRigidBody@@KAXPAV?$NiTPrimitiveArray@PAD@@W4MotionType@hkpMotion@@@Z
0x0088D952|bhkRigidBody::LoadCInfo|T2|1|?LoadCInfo@bhkRigidBody@@UAAHAAVNiStream@@@Z
0x0088DC8A|bhkRigidBody::GetViewerStrings|T2|4|?GetViewerStrings@bhkRigidBody@@UAAXPAV?$NiTPrimitiveArray@PAD@@@Z
0x0088E37C|bhkBlendCollisionObjectAddRotation::AddViewerStrings|T2|1|?AddViewerStrings@bhkBlendCollisionObjectAddRotation@@UAAXPAV?$NiTPrimitiveArray@PAD@@@Z
0x0088EF80|hkpContactMgrFactory::calcContentStatistics|T2|1|?calcContentStatistics@hkpContactMgrFactory@@UBAXPAVhkStatisticsCollector@@PBVhkClass@@@Z
0x0088FFA0|hkpWorld::castRay|T2|1|?castRay@hkpWorld@@QBAXABUhkpWorldRayCastInput@@AAVhkpRayHitCollector@@@Z
0x00890160|hkpWorld::castRay|T2|1|?castRay@hkpWorld@@QBAXABUhkpWorldRayCastInput@@AAUhkpWorldRayCastOutput@@@Z
0x00890480|hkpWorld::linearCast|T2|1|?linearCast@hkpWorld@@QBAXPBVhkpCollidable@@ABUhkpLinearCastInput@@AAVhkpCdPointCollector@@PAV4@@Z
0x00891000|hkpWorld::calcContentStatistics|T3|5|?calcContentStatistics@hkpWorld@@UBAXPAVhkStatisticsCollector@@PBVhkClass@@@Z
0x00891170|hkpBroadphaseViewer::getName|T2|1|?getName@hkpBroadphaseViewer@@SAPBDXZ
0x00891210|LEAPCORE::CSWFilter::FilterName|T2|1|?FilterName@CSWFilter@LEAPCORE@@UBAPADXZ
0x008926A0|hkpWorld::updateCollisionFilterOnPhantom|T1|4|?updateCollisionFilterOnPhantom@hkpWorld@@QAAXPAVhkpPhantom@@W4hkpUpdateCollectionFilterMode@@@Z
0x008927C0|hkpWorld::updateCollisionFilterOnEntity|T2|2|?updateCollisionFilterOnEntity@hkpWorld@@QAAXPAVhkpEntity@@W4hkpUpdateCollisionFilterOnEntityMode@@W4hkpUpdateCollectionFilterMode@@@Z
0x00892C45|hkpWorld::addEntityBatch|T2|2|?addEntityBatch@hkpWorld@@QAAXPBQAVhkpEntity@@HW4hkpEntityActivation@@@Z
0x008934BE|hkpWorld::removeEntityBatch|T2|5|?removeEntityBatch@hkpWorld@@QAAXPBQAVhkpEntity@@H@Z
0x00893D10|hkpWorld::hkpWorld|T2|2|??0hkpWorld@@QAA@ABVhkpWorldCinfo@@I@Z
0x00894A5E|hkpWorld::shiftBroadPhase|T2|1|?shiftBroadPhase@hkpWorld@@QAAXABVhkVector4@@AAV2@W4CachedAabbUpdate@1@@Z
0x008950B9|hkpWorld::getPenetrations|T2|3|?getPenetrations@hkpWorld@@QBAXPBVhkpCollidable@@ABUhkpCollisionInput@@AAVhkpCdBodyPairCollector@@@Z
0x00895C4D|hkpWorld::getClosestPoints|T2|3|?getClosestPoints@hkpWorld@@QBAXPBVhkpCollidable@@ABUhkpCollisionInput@@AAVhkpCdPointCollector@@@Z
0x008983E0|bhkWorldM::GetViewerStrings|T2|1|?GetViewerStrings@bhkWorldM@@UAAXPAV?$NiTPrimitiveArray@PAD@@@Z
0x00899D40|bhkBlendController::GetViewerStrings|T2|1|?GetViewerStrings@bhkBlendController@@UAAXPAV?$NiTPrimitiveArray@PAD@@@Z
0x0089A520|hkpEntity::calcContentStatistics|T2|4|?calcContentStatistics@hkpEntity@@UBAXPAVhkStatisticsCollector@@PBVhkClass@@@Z
0x0089B898|bhkEntity::GetViewerStrings|T2|3|?GetViewerStrings@bhkEntity@@UAAXPAV?$NiTPrimitiveArray@PAD@@@Z
0x0089BA40|hkpBvShape::castRayImpl|T2|1|?castRayImpl@hkpBvShape@@UBA?AVhkBool@@ABUhkpShapeRayCastInput@@AAUhkpShapeRayCastOutput@@@Z
0x0089BBB0|hkpBvShape::castRayWithCollectorImpl|T2|1|?castRayWithCollectorImpl@hkpBvShape@@UBAXABUhkpShapeRayCastInput@@ABVhkpCdBody@@AAVhkpRayHitCollector@@@Z
0x0089BEF0|hkpBoxShape::castRayImpl|T2|1|?castRayImpl@hkpBoxShape@@UBA?AVhkBool@@ABUhkpShapeRayCastInput@@AAUhkpShapeRayCastOutput@@@Z
0x0089CF60|bhkShapePhantom::GetViewerStrings|T2|1|?GetViewerStrings@bhkShapePhantom@@UAAXPAV?$NiTPrimitiveArray@PAD@@@Z
0x0089DD30|bhkConvexShape::GetViewerStrings|T2|1|?GetViewerStrings@bhkConvexShape@@UAAXPAV?$NiTPrimitiveArray@PAD@@@Z
0x0089EA7D|bhkSphereShape::BuildDisplayGeometry|T2|1|?BuildDisplayGeometry@bhkSphereShape@@UAAXPAVNiNode@@ABVNiColor@@@Z
0x008A0740|bhkRagdollPenetrationUtil::ConstrainedSystem::~ConstrainedSystem|T2|1|??1ConstrainedSystem@bhkRagdollPenetrationUtil@@QAA@XZ
0x008A098F|bhkRagdollPenetrationUtil::CreateSkeletonForRagdoll|T2|2|?CreateSkeletonForRagdoll@bhkRagdollPenetrationUtil@@IAAPAVhkaSkeleton@@AAV?$hkArray@PAVhkpRigidBody@@UhkContainerHeapAllocator@@@@AAV?$hkArray@PAVhkpConstraintInstance@@UhkContainerHeapAllocator@@@@AAV?$BSSimpleArray@PAVbhkRigidBody@@$0EAA@@@@Z
0x008A5130|bhkNiTriStripsShape::GetViewerStrings|T2|1|?GetViewerStrings@bhkNiTriStripsShape@@UAAXPAV?$NiTPrimitiveArray@PAD@@@Z
0x008A5219|bhkPackedNiTriStripsShape::GetViewerStrings|T2|1|?GetViewerStrings@bhkPackedNiTriStripsShape@@UAAXPAV?$NiTPrimitiveArray@PAD@@@Z
0x008A5BAF|bhkNiTriStripsShape::LoadBinary|T2|2|?LoadBinary@bhkNiTriStripsShape@@UAAXAAVNiStream@@@Z
0x008A6F10|hkpRigidBody::hkpRigidBody|T2|1|??0hkpRigidBody@@QAA@ABVhkpRigidBodyCinfo@@@Z
0x008A808B|hkMalleableConstraintCinfo::GetViewerStrings|T2|1|?GetViewerStrings@hkMalleableConstraintCinfo@@UAAXPAV?$NiTPrimitiveArray@PAD@@@Z
0x008A8C90|hkLimitedHingeConstraintCinfo::GetViewerStrings|T2|3|?GetViewerStrings@hkLimitedHingeConstraintCinfo@@UAAXPAV?$NiTPrimitiveArray@PAD@@@Z
0x008A9383|bhkCapsuleShape::BuildDisplayGeometry|T2|1|?BuildDisplayGeometry@bhkCapsuleShape@@UAAXPAVNiNode@@ABVNiColor@@@Z
0x008ABA01|hkpCharacterProxy::calcContentStatistics|T2|2|?calcContentStatistics@hkpCharacterProxy@@UBAXPAVhkStatisticsCollector@@PBVhkClass@@@Z
0x008AC364|hkpCharacterProxy::integrateImplementation|T2|2|?integrateImplementation@hkpCharacterProxy@@IAAXABVhkStepInfo@@ABVhkVector4@@AAVhkpAllCdPointCollector@@2PAUhkpCharacterProxyIntegrateCommand@@H@Z
0x008AC950|hkpCharacterProxy::checkSupportDeprecated|T2|1|?checkSupportDeprecated@hkpCharacterProxy@@QBAXABVhkVector4@@AAUhkpSurfaceInfoDeprecated@@@Z
0x008AD151|hkpCharacterProxy::checkSupportWithCollector|T2|1|?checkSupportWithCollector@hkpCharacterProxy@@QAAXABVhkVector4@@AAUhkpSurfaceInfo@@AAVhkpAllCdPointCollector@@@Z
0x008B179F|bhkRigidBodyT::CreateDisplayGeometry|T2|1|?CreateDisplayGeometry@bhkRigidBodyT@@UAAPAVNiAVObject@@PAVNiNode@@@Z
0x008B1C60|bhkRigidBodyT::GetViewerStrings|T1|2|?GetViewerStrings@bhkRigidBodyT@@UAAXPAV?$NiTPrimitiveArray@PAD@@@Z
0x008B5F50|bhkMultiSphereShape::GetViewerStrings|T1|2|?GetViewerStrings@bhkMultiSphereShape@@UAAXPAV?$NiTPrimitiveArray@PAD@@@Z
0x008B9810|hkpMouseSpringAction::hkpMouseSpringAction|T2|1|??0hkpMouseSpringAction@@QAA@ABVhkVector4@@0MMMPAVhkpRigidBody@@PBV?$hkArray@P6AXPAVhkpMouseSpringAction@@ABVhkStepInfo@@ABVhkVector4@@@ZUhkContainerHeapAllocator@@@@@Z
0x008BA579|hkMemorySystem::_printStatistics|T2|2|?_printStatistics@hkMemorySystem@@IAAXAAVhkOstream@@ABU_PrintStatisticsInput@1@@Z
0x008BC0E0|hkHingeConstraintCinfo::GetViewerStrings|T2|3|?GetViewerStrings@hkHingeConstraintCinfo@@UAAXPAV?$NiTPrimitiveArray@PAD@@@Z
0x008BD960|hkpWorldRayCaster::castRay|T2|1|?castRay@hkpWorldRayCaster@@QAAXABVhkpBroadPhase@@ABUhkpWorldRayCastInput@@PBVhkpCollisionFilter@@PBDAAVhkpRayHitCollector@@@Z
0x008BD9E0|hkpWorldRayCaster::castRayGroup|T2|1|?castRayGroup@hkpWorldRayCaster@@QAAXABVhkpBroadPhase@@PBUhkpWorldRayCastInput@@HPBVhkpCollisionFilter@@PAVhkpRayHitCollector@@H@Z
0x008BDAE0|hkpWorldRayCaster::castRaysFromSinglePoint|T2|1|?castRaysFromSinglePoint@hkpWorldRayCaster@@QAAXABVhkpBroadPhase@@PBUhkpWorldRayCastInput@@HPBVhkpCollisionFilter@@PBDPAVhkpRayHitCollector@@H@Z
0x008BE190|XGRAPHICS::ShaderPDBBuilder::WriteVfetchInfo|T1|2|?WriteVfetchInfo@ShaderPDBBuilder@XGRAPHICS@@AAAXPAVStream@2@PAV?$FastVector@UVfetchInfo@XGRAPHICS@@@2@K@Z
0x008BE3EE|hkOstream::operator<<|T2|1|??6hkOstream@@QAAAAV0@_K@Z
0x008BE750|hkpHavokSnapshot::save|T2|1|?save@hkpHavokSnapshot@@SA?AVhkBool@@PBVhkpWorld@@PAVhkStreamWriter@@V2@PBULayoutRules@hkStructureLayout@@_N@Z
0x008BE9E4|hkpHavokSnapshot::load|T1|2|?load@hkpHavokSnapshot@@SAPAVhkpPhysicsData@@PAVhkStreamReader@@PAPAVhkResource@@@Z
0x008C0760|hkpCachingShapePhantomRay::castRay|T2|1|?castRay@hkpCachingShapePhantomRay@@QAAXABUhkpWorldRayCastInput@@AAUhkpWorldRayCastOutput@@@Z
0x008C1960|bhkMotorAction::GetViewerStrings|T1|2|?GetViewerStrings@bhkMotorAction@@UAAXPAV?$NiTPrimitiveArray@PAD@@@Z
0x008C3050|hkBreakableConstraintCinfo::GetViewerStrings|T2|1|?GetViewerStrings@hkBreakableConstraintCinfo@@UAAXPAV?$NiTPrimitiveArray@PAD@@@Z
0x008C4610|hkRagdollLimitsConstraintCinfo::GetViewerStrings|T2|3|?GetViewerStrings@hkRagdollLimitsConstraintCinfo@@UAAXPAV?$NiTPrimitiveArray@PAD@@@Z
0x008C528E|hkRagdollConstraintCinfo::GetViewerStrings|T2|3|?GetViewerStrings@hkRagdollConstraintCinfo@@UAAXPAV?$NiTPrimitiveArray@PAD@@@Z
0x008C6EF0|hkHingeLimitsConstraintCinfo::GetViewerStrings|T2|4|?GetViewerStrings@hkHingeLimitsConstraintCinfo@@UAAXPAV?$NiTPrimitiveArray@PAD@@@Z
0x008C80C2|bhkMoppBvTreeShape::LoadCInfo|T1|4|?LoadCInfo@bhkMoppBvTreeShape@@UAAHAAVNiStream@@@Z
0x008C86C0|bhkMoppBvTreeShape::GetViewerStrings|T2|3|?GetViewerStrings@bhkMoppBvTreeShape@@UAAXPAV?$NiTPrimitiveArray@PAD@@@Z
0x008C9940|bhkPlaneShape::GetViewerStrings|T1|2|?GetViewerStrings@bhkPlaneShape@@UAAXPAV?$NiTPrimitiveArray@PAD@@@Z
0x008CD2C0|bhkConvexTransformShape::BuildDisplayGeometry|T2|1|?BuildDisplayGeometry@bhkConvexTransformShape@@UAAXPAVNiNode@@ABVNiColor@@@Z
0x008CD460|bhkTransformShape::GetViewerStrings|T2|1|?GetViewerStrings@bhkTransformShape@@UAAXPAV?$NiTPrimitiveArray@PAD@@@Z
0x008CE5E0|bhkListShape::GetViewerStrings|T1|2|?GetViewerStrings@bhkListShape@@UAAXPAV?$NiTPrimitiveArray@PAD@@@Z
0x008CE83E|NiD3DShaderProgramCreatorHLSL::CreatePixelShaderFromFile|T2|1|?CreatePixelShaderFromFile@NiD3DShaderProgramCreatorHLSL@@UAAPAVNiD3DPixelShader@@PBD000_N@Z
0x008CEE31|hkVisualDebugger::serve|T2|2|?serve@hkVisualDebugger@@QAAXH@Z
0x008CF060|hkVisualDebugger::step|T1|3|?step@hkVisualDebugger@@UAAXM@Z
0x008CF326|hkVisualDebugger::shutdown|T1|4|?shutdown@hkVisualDebugger@@QAAXXZ
0x008CF680|hkVisualDebugger::removeDefaultProcess|T2|3|?removeDefaultProcess@hkVisualDebugger@@QAAXPBD@Z
0x008CF990|hkVisualDebugger::hkVisualDebugger|T2|3|??0hkVisualDebugger@@QAA@ABV?$hkArray@PAVhkProcessContext@@UhkContainerHeapAllocator@@@@PBVhkVtableClassRegistry@@@Z
0x008CFC31|hkVisualDebugger::capture|T2|2|?capture@hkVisualDebugger@@QAAXPBD@Z
0x008CFDE4|hkVisualDebugger::pollForNewClients|T2|1|?pollForNewClients@hkVisualDebugger@@UAAXXZ
0x008CFFD0|hkpPhantomDisplayViewer::getName|T2|1|?getName@hkpPhantomDisplayViewer@@SAPBDXZ
0x008D00A0|hkpConstraintViewer::getName|T2|1|?getName@hkpConstraintViewer@@SAPBDXZ
0x008D0940|hkMonitorStreamAnalyzer::hkMonitorStreamAnalyzer|T2|1|??0hkMonitorStreamAnalyzer@@QAA@HHH@Z
0x008D0B17|ShadowSceneNode::AddDebugGeometryOcclusionPlane|T2|1|?AddDebugGeometryOcclusionPlane@ShadowSceneNode@@QAAXPBVNiCamera@@PAVBSOcclusionPlane@@PBD@Z
0x008D0BD9|hkpWorldObject::calcContentStatistics|T2|3|?calcContentStatistics@hkpWorldObject@@UBAXPAVhkStatisticsCollector@@PBVhkClass@@@Z
0x008D6260|hkpSphereShape::castRayImpl|T2|1|?castRayImpl@hkpSphereShape@@UBA?AVhkBool@@ABUhkpShapeRayCastInput@@AAUhkpShapeRayCastOutput@@@Z
0x008D9B1D|hkaTwoJointsIkSolver::solve|T2|2|?solve@hkaTwoJointsIkSolver@@SA?AVhkBool@@ABUSetup@1@AAVhkaPose@@@Z
0x008DB910|hkaSkeletonUtils::transformLocalPoseToWorldPose|T2|1|?transformLocalPoseToWorldPose@hkaSkeletonUtils@@SAXHPBFABVhkQsTransform@@PBV2@PAV2@@Z
0x008DBA6C|hkaSkeletonUtils::bindByName|T2|3|?bindByName@hkaSkeletonUtils@@SA?AW4hkResult@@ABVhkaSkeleton@@ABVhkaAnimation@@P6AHPBD2@ZAAVhkaAnimationBinding@@@Z
0x008DBAE0|hkaSkeletonUtils::transformWorldPoseToLocalPose|T2|1|?transformWorldPoseToLocalPose@hkaSkeletonUtils@@SAXHPBFABVhkQsTransform@@PBV2@PAV2@@Z
0x008DD9ED|hkpResponseModifier::setInvMassScalingForContact|T2|1|?setInvMassScalingForContact@hkpResponseModifier@@SAXPAVhkpDynamicsContactMgr@@PAVhkpRigidBody@@1AAVhkpConstraintOwner@@ABVhkVector4@@3@Z
0x008DDBF0|hkpResponseModifier::setInvMassScalingForContact|T2|1|?setInvMassScalingForContact@hkpResponseModifier@@SAXPAVhkpDynamicsContactMgr@@PAVhkpRigidBody@@AAVhkpConstraintOwner@@ABVhkVector4@@@Z
0x008DDCF0|hkpResponseModifier::setImpulseScalingForContact|T2|1|?setImpulseScalingForContact@hkpResponseModifier@@SAXPAVhkpDynamicsContactMgr@@PAVhkpRigidBody@@1AAVhkpConstraintOwner@@MM@Z
0x008DDD20|hkpResponseModifier::setSurfaceVelocity|T2|1|?setSurfaceVelocity@hkpResponseModifier@@SAXPAVhkpDynamicsContactMgr@@PAVhkpRigidBody@@AAVhkpConstraintOwner@@ABVhkVector4@@@Z
0x008DDEF0|hkpResponseModifier::setLowSurfaceViscosity|T2|1|?setLowSurfaceViscosity@hkpResponseModifier@@SAXPAVhkpDynamicsContactMgr@@AAVhkpConstraintOwner@@@Z
0x008DE010|hkpResponseModifier::disableConstraint|T2|1|?disableConstraint@hkpResponseModifier@@SAXPAVhkpConstraintInstance@@AAVhkpConstraintOwner@@@Z
0x008DE1D0|hkpResponseModifier::enableConstraint|T2|1|?enableConstraint@hkpResponseModifier@@SAXPAVhkpConstraintInstance@@AAVhkpConstraintOwner@@@Z
0x008E0C26|hkaSkeletonMapper::checkMapping|T2|4|?checkMapping@hkaSkeletonMapper@@SAXABVhkaSkeletonMapperData@@@Z
0x008E1105|hkaSkeletonMapper::mapPoseLocalSpace|T2|3|?mapPoseLocalSpace@hkaSkeletonMapper@@QBAXPBVhkQsTransform@@PAV2@PBF2_N@Z
0x008E1A9F|hkaSkeletonMapper::mapPose|T2|3|?mapPose@hkaSkeletonMapper@@QBAXPBVhkQsTransform@@0PAV2@W4ConstraintSource@1@@Z
0x008E2510|hkaSkeletonMapper::mapPose|T2|1|?mapPose@hkaSkeletonMapper@@QBAXABVhkaPose@@AAV2@W4ConstraintSource@1@@Z
0x008E2730|hkaSkeletonMapper::setMulWithScaling|T2|1|?setMulWithScaling@hkaSkeletonMapper@@CAXW4MappingType@hkaSkeletonMapperData@@AAVhkQsTransform@@ABV4@2@Z
0x008E27BD|hkaSkeletonMapper::initializeBindingMaps|T2|2|?initializeBindingMaps@hkaSkeletonMapper@@QBAXPBVhkaAnimationBinding@@AAV?$hkArray@FUhkContainerHeapAllocator@@@@11@Z
0x008E29B0|hkaSkeletonMapper::checkMappingLocalSpace|T2|4|?checkMappingLocalSpace@hkaSkeletonMapper@@SAXABVhkaSkeletonMapperData@@@Z
0x008E3A00|hkaSkeletonMapperUtils::lockTranslationsAutomatically|T1|5|?lockTranslationsAutomatically@hkaSkeletonMapperUtils@@SA?AW4hkResult@@ABVhkaSkeletonMapperData@@@Z
0x008E3A90|hkaSkeletonMapperUtils::checkRotation|T2|1|?checkRotation@hkaSkeletonMapperUtils@@CA_NABUParams@1@FFABVhkQsTransform@@1@Z
0x008E3E95|hkaSkeletonMapperUtils::computeMappingTransform|T1|5|?computeMappingTransform@hkaSkeletonMapperUtils@@CAXW4MappingType@hkaSkeletonMapperData@@ABVhkQsTransform@@1AAV4@MM@Z
0x008E4E20|hkaSkeletonMapperUtils::createMapping|T2|4|?createMapping@hkaSkeletonMapperUtils@@SAXABUParams@1@AAVhkaSkeletonMapperData@@1@Z
0x008E5840|hkaSkeletonMapperUtils::ExtractedMotionParams::computeExtractedMotionTransforms|T2|1|?computeExtractedMotionTransforms@ExtractedMotionParams@hkaSkeletonMapperUtils@@QAAXW4MappingType@hkaSkeletonMapperData@@PBVhkQsTransform@@H1HAAV5@2@Z
0x008E7E80|hkpGroupFilter::calcFilterInfo|T1|3|?calcFilterInfo@hkpGroupFilter@@SAIHHHH@Z
0x008E80BF|hkaRagdollUtils::reorderForRagdoll|T1|4|?reorderForRagdoll@hkaRagdollUtils@@SA?AW4hkResult@@AAV?$hkArray@PAVhkpRigidBody@@UhkContainerHeapAllocator@@@@AAV?$hkArray@PAVhkpConstraintInstance@@UhkContainerHeapAllocator@@@@@Z
0x008E8A29|hkaRagdollUtils::copyScales|T2|1|?copyScales@hkaRagdollUtils@@SAXPAVhkQsTransform@@PBV2@H@Z
0x008E926C|hkaRagdollUtils::createRagdollInstanceFromSkeleton|T2|6|?createRagdollInstanceFromSkeleton@hkaRagdollUtils@@SAPAVhkaRagdollInstance@@PBVhkaSkeleton@@ABV?$hkArrayBase@PAVhkpRigidBody@@@@ABV?$hkArrayBase@PAVhkpConstraintInstance@@@@@Z
0x008E9690|hkaRagdollUtils::constructSkeletonForRagdoll|T2|1|?constructSkeletonForRagdoll@hkaRagdollUtils@@SAPAVhkaSkeleton@@ABV?$hkArrayBase@PAVhkpRigidBody@@@@ABV?$hkArrayBase@PAVhkpConstraintInstance@@@@@Z
0x008E97A0|hkaRagdollUtils::destroySkeleton|T2|1|?destroySkeleton@hkaRagdollUtils@@SAXPAVhkaSkeleton@@@Z
0x008F0690|hkpAabbPhantom::castRay|T2|1|?castRay@hkpAabbPhantom@@QBAXABUhkpWorldRayCastInput@@AAVhkpRayHitCollector@@@Z
0x008F07A0|hkpCachingShapePhantomRay::castRay|T2|1|?castRay@hkpCachingShapePhantomRay@@QAAXABUhkpWorldRayCastInput@@AAVhkpRayHitCollector@@@Z
0x008F08C0|hkpAabbPhantom::linearCast|T2|1|?linearCast@hkpAabbPhantom@@QBAXQBVhkpCollidable@@ABUhkpLinearCastInput@@AAVhkpCdPointCollector@@PAV4@@Z
0x008F0CF0|hkpAabbPhantom::calcContentStatistics|T2|1|?calcContentStatistics@hkpAabbPhantom@@UBAXPAVhkStatisticsCollector@@PBVhkClass@@@Z
0x008F27CA|bhkConstraintManager::GetTypeName|T2|7|?GetTypeName@bhkConstraintManager@@SAPBDI@Z
0x008F27E5|PathBuilder::BuildDetailedPathForLoadedVirtualNodes|T2|1|?BuildDetailedPathForLoadedVirtualNodes@PathBuilder@@AAA_NPAVActor@@@Z
0x008F3284|hkpListShape::castRayImpl|T2|1|?castRayImpl@hkpListShape@@UBA?AVhkBool@@ABUhkpShapeRayCastInput@@AAUhkpShapeRayCastOutput@@@Z
0x008F3316|hkpListShape::castRayWithCollectorImpl|T2|1|?castRayWithCollectorImpl@hkpListShape@@UBAXABUhkpShapeRayCastInput@@ABVhkpCdBody@@AAVhkpRayHitCollector@@@Z
0x008F3484|hkpListShape::calcContentStatistics|T2|1|?calcContentStatistics@hkpListShape@@UBAXPAVhkStatisticsCollector@@PBVhkClass@@@Z
0x008F34C7|hkpBvShape::calcContentStatistics|T2|1|?calcContentStatistics@hkpBvShape@@UBAXPAVhkStatisticsCollector@@PBVhkClass@@@Z
0x008F39F9|hkpTransformShape::calcContentStatistics|T2|1|?calcContentStatistics@hkpTransformShape@@UBAXPAVhkStatisticsCollector@@PBVhkClass@@@Z
0x008F4260|XGRAPHICS::ShaderPDBBuilder::WriteFuncInfo|T2|1|?WriteFuncInfo@ShaderPDBBuilder@XGRAPHICS@@AAAXPAVStream@2@PAV?$FastVector@UFuncInfo@XGRAPHICS@@@2@@Z
0x008F4300|hkStatisticsCollectorUtil::_getArrayElementSize|T2|1|?_getArrayElementSize@hkStatisticsCollectorUtil@@KAHABVhkClassMember@@@Z
0x008F4790|hkStatisticsCollectorUtil::addClassContents|T2|1|?addClassContents@hkStatisticsCollectorUtil@@SAXPBXABVhkClass@@PAVhkStatisticsCollector@@@Z
0x008F6A90|hkpContinuousSimulation::advanceTime|T2|1|?advanceTime@hkpContinuousSimulation@@UAA?AW4hkpStepResult@@XZ
0x008F70F0|hkpSimulation::integrateIsland|T2|1|?integrateIsland@hkpSimulation@@KAXPAVhkpSimulationIsland@@ABUhkpWorldDynamicsStepInfo@@AAVhkpConstraintQueryIn@@@Z
0x008F72A0|hkpSimulation::integrateInternal|T2|2|?integrateInternal@hkpSimulation@@IAA?AW4hkpStepResult@@ABVhkStepInfo@@@Z
0x008F83AD|hkpSimulation::collideEntitiesBroadPhaseDiscrete|T2|4|?collideEntitiesBroadPhaseDiscrete@hkpSimulation@@SAXPAPAVhkpEntity@@HPAVhkpWorld@@@Z
0x008F8B00|hkpSimpleWorldRayCaster::castRay|T2|1|?castRay@hkpSimpleWorldRayCaster@@QAAXABVhkpBroadPhase@@ABUhkpWorldRayCastInput@@PBVhkpCollisionFilter@@AAUhkpWorldRayCastOutput@@@Z
0x008F8BC0|hkpSimpleWorldRayCaster::castRay|T2|1|?castRay@hkpSimpleWorldRayCaster@@QAAXABVhkpBroadPhase@@ABUhkpWorldRayCastInput@@PBVhkpCollisionFilter@@PBDAAUhkpWorldRayCastOutput@@@Z
0x008F8DA0|hkpSimpleWorldRayCaster::castRaysFromSinglePoint|T2|1|?castRaysFromSinglePoint@hkpSimpleWorldRayCaster@@QAAXABVhkpBroadPhase@@PBUhkpWorldRayCastInput@@HPBVhkpCollisionFilter@@PBDPAUhkpWorldRayCastOutput@@@Z
0x008FA080|hkpCollisionDispatcher::calcContentStatistics|T1|2|?calcContentStatistics@hkpCollisionDispatcher@@UBAXPAVhkStatisticsCollector@@PBVhkClass@@@Z
0x008FA2F3|hkpCollisionDispatcher::debugPrintTable|T2|2|?debugPrintTable@hkpCollisionDispatcher@@QAAXXZ
0x008FA3B7|hkpCollisionDispatcher::registerContactMgrFactoryWithAll|T2|1|?registerContactMgrFactoryWithAll@hkpCollisionDispatcher@@QAAXPAVhkpContactMgrFactory@@H@Z
0x008FA430|hkpCollisionDispatcher::resetCreationFunctions|T2|1|?resetCreationFunctions@hkpCollisionDispatcher@@IAAXXZ
0x008FA5D6|hkpCollisionDispatcher::updateHasAlternateType|T2|1|?updateHasAlternateType@hkpCollisionDispatcher@@IAAXW4hkpShapeType@@0H@Z
0x008FB6C9|hkpSimpleConstraintContactMgr::calcContentStatistics|T1|3|?calcContentStatistics@hkpSimpleConstraintContactMgr@@MBAXPAVhkStatisticsCollector@@PBVhkClass@@@Z
0x008FDA50|hkpWorldCallbackUtil::fireEntityAdded|T2|1|?fireEntityAdded@hkpWorldCallbackUtil@@SAXPAVhkpWorld@@PAVhkpEntity@@@Z
0x008FDBE0|hkpEntityCallbackUtil::fireEntityRemoved|T2|1|?fireEntityRemoved@hkpEntityCallbackUtil@@SAXPAVhkpEntity@@@Z
0x008FDC90|hkpWorldCallbackUtil::fireEntityRemoved|T2|1|?fireEntityRemoved@hkpWorldCallbackUtil@@SAXPAVhkpWorld@@PAVhkpEntity@@@Z
0x008FDD70|hkpWorldCallbackUtil::firePhantomShapeSet|T2|1|?firePhantomShapeSet@hkpWorldCallbackUtil@@SAXPAVhkpWorld@@PAVhkpPhantom@@@Z
0x008FDDF0|hkpWorldCallbackUtil::fireEntitySetMotionType|T2|1|?fireEntitySetMotionType@hkpWorldCallbackUtil@@SAXPAVhkpWorld@@PAVhkpEntity@@@Z
0x008FDF60|hkpEntityCallbackUtil::fireEntityDeleted|T2|1|?fireEntityDeleted@hkpEntityCallbackUtil@@SAXPAVhkpEntity@@@Z
0x008FE020|hkpWorldCallbackUtil::fireContactConstraintAddedCallback|T2|1|?fireContactConstraintAddedCallback@hkpWorldCallbackUtil@@SAXPAVhkpWorld@@AAVhkpCollisionEvent@@@Z
0x008FE1D0|hkpEntityCallbackUtil::fireContactPointAddedInternal|T2|1|?fireContactPointAddedInternal@hkpEntityCallbackUtil@@KAXPAVhkpEntity@@AAUhkpContactPointAddedEvent@@@Z
0x008FE2CA|hkpEntityCallbackUtil::fireContactProcessInternal|T2|1|?fireContactProcessInternal@hkpEntityCallbackUtil@@KAXPAVhkpEntity@@AAUhkpContactProcessEvent@@@Z
0x008FE492|hkpWorldCallbackUtil::fireActionAdded|T2|1|?fireActionAdded@hkpWorldCallbackUtil@@SAXPAVhkpWorld@@PAVhkpAction@@@Z
0x008FE57A|hkpEntityCallbackUtil::fireEntityAdded|T2|1|?fireEntityAdded@hkpEntityCallbackUtil@@SAXPAVhkpEntity@@@Z
0x008FE767|hkpEntityCallbackUtil::fireEntityShapeSet|T2|1|?fireEntityShapeSet@hkpEntityCallbackUtil@@SAXPAVhkpEntity@@@Z
0x008FE820|hkpWorldCallbackUtil::firePhantomAdded|T2|1|?firePhantomAdded@hkpWorldCallbackUtil@@SAXPAVhkpWorld@@PAVhkpPhantom@@@Z
0x008FE8A0|hkpWorldCallbackUtil::firePhantomRemoved|T2|1|?firePhantomRemoved@hkpWorldCallbackUtil@@SAXPAVhkpWorld@@PAVhkpPhantom@@@Z
0x008FEA30|hkpWorldCallbackUtil::fireEntityShapeSet|T2|1|?fireEntityShapeSet@hkpWorldCallbackUtil@@SAXPAVhkpWorld@@PAVhkpEntity@@@Z
0x008FEBA0|hkpWorldCallbackUtil::fireConstraintViolated|T2|1|?fireConstraintViolated@hkpWorldCallbackUtil@@SAXPAVhkpWorld@@PAVhkpConstraintInstance@@@Z
0x008FECA0|hkpWorldCallbackUtil::fireConstraintRepaired|T2|1|?fireConstraintRepaired@hkpWorldCallbackUtil@@SAXPAVhkpWorld@@ABUhkpConstraintRepairedEvent@@@Z
0x008FED90|hkpEntityCallbackUtil::fireContactPointCallbackInternal|T2|1|?fireContactPointCallbackInternal@hkpEntityCallbackUtil@@KAXPAVhkpEntity@@AAVhkpContactPointEvent@@@Z
0x008FEEF5|hkpWorldCallbackUtil::fireWorldDeleted|T2|1|?fireWorldDeleted@hkpWorldCallbackUtil@@SAXPAVhkpWorld@@@Z
0x008FEFE5|hkpWorldCallbackUtil::fireWorldRemoveAll|T2|1|?fireWorldRemoveAll@hkpWorldCallbackUtil@@SAXPAVhkpWorld@@@Z
0x008FF1D3|hkpWorldCallbackUtil::fireIslandActivated|T1|2|?fireIslandActivated@hkpWorldCallbackUtil@@SAXPAVhkpWorld@@PAVhkpSimulationIsland@@@Z
0x008FF2D1|hkpWorldCallbackUtil::fireIslandDeactivated|T2|1|?fireIslandDeactivated@hkpWorldCallbackUtil@@SAXPAVhkpWorld@@PAVhkpSimulationIsland@@@Z
0x008FF410|hkpWorldCallbackUtil::firePostSimulationCallback|T2|1|?firePostSimulationCallback@hkpWorldCallbackUtil@@SAXPAVhkpWorld@@@Z
0x008FF831|hkpWorldCallbackUtil::firePostIntegrateCallback|T2|1|?firePostIntegrateCallback@hkpWorldCallbackUtil@@SAXPAVhkpWorld@@ABVhkStepInfo@@@Z
0x008FF9B0|hkpEntityCallbackUtil::fireContactPointRemovedInternal|T2|1|?fireContactPointRemovedInternal@hkpEntityCallbackUtil@@KAXPAVhkpEntity@@AAUhkpContactPointRemovedEvent@@@Z
0x008FFA00|hkpWorldCallbackUtil::fireContactProcess|T2|1|?fireContactProcess@hkpWorldCallbackUtil@@SAXPAVhkpWorld@@AAUhkpContactProcessEvent@@@Z
0x008FFDA0|hkpWorldMemoryUtil::watchHeapMemory|T2|1|?watchHeapMemory@hkpWorldMemoryUtil@@SAXPAVhkpWorld@@@Z
0x00900320|hkpMultiThreadedSimulation::stepBeginSt|T2|2|?stepBeginSt@hkpMultiThreadedSimulation@@QAA?AW4hkpStepResult@@PAVhkJobQueue@@M@Z
0x00900F30|hkpMultiThreadedSimulation::addToiEventWithCriticalSectionLock|T1|2|?addToiEventWithCriticalSectionLock@hkpMultiThreadedSimulation@@QAAXABUhkpProcessCollisionOutput@@ABUhkpAgentNnEntry@@PAVhkCriticalSection@@@Z
0x0090135F|hkpSimulation::integrate|T2|1|?integrate@hkpSimulation@@UAA?AW4hkpStepResult@@M@Z
0x00901440|hkpMultiThreadedSimulation::finishMtStep|T2|4|?finishMtStep@hkpMultiThreadedSimulation@@QAA?AW4hkpStepResult@@PAVhkJobQueue@@PAVhkJobThreadPool@@@Z
0x009017B0|hkpSimulation::reCollideAfterStepFailure|T2|1|?reCollideAfterStepFailure@hkpSimulation@@IAA?AW4hkpStepResult@@XZ
0x00901D20|hkpContinuousSimulation::collideEntitiesNeedingPsiCollisionDetectionNarrowPhase_toiOnly|T2|1|?collideEntitiesNeedingPsiCollisionDetectionNarrowPhase_toiOnly@hkpContinuousSimulation@@MAAXABUhkpProcessCollisionInput@@AAV?$hkPointerMap@IPAVhkpEntity@@UhkContainerHeapAllocator@@@@@Z
0x00902C80|hkJobQueue::addJobBatch|T2|1|?addJobBatch@hkJobQueue@@QAAXABV?$hkArrayBase@PAUhkJob@@@@W4JobPriority@1@@Z
0x00902DFA|hkJobQueue::finishJob|T2|1|?finishJob@hkJobQueue@@QAAXPBUJobQueueEntry@1@W4FinishJobFlag@1@@Z
0x00902EC2|hkJobQueue::finishAddAndGetNextJob|T2|1|?finishAddAndGetNextJob@hkJobQueue@@QAA?AW4JobStatus@1@W4hkJobType@@W4JobPriority@1@AAUJobQueueEntry@1@W4WaitStatus@1@@Z
0x0090318D|hkJobQueue::finishJobAndGetNextJob|T2|1|?finishJobAndGetNextJob@hkJobQueue@@QAA?AW4JobStatus@1@PBUJobQueueEntry@1@AAU31@W4WaitStatus@1@@Z
0x00903290|hkpSimulation::collide|T2|1|?collide@hkpSimulation@@UAA?AW4hkpStepResult@@XZ
0x009033BD|hkJobQueue::processAllJobs|T2|4|?processAllJobs@hkJobQueue@@QAA?AW4JobStatus@1@XZ
0x00903C20|hkJobQueue::findJobInternal|T2|1|?findJobInternal@hkJobQueue@@QAA?AW4JobStatus@1@HPAUDynamicData@1@W4WaitStatus@1@AAUJobQueueEntry@1@@Z
0x00904EAE|hkStatisticsCollector::memoryTypeToCstring|T2|3|?memoryTypeToCstring@hkStatisticsCollector@@SAPBDW4MemoryType@1@@Z
0x0090504E|hkStatisticsCollector::memorySizeToText|T1|3|?memorySizeToText@hkStatisticsCollector@@SAXHAAVhkStringBuf@@@Z
0x00905424|hkpSimulationIsland::calcContentStatistics|T1|9|?calcContentStatistics@hkpSimulationIsland@@UBAXPAVhkStatisticsCollector@@PBVhkClass@@@Z
0x00905DB0|hkpPhantom::calcContentStatistics|T1|2|?calcContentStatistics@hkpPhantom@@UBAXPAVhkStatisticsCollector@@PBVhkClass@@@Z
0x00906720|hkpAabbTreeWorldManager::castRay|T1|3|?castRay@hkpAabbTreeWorldManager@@UBAXABUhkpWorldRayCastInput@@PBVhkpCollisionFilter@@AAUhkpWorldRayCastOutput@@@Z
0x00907420|hkpAabbTreeWorldManager::buildInactiveTree|T2|1|?buildInactiveTree@hkpAabbTreeWorldManager@@IAAXAAV?$hkArray@PBVhkpCollidable@@UhkContainerHeapAllocator@@@@PAVhkJobQueue@@PAVhkJobThreadPool@@@Z
0x009077D0|hkpAabbTreeWorldManager::buildKdTree|T2|3|?buildKdTree@hkpAabbTreeWorldManager@@IAAXAAPAVhkKdTree@@AAV?$hkArray@PBVhkpCollidable@@UhkContainerHeapAllocator@@@@PAVhkpWorld@@PAVhkJobQueue@@PAVhkJobThreadPool@@@Z
0x00907A90|hkpAabbTreeWorldManager::incrementalBuild|T2|3|?incrementalBuild@hkpAabbTreeWorldManager@@IAAXPAVhkJobQueue@@PAVhkJobThreadPool@@@Z
0x00908075|hkpAabbTreeWorldManager::fullBuild|T2|4|?fullBuild@hkpAabbTreeWorldManager@@IAAXPAVhkJobQueue@@PAVhkJobThreadPool@@@Z
0x00908083|hkpAabbTreeWorldManager::updateFromWorld|T2|1|?updateFromWorld@hkpAabbTreeWorldManager@@UAAXPAVhkJobQueue@@PAVhkJobThreadPool@@@Z
0x0090876E|hkpKdTreeWorldManager::buildTreeSingleThreaded|T2|1|?buildTreeSingleThreaded@hkpKdTreeWorldManager@@IAAXAAPAVhkKdTree@@AAV?$hkArray@PBVhkpCollidable@@UhkContainerHeapAllocator@@@@@Z
0x00908A90|hkpKdTreeWorldManager::buildTreeDistributed|T2|3|?buildTreeDistributed@hkpKdTreeWorldManager@@IAAXAAPAVhkKdTree@@AAV?$hkArray@PBVhkpCollidable@@UhkContainerHeapAllocator@@@@PAVhkJobQueue@@PAVhkJobThreadPool@@@Z
0x00908CF0|hkpKdTreeWorldManager::updateFromWorld|T1|3|?updateFromWorld@hkpKdTreeWorldManager@@UAAXPAVhkJobQueue@@PAVhkJobThreadPool@@@Z
0x00908FB0|hkpCollisionCallbackUtil::constraintRemovedCallback|T2|1|?constraintRemovedCallback@hkpCollisionCallbackUtil@@UAAXPAVhkpConstraintInstance@@@Z
0x009094A0|hkpDefaultWorldMaintenanceMgr::performMaintenance|T1|2|?performMaintenance@hkpDefaultWorldMaintenanceMgr@@UAAXPAVhkpWorld@@AAVhkStepInfo@@@Z
0x0090A9D9|hkpContinuousSimulation::calcContentStatistics|T1|3|?calcContentStatistics@hkpContinuousSimulation@@MBAXPAVhkStatisticsCollector@@PBVhkClass@@@Z
0x0090AC40|hkpContinuousSimulation::collideEntitiesOfOneIslandNarrowPhaseContinuous_toiOnly|T2|1|?collideEntitiesOfOneIslandNarrowPhaseContinuous_toiOnly@hkpContinuousSimulation@@MAAXPAPAVhkpEntity@@HABUhkpProcessCollisionInput@@AAV?$hkPointerMap@IPAVhkpEntity@@UhkContainerHeapAllocator@@@@@Z
0x0090B1C0|hkpContinuousSimulation::addToiEvent|T1|2|?addToiEvent@hkpContinuousSimulation@@QAAXABUhkpProcessCollisionOutput@@ABUhkpAgentNnEntry@@@Z
0x0090B520|hkpContinuousSimulation::collideEntitiesBroadPhaseContinuousFindPairs|T2|2|?collideEntitiesBroadPhaseContinuousFindPairs@hkpContinuousSimulation@@QAAXPAPAVhkpEntity@@HPAVhkpWorld@@AAV?$hkArray@VhkpBroadPhaseHandlePair@@UhkContainerHeapAllocator@@@@2@Z
0x0090B710|hkpContinuousSimulation::collideEntitiesBroadPhaseContinuous|T3|1|?collideEntitiesBroadPhaseContinuous@hkpContinuousSimulation@@QAAXPAPAVhkpEntity@@HPAVhkpWorld@@PAC@Z
0x0090B7A4|hkpContinuousSimulation::removeAndAddPairs|T2|1|?removeAndAddPairs@hkpContinuousSimulation@@QAAXPAVhkpWorld@@PAPAVhkpEntity@@AAV?$hkArray@VhkpBroadPhaseHandlePair@@UhkContainerHeapAllocator@@@@2@Z
0x0090BB20|hkpContinuousSimulation::collideIslandNarrowPhaseContinuous|T2|1|?collideIslandNarrowPhaseContinuous@hkpContinuousSimulation@@QAAXPAVhkpSimulationIsland@@ABUhkpProcessCollisionInput@@@Z
0x0090BBE0|hkpContinuousSimulation::processAgentNnEntries|T2|1|?processAgentNnEntries@hkpContinuousSimulation@@UAAXPBQAUhkpAgentNnEntry@@HABUhkpProcessCollisionInput@@PAVhkpSimulationIsland@@VhkBool@@@Z
0x0090BEE9|hkpMultiThreadedSimulation::collideEntitiesNeedingPsiCollisionDetectionNarrowPhase_toiOnly|T2|1|?collideEntitiesNeedingPsiCollisionDetectionNarrowPhase_toiOnly@hkpMultiThreadedSimulation@@MAAXABUhkpProcessCollisionInput@@AAV?$hkPointerMap@IPAVhkpEntity@@UhkContainerHeapAllocator@@@@@Z
0x0090C290|hkpContinuousSimulation::handleSimpleToi|T2|1|?handleSimpleToi@hkpContinuousSimulation@@IAAXPAVhkpWorld@@AAUhkpToiEvent@@MM@Z
0x0090CDA0|hkpContinuousSimulation::advanceTimeInternal|T2|2|?advanceTimeInternal@hkpContinuousSimulation@@IAA?AW4hkpStepResult@@XZ
0x0090D020|hkpSimulation::collideInternal|T2|1|?collideInternal@hkpSimulation@@MAAXABVhkStepInfo@@@Z
0x0090D150|hkpContinuousSimulation::collideInternal|T2|1|?collideInternal@hkpContinuousSimulation@@MAAXABVhkStepInfo@@@Z
0x0090DF6A|hkpSimulation::advanceTime|T2|1|?advanceTime@hkpSimulation@@UAA?AW4hkpStepResult@@XZ
0x0090E2D1|hkpContinuousSimulation::simulateToi|T2|2|?simulateToi@hkpContinuousSimulation@@MAAXPAVhkpWorld@@AAUhkpToiEvent@@MM@Z
0x0090FAE1|hkp3AxisSweep::calcContentStatistics|T1|2|?calcContentStatistics@hkp3AxisSweep@@UBAXPAVhkStatisticsCollector@@PBVhkClass@@@Z
0x0090FCBD|BSMultiBoundOBB::GetViewerStrings|T2|1|?GetViewerStrings@BSMultiBoundOBB@@UAAXPAV?$NiTPrimitiveArray@PAD@@@Z
0x0091D890|hkpSimpleShapePhantom::calcContentStatistics|T2|1|?calcContentStatistics@hkpSimpleShapePhantom@@UBAXPAVhkStatisticsCollector@@PBVhkClass@@@Z
0x0091EAAD|hkpTriangleShape::castRayImpl|T2|1|?castRayImpl@hkpTriangleShape@@UBA?AVhkBool@@ABUhkpShapeRayCastInput@@AAUhkpShapeRayCastOutput@@@Z
0x0091EEC0|hkpTriangleShape::castRayBundleImpl|T2|1|?castRayBundleImpl@hkpTriangleShape@@UBA?AVhkVector4Comparison@@ABUhkpShapeRayBundleCastInput@@AAUhkpShapeRayBundleCastOutput@@ABV2@@Z
0x0091F4A0|hkpConvexListShape::castRayWithCollectorImpl|T2|1|?castRayWithCollectorImpl@hkpConvexListShape@@UBAXABUhkpShapeRayCastInput@@ABVhkpCdBody@@AAVhkpRayHitCollector@@@Z
0x0091F620|hkpShapeCollection::getAabbImpl|T2|1|?getAabbImpl@hkpShapeCollection@@UBAXABVhkTransform@@MAAVhkAabb@@@Z
0x0091F730|hkpShapeCollection::getMaximumProjection|T2|1|?getMaximumProjection@hkpShapeCollection@@UBAMABVhkVector4@@@Z
0x0091F833|hkpShapeCollection::castRayWithCollectorImpl|T2|1|?castRayWithCollectorImpl@hkpShapeCollection@@UBAXABUhkpShapeRayCastInput@@ABVhkpCdBody@@AAVhkpRayHitCollector@@@Z
0x009208D4|hkpCapsuleShape::castRayImpl|T2|1|?castRayImpl@hkpCapsuleShape@@UBA?AVhkBool@@ABUhkpShapeRayCastInput@@AAUhkpShapeRayCastOutput@@@Z
0x009254FD|hkBufferedStreamWriter::calcContentStatistics|T1|2|?calcContentStatistics@hkBufferedStreamWriter@@UBAXPAVhkStatisticsCollector@@PBVhkClass@@@Z
0x00929637|hkDefaultError::message|T2|3|?message@hkDefaultError@@UAAHW4Message@hkError@@HPBD1H@Z
0x0092B0F9|hkCpuJobThreadPool::~hkCpuJobThreadPool|T2|1|??1hkCpuJobThreadPool@@UAA@XZ
0x0092B3B0|hkCpuJobThreadPoolCinfo::hkCpuJobThreadPoolCinfo|T2|1|??0hkCpuJobThreadPoolCinfo@@QAA@XZ
0x0092B4F0|hkBvTreeAgent3::calcStatistics|T2|1|?calcStatistics@hkBvTreeAgent3@@YAXPAUhkpAgentEntry@@PAXABUhkpCollisionInput@@PAVhkStatisticsCollector@@@Z
0x0092BFD0|hkpBvTreeStreamAgent::processCollision|T2|2|?processCollision@hkpBvTreeStreamAgent@@UAAXABVhkpCdBody@@0ABUhkpProcessCollisionInput@@AAUhkpProcessCollisionOutput@@@Z
0x0092C450|hkBvTreeAgent3::process|T2|1|?process@hkBvTreeAgent3@@YAPAXABUhkpAgent3ProcessInput@@PAUhkpAgentEntry@@PAXPAVhkVector4@@AAUhkpProcessCollisionOutput@@@Z
0x0092D9D0|hkpBvTreeAgent::calcContentStatistics|T1|2|?calcContentStatistics@hkpBvTreeAgent@@MBAXPAVhkStatisticsCollector@@PBVhkClass@@@Z
0x0092E5A0|hkpBvTreeAgent::processCollision|T2|2|?processCollision@hkpBvTreeAgent@@UAAXABVhkpCdBody@@0ABUhkpProcessCollisionInput@@AAUhkpProcessCollisionOutput@@@Z
0x0092F000|hkpBvTreeAgent::staticGetPenetrations|T1|3|?staticGetPenetrations@hkpBvTreeAgent@@SAXABVhkpCdBody@@0ABUhkpCollisionInput@@AAVhkpCdBodyPairCollector@@@Z
0x0092F220|hkpBvTreeAgent::staticLinearCast|T1|3|?staticLinearCast@hkpBvTreeAgent@@SAXABVhkpCdBody@@0ABUhkpLinearCastCollisionInput@@AAVhkpCdPointCollector@@PAV4@@Z
0x0092F380|hkpBvTreeAgent::staticGetClosestPoints|T2|2|?staticGetClosestPoints@hkpBvTreeAgent@@SAXABVhkpCdBody@@0ABUhkpCollisionInput@@AAVhkpCdPointCollector@@@Z
0x0092F8F0|hkpHeightFieldAgent::staticGetPenetrations|T2|3|?staticGetPenetrations@hkpHeightFieldAgent@@SAXABVhkpCdBody@@0ABUhkpCollisionInput@@AAVhkpCdBodyPairCollector@@@Z
0x0092FC40|hkpHeightFieldAgent::staticGetClosestPoints|T2|3|?staticGetClosestPoints@hkpHeightFieldAgent@@SAXABVhkpCdBody@@0ABUhkpCollisionInput@@AAVhkpCdPointCollector@@@Z
0x00930220|hkpHeightFieldAgent::staticLinearCast|T1|4|?staticLinearCast@hkpHeightFieldAgent@@SAXABVhkpCdBody@@0ABUhkpLinearCastCollisionInput@@AAVhkpCdPointCollector@@PAV4@@Z
0x00930591|hkpHeightFieldAgent::processCollision|T2|1|?processCollision@hkpHeightFieldAgent@@UAAXABVhkpCdBody@@0ABUhkpProcessCollisionInput@@AAUhkpProcessCollisionOutput@@@Z
0x00930BD3|hkConvexListAgent3::calcStatistics|T2|1|?calcStatistics@hkConvexListAgent3@@YAXPAUhkpAgentEntry@@PAXABUhkpCollisionInput@@PAVhkStatisticsCollector@@@Z
0x00930D0A|hkpConvexListAgent::processCollision|T2|2|?processCollision@hkpConvexListAgent@@UAAXABVhkpCdBody@@0ABUhkpProcessCollisionInput@@AAUhkpProcessCollisionOutput@@@Z
0x00931B81|hkpConvexListAgent::staticGetClosestPoints|T1|3|?staticGetClosestPoints@hkpConvexListAgent@@SAXABVhkpCdBody@@0ABUhkpCollisionInput@@AAVhkpCdPointCollector@@@Z
0x00931C3C|hkpConvexListAgent::staticGetPenetrations|T1|3|?staticGetPenetrations@hkpConvexListAgent@@SAXABVhkpCdBody@@0ABUhkpCollisionInput@@AAVhkpCdBodyPairCollector@@@Z
0x00931E2C|hkpConvexListAgent::staticLinearCast|T1|3|?staticLinearCast@hkpConvexListAgent@@SAXABVhkpCdBody@@0ABUhkpLinearCastCollisionInput@@AAVhkpCdPointCollector@@PAV4@@Z
0x00931F78|hkConvexListAgent3::process|T2|2|?process@hkConvexListAgent3@@YAPAXABUhkpAgent3ProcessInput@@PAUhkpAgentEntry@@PAXPAVhkVector4@@AAUhkpProcessCollisionOutput@@@Z
0x00932E31|hkpCollectionCollectionAgent3::calcStatistics|T2|1|?calcStatistics@hkpCollectionCollectionAgent3@@YAXPAUhkpAgentEntry@@PAXABUhkpCollisionInput@@PAVhkStatisticsCollector@@@Z
0x009343F0|hkpCollectionCollectionAgent3::process|T2|4|?process@hkpCollectionCollectionAgent3@@YAPAXABUhkpAgent3ProcessInput@@PAUhkpAgentEntry@@PAXPAVhkVector4@@AAUhkpProcessCollisionOutput@@@Z
0x009345FE|hkpCollectionAgent3::process|T2|1|?process@hkpCollectionAgent3@@YAPAXABUhkpAgent3ProcessInput@@PAUhkpAgentEntry@@PAXPAVhkVector4@@AAUhkpProcessCollisionOutput@@@Z
0x0093553A|hkpMultiRayConvexAgent::staticGetPenetrations|T2|1|?staticGetPenetrations@hkpMultiRayConvexAgent@@SAXABVhkpCdBody@@0ABUhkpCollisionInput@@AAVhkpCdBodyPairCollector@@@Z
0x00936520|hkpMultiSphereTriangleAgent::getClosestPoints|T2|1|?getClosestPoints@hkpMultiSphereTriangleAgent@@UAAXABVhkpCdBody@@0ABUhkpCollisionInput@@AAVhkpCdPointCollector@@@Z
0x009367B0|hkpMultiSphereTriangleAgent::staticGetClosestPoints|T2|1|?staticGetClosestPoints@hkpMultiSphereTriangleAgent@@SAXABVhkpCdBody@@0ABUhkpCollisionInput@@AAVhkpCdPointCollector@@@Z
0x009374F0|hkCapsuleTriangleAgent3::process|T2|1|?process@hkCapsuleTriangleAgent3@@YAPAXABUhkpAgent3ProcessInput@@PAUhkpAgentEntry@@PAXPAVhkVector4@@AAUhkpProcessCollisionOutput@@@Z
0x00938130|hkpCapsuleTriangleAgent::getClosestPoints|T2|1|?getClosestPoints@hkpCapsuleTriangleAgent@@UAAXABVhkpCdBody@@0ABUhkpCollisionInput@@AAVhkpCdPointCollector@@@Z
0x00938390|hkpCapsuleTriangleAgent::getPenetrations|T2|1|?getPenetrations@hkpCapsuleTriangleAgent@@UAAXABVhkpCdBody@@0ABUhkpCollisionInput@@AAVhkpCdBodyPairCollector@@@Z
0x00938654|hkpCapsuleTriangleAgent::staticGetPenetrations|T2|1|?staticGetPenetrations@hkpCapsuleTriangleAgent@@SAXABVhkpCdBody@@0ABUhkpCollisionInput@@AAVhkpCdBodyPairCollector@@@Z
0x00938911|hkpCapsuleTriangleAgent::staticGetClosestPoints|T2|1|?staticGetClosestPoints@hkpCapsuleTriangleAgent@@SAXABVhkpCdBody@@0ABUhkpCollisionInput@@AAVhkpCdPointCollector@@@Z
0x0093E0D0|hkBoxBoxAgent3::process|T2|1|?process@hkBoxBoxAgent3@@YAPAXABUhkpAgent3ProcessInput@@PAUhkpAgentEntry@@PAXPAVhkVector4@@AAUhkpProcessCollisionOutput@@@Z
0x009400F0|hkpPredGskfAgent::processCollision|T2|1|?processCollision@hkpPredGskfAgent@@UAAXABVhkpCdBody@@0ABUhkpProcessCollisionInput@@AAUhkpProcessCollisionOutput@@@Z
0x00940B90|hkpTransformAgent::processCollision|T2|1|?processCollision@hkpTransformAgent@@UAAXABVhkpCdBody@@0ABUhkpProcessCollisionInput@@AAUhkpProcessCollisionOutput@@@Z
0x009417F0|hkpShapeCollectionAgent::staticGetClosestPoints|T2|1|?staticGetClosestPoints@hkpShapeCollectionAgent@@SAXABVhkpCdBody@@0ABUhkpCollisionInput@@AAVhkpCdPointCollector@@@Z
0x009418B0|hkpShapeCollectionAgent::staticGetPenetrations|T2|1|?staticGetPenetrations@hkpShapeCollectionAgent@@SAXABVhkpCdBody@@0ABUhkpCollisionInput@@AAVhkpCdBodyPairCollector@@@Z
0x00941FD0|hkpShapeCollectionAgent::staticLinearCast|T2|1|?staticLinearCast@hkpShapeCollectionAgent@@SAXABVhkpCdBody@@0ABUhkpLinearCastCollisionInput@@AAVhkpCdPointCollector@@PAV4@@Z
0x00943600|hkpBvAgent::processCollision|T1|3|?processCollision@hkpBvAgent@@UAAXABVhkpCdBody@@0ABUhkpProcessCollisionInput@@AAUhkpProcessCollisionOutput@@@Z
0x009436F0|hkpBvAgent::getClosestPoints|T2|2|?getClosestPoints@hkpBvAgent@@UAAXABVhkpCdBody@@0ABUhkpCollisionInput@@AAVhkpCdPointCollector@@@Z
0x00943880|hkpBvAgent::getPenetrations|T2|2|?getPenetrations@hkpBvAgent@@UAAXABVhkpCdBody@@0ABUhkpCollisionInput@@AAVhkpCdBodyPairCollector@@@Z
0x00943AA0|hkpBvAgent::staticGetClosestPoints|T1|3|?staticGetClosestPoints@hkpBvAgent@@SAXABVhkpCdBody@@0ABUhkpCollisionInput@@AAVhkpCdPointCollector@@@Z
0x00943B90|hkpBvAgent::linearCast|T2|2|?linearCast@hkpBvAgent@@UAAXABVhkpCdBody@@0ABUhkpLinearCastCollisionInput@@AAVhkpCdPointCollector@@PAV4@@Z
0x00943CD0|hkpBvAgent::staticGetPenetrations|T1|3|?staticGetPenetrations@hkpBvAgent@@SAXABVhkpCdBody@@0ABUhkpCollisionInput@@AAVhkpCdBodyPairCollector@@@Z
0x00943F10|hkpBvAgent::staticLinearCast|T1|3|?staticLinearCast@hkpBvAgent@@SAXABVhkpCdBody@@0ABUhkpLinearCastCollisionInput@@AAVhkpCdPointCollector@@PAV4@@Z
0x009447F0|hkArrayStreamWriter::calcContentStatistics|T2|1|?calcContentStatistics@hkArrayStreamWriter@@UBAXPAVhkStatisticsCollector@@PBVhkClass@@@Z
0x00946A50|hkSerializeUtil::save|T2|1|?save@hkSerializeUtil@@YA?AW4hkResult@@PBXABVhkClass@@PAVhkStreamWriter@@@Z
0x00946CF0|hkSerializeUtil::detectFormat|T2|3|?detectFormat@hkSerializeUtil@@YAXPAVhkStreamReader@@AAUFormatDetails@1@@Z
0x009470D0|hkSerializeUtil::load|T2|1|?load@hkSerializeUtil@@YAPAVhkResource@@PAVhkStreamReader@@PAUErrorDetails@1@PBVhkClassNameRegistry@@@Z
0x0094893D|hkArray<hkpNamedMeshMaterial,hkContainerHeapAllocator>::expandBy|T2|1|?expandBy@?$hkArray@VhkpNamedMeshMaterial@@UhkContainerHeapAllocator@@@@QAAPAVhkpNamedMeshMaterial@@H@Z
0x0094A7C0|hkpPhysicsData::splitPhysicsSystems|T2|4|?splitPhysicsSystems@hkpPhysicsData@@SAXPBVhkpPhysicsSystem@@AAUSplitPhysicsSystemsOutput@1@@Z
0x0094AA70|hkpPhysicsContext::phantomAddedCallback|T2|1|?phantomAddedCallback@hkpPhysicsContext@@UAAXPAVhkpPhantom@@@Z
0x0094AEC0|hkpCachingShapePhantom::calcContentStatistics|T1|2|?calcContentStatistics@hkpCachingShapePhantom@@UBAXPAVhkStatisticsCollector@@PBVhkClass@@@Z
0x00951890|bhkConstraintChain::Remove|T2|1|?Remove@bhkConstraintChain@@UAA_NXZ
0x009523B0|hkpMoppBvTreeShape::calcContentStatistics|T1|2|?calcContentStatistics@hkpMoppBvTreeShape@@UBAXPAVhkStatisticsCollector@@PBVhkClass@@@Z
0x00952640|hkpMoppBvTreeShape::castRayImpl|T2|1|?castRayImpl@hkpMoppBvTreeShape@@UBA?AVhkBool@@ABUhkpShapeRayCastInput@@AAUhkpShapeRayCastOutput@@@Z
0x00952790|hkpMoppBvTreeShape::castRayWithCollectorImpl|T2|1|?castRayWithCollectorImpl@hkpMoppBvTreeShape@@UBAXABUhkpShapeRayCastInput@@ABVhkpCdBody@@AAVhkpRayHitCollector@@@Z
0x00953360|hkpPlaneShape::castRayImpl|T2|1|?castRayImpl@hkpPlaneShape@@UBA?AVhkBool@@ABUhkpShapeRayCastInput@@AAUhkpShapeRayCastOutput@@@Z
0x0095B770|hkpConvexTransformShape::calcContentStatistics|T2|1|?calcContentStatistics@hkpConvexTransformShape@@UBAXPAVhkStatisticsCollector@@PBVhkClass@@@Z
0x0095B990|hkpConvexTransformShape::castRayImpl|T2|1|?castRayImpl@hkpConvexTransformShape@@UBA?AVhkBool@@ABUhkpShapeRayCastInput@@AAUhkpShapeRayCastOutput@@@Z
0x0095BB10|hkpConvexTransformShape::castRayWithCollectorImpl|T2|1|?castRayWithCollectorImpl@hkpConvexTransformShape@@UBAXABUhkpShapeRayCastInput@@ABVhkpCdBody@@AAVhkpRayHitCollector@@@Z
0x0095C4D8|hkpConvexListShape::calcContentStatistics|T2|1|?calcContentStatistics@hkpConvexListShape@@UBAXPAVhkStatisticsCollector@@PBVhkClass@@@Z
0x0095C69E|hkpShapeCollection::castRayImpl|T2|1|?castRayImpl@hkpShapeCollection@@UBA?AVhkBool@@ABUhkpShapeRayCastInput@@AAUhkpShapeRayCastOutput@@@Z
0x0095D270|hkLeakDetectAllocator::checkedFree|T1|2|?checkedFree@hkLeakDetectAllocator@@IAAXHPAXH@Z
0x0095F416|hkVersionReporter::sendVersionInformation|T1|2|?sendVersionInformation@hkVersionReporter@@SA?AW4hkResult@@PAVhkStreamWriter@@@Z
0x009610E0|hkpWorldSnapshotViewer::registerViewer|T2|1|?registerViewer@hkpWorldSnapshotViewer@@SAXXZ
0x00961420|hkpWorldMemoryViewer::step|T2|1|?step@hkpWorldMemoryViewer@@UAAXM@Z
0x009616C0|hkpVehicleViewer::postSimulationCallback|T2|1|?postSimulationCallback@hkpVehicleViewer@@MAAXPAVhkpWorld@@@Z
0x00961DF0|hkpVehicleViewer::registerViewer|T2|1|?registerViewer@hkpVehicleViewer@@SAXXZ
0x00961F30|hkpSweptTransformDisplayViewer::postSimulationCallback|T2|1|?postSimulationCallback@hkpSweptTransformDisplayViewer@@MAAXPAVhkpWorld@@@Z
0x009623A0|hkpSweptTransformDisplayViewer::entityAddedCallback|T1|2|?entityAddedCallback@hkpSweptTransformDisplayViewer@@MAAXPAVhkpEntity@@@Z
0x00962C48|hkpSimulationIslandViewer::postSimulationCallback|T2|1|?postSimulationCallback@hkpSimulationIslandViewer@@MAAXPAVhkpWorld@@@Z
0x00963590|hkpShapeDisplayViewer::postSimulationCallback|T2|1|?postSimulationCallback@hkpShapeDisplayViewer@@UAAXPAVhkpWorld@@@Z
0x009638F5|hkpShapeDisplayViewer::hkpShapeDisplayViewer|T2|1|??0hkpShapeDisplayViewer@@IAA@ABV?$hkArray@PAVhkProcessContext@@UhkContainerHeapAllocator@@@@@Z
0x00963A34|hkpShapeDisplayViewer::registerViewer|T2|1|?registerViewer@hkpShapeDisplayViewer@@SAXXZ
0x00963D60|hkpShapeDisplayViewer::entityRemovedCallback|T2|1|?entityRemovedCallback@hkpShapeDisplayViewer@@UAAXPAVhkpEntity@@@Z
0x00964630|hkpPhantomDisplayViewer::phantomAddedCallback|T1|2|?phantomAddedCallback@hkpPhantomDisplayViewer@@MAAXPAVhkpPhantom@@@Z
0x009647F0|hkpPhantomDisplayViewer::postSimulationCallback|T2|1|?postSimulationCallback@hkpPhantomDisplayViewer@@MAAXPAVhkpWorld@@@Z
0x00964C00|hkpPhantomDisplayViewer::registerViewer|T2|1|?registerViewer@hkpPhantomDisplayViewer@@SAXXZ
0x009653E0|hkpRigidBodyInertiaViewer::postSimulationCallback|T2|2|?postSimulationCallback@hkpRigidBodyInertiaViewer@@MAAXPAVhkpWorld@@@Z
0x009660D6|hkpToiCountViewer::displayCountForBody|T2|1|?displayCountForBody@hkpToiCountViewer@@QAAXPAVhkpRigidBody@@W4DisplayPosition@1@@Z
0x00966430|hkpToiContactPointViewer::~hkpToiContactPointViewer|T2|1|??1hkpToiContactPointViewer@@MAA@XZ
0x00966AF0|hkpConvexRadiusViewer::postSimulationCallback|T2|1|?postSimulationCallback@hkpConvexRadiusViewer@@MAAXPAVhkpWorld@@@Z
0x00966CD0|hkpShapeDisplayViewer::entityAddedCallback|T2|1|?entityAddedCallback@hkpShapeDisplayViewer@@UAAXPAVhkpEntity@@@Z
0x00966D00|hkpConvexRadiusViewer::entityAddedCallback|T2|1|?entityAddedCallback@hkpConvexRadiusViewer@@MAAXPAVhkpEntity@@@Z
0x00967486|hkpConstraintViewer::draw|T2|1|?draw@hkpConstraintViewer@@IAAXPAVhkpConstraintInstance@@PBVhkpEntity@@PAVhkDebugDisplayHandler@@@Z
0x00967880|hkpConstraintViewer::postSimulationCallback|T2|1|?postSimulationCallback@hkpConstraintViewer@@MAAXPAVhkpWorld@@@Z
0x00967A50|hkpConstraintViewer::registerViewer|T2|1|?registerViewer@hkpConstraintViewer@@SAXXZ
0x00967FA0|hkpRigidBodyCentreOfMassViewer::postSimulationCallback|T2|1|?postSimulationCallback@hkpRigidBodyCentreOfMassViewer@@MAAXPAVhkpWorld@@@Z
0x00968350|hkpMidphaseViewer::postSimulationCallback|T2|1|?postSimulationCallback@hkpMidphaseViewer@@MAAXPAVhkpWorld@@@Z
0x00968A01|hkpBroadphaseViewer::postSimulationCallback|T2|1|?postSimulationCallback@hkpBroadphaseViewer@@MAAXPAVhkpWorld@@@Z
0x00968D50|hkpBroadphaseViewer::registerViewer|T2|1|?registerViewer@hkpBroadphaseViewer@@SAXXZ
0x009715CD|hkpTransformCollapseUtil::Results::report|T2|3|?report@Results@hkpTransformCollapseUtil@@QBAXXZ
0x0097301E|hkgpConvexHull::getNumPlanes|T1|2|?getNumPlanes@hkgpConvexHull@@QBAHXZ
0x00973380|hkgpConvexHull::getWorldInertia|T2|2|?getWorldInertia@hkgpConvexHull@@QBAABVhkMatrix3@@XZ
0x009733E0|hkgpConvexHull::getMajorPlanes|T2|1|?getMajorPlanes@hkgpConvexHull@@QBAXQAVhkVector4@@@Z
0x009734DA|hkgpConvexHull::getSurfaceArea|T2|1|?getSurfaceArea@hkgpConvexHull@@QBAMXZ
0x009737D0|hkgpConvexHullImpl::mustHaveMassProperties|T1|2|?mustHaveMassProperties@hkgpConvexHullImpl@@QBAXXZ
0x00974A72|hkgpConvexHull::getVolume|T2|1|?getVolume@hkgpConvexHull@@QBAMXZ
0x00975140|hkgpConvexHull::createRandomSamples|T2|1|?createRandomSamples@hkgpConvexHull@@SAXPBV1@AAVhkPseudoRandomGenerator@@HAAV?$hkArray@VhkVector4@@UhkContainerHeapAllocator@@@@@Z
0x009751CA|hkgpConvexHull::generateGeometry|T2|1|?generateGeometry@hkgpConvexHull@@QBAXW4Inputs@1@AAUhkGeometry@@@Z
0x0097550F|hkgpConvexHull::buildFromPlanes|T2|1|?buildFromPlanes@hkgpConvexHull@@QAAHPBVhkVector4@@HABUBuildConfig@1@@Z
0x00975880|hkgpConvexHull::buildFromPlanes|T2|1|?buildFromPlanes@hkgpConvexHull@@QAAHPBVhkVector4@@HABV2@ABUBuildConfig@1@@Z
0x00976840|hkgpConvexHull::getIndex|T2|2|?getIndex@hkgpConvexHull@@QBAHPBUVertex@1@@Z
0x00977A09|hkgpConvexHullImpl::getOrientedBoundingBox|T1|2|?getOrientedBoundingBox@hkgpConvexHullImpl@@QBAXAAVhkVector4@@AAVhkTransform@@@Z
0x00978636|hkgpConvexHullImpl::getOrientedRectangle|T1|2|?getOrientedRectangle@hkgpConvexHullImpl@@QBAMABVhkVector4@@AAV2@AAVhkTransform@@@Z
0x00978EA0|hkGeometryProcessing::PoolAllocator<hkgpMeshBase::Triangle,32,hkContainerHeapAllocator>::release|T2|1|?release@?$PoolAllocator@UTriangle@hkgpMeshBase@@$0CA@UhkContainerHeapAllocator@@@hkGeometryProcessing@@QAAXPAUTriangle@hkgpMeshBase@@@Z
0x00979060|hkGeometryProcessing::PoolAllocator<hkgpTriangulatorType<hkgpTriangulatorBase::VertexBase,hkgpTriangulatorBase::TriangleBase,hkgpTriangulatorBase::DefaultEdgeData<hkContainerHeapAllocator>,hkContainerHeapAllocator,-1>::Vertex,32,hkContainerHeapAllocator>::release|T2|1|?release@?$PoolAllocator@UVertex@?$hkgpTriangulatorType@UVertexBase@hkgpTriangulatorBase@@UTriangleBase@2@U?$DefaultEdgeData@UhkContainerHeapAllocator@@@2@UhkContainerHeapAllocator@@$0?0@@$0CA@UhkContainerHeapAllocator@@@hkGeometryProcessing@@QAAXPAUVertex@?$hkgpTriangulatorType@UVertexBase@hkgpTriangulatorBase@@UTriangleBase@2@U?$DefaultEdgeData@UhkContainerHeapAllocator@@@2@UhkContainerHeapAllocator@@$0?0@@@Z
0x00979580|hkgpConvexHull::getPlane|T1|2|?getPlane@hkgpConvexHull@@QBAABVhkVector4@@H@Z
0x00979F90|hkgpConvexHull::getNeighbour|T2|1|?getNeighbour@hkgpConvexHull@@QBAPAUTriangle@1@PAU21@H@Z
0x0097AAF0|hkgpConvexHullImpl::clipLine|T2|1|?clipLine@hkgpConvexHullImpl@@QBA_NABVhkVector4@@0AAM1M@Z
0x0097AB1C|hkgpConvexHullImpl::getSpan|T2|1|?getSpan@hkgpConvexHullImpl@@QBAMABVhkVector4@@AAM1@Z
0x0097BFB0|hkgpConvexHull::findBestUnion|T2|1|?findBestUnion@hkgpConvexHull@@SAMPBV1@0ABUIBooleanFunction@1@AAPAV1@2@Z
0x0097C029|hkgpConvexHull::getSupportingVertex|T2|1|?getSupportingVertex@hkgpConvexHull@@QBAXABVhkVector4@@AAV2@@Z
0x0097C850|hkgpConvexHull::getPlaneIndex|T1|2|?getPlaneIndex@hkgpConvexHull@@QBAHPBUTriangle@1@@Z
0x0097D0DB|hkgpConvexHullImpl::generateVertexAdjacencyGraph|T2|1|?generateVertexAdjacencyGraph@hkgpConvexHullImpl@@QBAXAAV?$hkArray@HUhkContainerHeapAllocator@@@@0@Z
0x0097D1C0|hkgpConvexHullImpl::getSupportingVertex|T2|1|?getSupportingVertex@hkgpConvexHullImpl@@QBAXABVhkVector4@@AAV2@@Z
0x0097DC6E|hkgpConvexHullImpl::flushPending|T1|2|?flushPending@hkgpConvexHullImpl@@QAA_NXZ
0x0097F060|hkgpConvexHullImpl::isPointInside|T1|2|?isPointInside@hkgpConvexHullImpl@@QBA_NABVhkVector4@@_NM@Z
0x0097F3F5|hkgpConvexHullImpl::mustHaveIndex|T1|2|?mustHaveIndex@hkgpConvexHullImpl@@QBAXXZ
0x0097F89E|hkgpConvexHullImpl::build|T1|2|?build@hkgpConvexHullImpl@@QAAHPBVhkVector4@@H_NPBV1@@Z
0x00980BC0|hkgpConvexHullImpl::mushHaveDimention|T1|3|?mushHaveDimention@hkgpConvexHullImpl@@QBAXH@Z
0x00981510|hkgpConvexHullImpl::splitByPlane<hkgpConvexHullImpl::PositionAsSource>|T1|2|??$splitByPlane@UPositionAsSource@hkgpConvexHullImpl@@@hkgpConvexHullImpl@@QBA?AW4Side@hkgpConvexHull@@ABVhkVector4@@PAPAV2@1M@Z
0x009822E0|hkgpConvexHull::getIndex|T2|1|?getIndex@hkgpConvexHull@@QBAHPBUTriangle@1@@Z
0x00982397|hkgpConvexHull::getVertex|T2|1|?getVertex@hkgpConvexHull@@QBAPAUVertex@1@PBUTriangle@1@H@Z
0x009827B0|hkgpConvexHullImpl::simplify|T2|2|?simplify@hkgpConvexHullImpl@@QAAXABUSimplifyConfig@hkgpConvexHull@@@Z
0x00983F30|hkpWorldCallbackUtil::fireConstraintRemoved|T2|1|?fireConstraintRemoved@hkpWorldCallbackUtil@@SAXPAVhkpWorld@@PAVhkpConstraintInstance@@@Z
0x009840CD|hkpConstraintCallbackUtil::fireConstraintRepaired|T2|1|?fireConstraintRepaired@hkpConstraintCallbackUtil@@SAXABUhkpConstraintRepairedEvent@@@Z
0x00984914|hkClassMember::getAlignment|T2|1|?getAlignment@hkClassMember@@QBAHXZ
0x00984C38|UnDecorator::getECSUDataType|T2|1|?getECSUDataType@UnDecorator@@CA?AVDName@@XZ
0x00984CA0|hkClassMember::getSubtypeOf|T2|2|?getSubtypeOf@hkClassMember@@SA?AW4Type@1@PBD@Z
0x00984EE0|hkClassMember::getTypeOf|T3|1|?getTypeOf@hkClassMember@@SA?AW4Type@1@PBD@Z
0x00985040|hkClassMember::getTypeName|T2|10|?getTypeName@hkClassMember@@QBAHPADH@Z
0x00985BA0|hkTraceStream::printf|T2|1|?printf@hkTraceStream@@QAAXPBD0ZZ
0x009916B4|hkpSimulation::collideIslandNarrowPhaseDiscrete|T2|1|?collideIslandNarrowPhaseDiscrete@hkpSimulation@@KAXPAVhkpSimulationIsland@@ABUhkpProcessCollisionInput@@@Z
0x00991D39|hkpContinuousSimulation::waitForSolverExport|T2|1|?waitForSolverExport@hkpContinuousSimulation@@QAAXPAC@Z
0x00991F69|hkpSingleThreadedJobsOnIsland::cpuBroadPhaseJob|T2|4|?cpuBroadPhaseJob@hkpSingleThreadedJobsOnIsland@@SA?AW4JobStatus@hkJobQueue@@AAUhkpMtThreadStructure@@AAV3@AAUJobQueueEntry@3@@Z
0x00992D3B|hkpSingleThreadedJobsOnIsland::cpuFireJacobianSetupCallbackJob|T1|2|?cpuFireJacobianSetupCallbackJob@hkpSingleThreadedJobsOnIsland@@SA?AW4JobStatus@hkJobQueue@@AAUhkpMtThreadStructure@@AAV3@AAUJobQueueEntry@3@@Z
0x00993750|hkpConstraintSolverSetup::solve|T2|2|?solve@hkpConstraintSolverSetup@@SAHABVhkStepInfo@@ABUhkpSolverInfo@@AAVhkpConstraintQueryIn@@AAVhkpSimulationIsland@@PAXHPBQAVhkpEntity@@H@Z
0x00995281|hkpAgentMachineUtil::calcNnStatistics|T1|2|?calcNnStatistics@hkpAgentMachineUtil@@SAXABUhkpAgentNnTrack@@ABUhkpCollisionInput@@PAVhkStatisticsCollector@@@Z
0x009952A0|hkpBvTreeStreamAgent::calcContentStatistics|T2|1|?calcContentStatistics@hkpBvTreeStreamAgent@@MBAXPAVhkStatisticsCollector@@PBVhkClass@@@Z
0x00995357|hkpAgentMachineUtil::calc1nStatistics|T2|1|?calc1nStatistics@hkpAgentMachineUtil@@SAXABUhkpAgent1nTrack@@ABUhkpCollisionInput@@PAVhkStatisticsCollector@@@Z
0x00995520|hkpAgentMachineUtil::calcNnStatisticsContactMgrsOnly|T1|2|?calcNnStatisticsContactMgrsOnly@hkpAgentMachineUtil@@SAXABUhkpAgentNnTrack@@PAVhkStatisticsCollector@@@Z
0x00995BF0|hkVector4Util::toString4|T2|1|?toString4@hkVector4Util@@YAPBDABVhkVector4@@AAVhkStringBuf@@D@Z
0x00995CF0|hkpKdTreeCollidableRaycaster::castRayIterative|T2|1|?castRayIterative@hkpKdTreeCollidableRaycaster@@QAA?AVhkBool@@PBVhkKdTree@@ABUhkpWorldRayCastInput@@AAUhkpWorldRayCastOutput@@@Z
0x0099CB60|hkpEndOfStepCallbackUtil::postSimulationCallback|T2|1|?postSimulationCallback@hkpEndOfStepCallbackUtil@@UAAXPAVhkpWorld@@@Z
0x009A1244|hkBsdSocket::listen|T2|3|?listen@hkBsdSocket@@UAA?AW4hkResult@@H@Z
0x009A1480|hkBsdSocket::pollForNewClient|T2|1|?pollForNewClient@hkBsdSocket@@UAAPAVhkSocket@@XZ
0x009A5FE0|hkpMoppAabbCastVirtualMachine::queryRayOnTree|T2|1|?queryRayOnTree@hkpMoppAabbCastVirtualMachine@@IAAXPBUhkpMoppAabbCastVirtualMachineQueryInt@@PBEQAUhkpMoppAabbCastVirtualMachineQueryFloat@@H@Z
0x009AA250|hkpGskBaseAgent::getPenetrations|T1|2|?getPenetrations@hkpGskBaseAgent@@UAAXABVhkpCdBody@@0ABUhkpCollisionInput@@AAVhkpCdBodyPairCollector@@@Z
0x009AA37F|hkpGskBaseAgent::staticGetClosestPoints|T2|1|?staticGetClosestPoints@hkpGskBaseAgent@@SAXABVhkpCdBody@@0ABUhkpCollisionInput@@AAVhkpCdPointCollector@@@Z
0x009AA748|hkpGskBaseAgent::getClosestPoints|T2|1|?getClosestPoints@hkpGskBaseAgent@@UAAXABVhkpCdBody@@0ABUhkpCollisionInput@@AAVhkpCdPointCollector@@@Z
0x009AAC40|hkpGskBaseAgent::staticGetPenetrations|T2|1|?staticGetPenetrations@hkpGskBaseAgent@@SAXABVhkpCdBody@@0ABUhkpCollisionInput@@AAVhkpCdBodyPairCollector@@@Z
0x009AAEB9|hkpGskfAgent::processCollision|T2|1|?processCollision@hkpGskfAgent@@UAAXABVhkpCdBody@@0ABUhkpProcessCollisionInput@@AAUhkpProcessCollisionOutput@@@Z
0x009B5B52|hkSerializeUtil::loadOnHeap|T2|1|?loadOnHeap@hkSerializeUtil@@YAPAVhkObjectResource@@PAVhkStreamReader@@PAUErrorDetails@1@PBVhkClassNameRegistry@@PBVhkTypeInfoRegistry@@@Z
0x009B7C00|hkVersionPatchManager::preparePatches|T2|6|?preparePatches@hkVersionPatchManager@@ABA?AW4hkResult@@AAVhkDataWorldDict@@ABVhkClassNameRegistry@@AAV?$hkArray@PBUPatchInfo@hkVersionPatchManager@@UhkContainerHeapAllocator@@@@@Z
0x009B7C40|hkVersionPatchManager::UidFromClassVersion::get|T2|1|?get@UidFromClassVersion@hkVersionPatchManager@@QBA_KPBDH@Z
0x009B85E0|hkSerializeDeprecated::loadOldPackfile|T2|1|?loadOldPackfile@hkSerializeDeprecated@@UAAPAVhkResource@@AAVhkStreamReader@@ABUFormatDetails@hkSerializeUtil@@PAUErrorDetails@5@@Z
0x009B8670|hkSerializeDeprecated::loadOldPackfileOnHeap|T2|1|?loadOldPackfileOnHeap@hkSerializeDeprecated@@UAAPAVhkObjectResource@@AAVhkStreamReader@@ABUFormatDetails@hkSerializeUtil@@PAUErrorDetails@5@@Z
0x009B923A|hkDataWorldNative::wrapObject|T2|1|?wrapObject@hkDataWorldNative@@QBAPAVhkDataObjectImpl@@PAXABVhkClass@@@Z
0x009B9402|hkDataWorldNative::newArray|T2|4|?newArray@hkDataWorldNative@@UBAPAVhkDataArrayImpl@@AAVhkDataObject@@ABUMemberInfo@hkDataClass@@@Z
0x009B98C3|hkDataWorldNative::setContents|T1|4|?setContents@hkDataWorldNative@@QAAXPAXABVhkClass@@@Z
0x009BA0AB|hkDataWorldDict::wrapClass|T2|1|?wrapClass@hkDataWorldDict@@QAAPAVhkDataClassImpl@@ABVhkClass@@@Z
0x009BBA40|hkPackfileWriter::getCurrentVersion|T2|1|?getCurrentVersion@hkPackfileWriter@@SAXPADH@Z
0x009BBC00|hkPackfileWriter::notDuplicateMetaData|T2|2|?notDuplicateMetaData@hkPackfileWriter@@IAAHPBXPBVhkClass@@@Z
0x009BBC50|hkPackfileWriter::setContentsWithRegistry|T2|1|?setContentsWithRegistry@hkPackfileWriter@@UAAXPBXABVhkClass@@PBVhkVtableClassRegistry@@PAVAddObjectListener@1@@Z
0x009BC4D0|hkPackfileWriter::addObject|T1|2|?addObject@hkPackfileWriter@@IAAXPBXABVhkClass@@PBVhkVtableClassRegistry@@PAVAddObjectListener@1@PBD@Z
0x009BE701|hkNativePackfileUtils::validatePackfileHeader|T2|3|?validatePackfileHeader@hkNativePackfileUtils@@YA?AW4hkResult@@PBXPAPBD@Z
0x009BEF20|namespace'::hkNativeResource::getName|T2|1|?getName@hkNativeResource@?A0x03452e53@@UBAPBDXZ
0x009BEFC0|hkMonitorStreamAnalyzer::writeStatisticsDetails|T2|1|?writeStatisticsDetails@hkMonitorStreamAnalyzer@@SAXAAVhkOstream@@AAV?$hkArrayBase@PAUNode@hkMonitorStreamAnalyzer@@@@HHHPBD_N@Z
0x009BF8FC|hkStructureLayout::hkStructureLayout|T1|2|??0hkStructureLayout@@QAA@ABULayoutRules@0@@Z
0x009C1BB0|Copier::getMemberClassAndCheck|T2|1|?getMemberClassAndCheck@Copier@@QAAPBVhkClass@@ABVhkClassMember@@ABVhkDataObject@@@Z
0x009C2CCC|Copier::toObject|T1|3|?toObject@Copier@@QAAPAVhkObjectResource@@ABVhkDataObject@@PBVhkTypeInfoRegistry@@@Z
0x009C4A80|Reader::readObject|T1|2|?readObject@Reader@@QAA?AVhkDataObject@@H@Z
0x009C4F20|Reader::readClass|T2|1|?readClass@Reader@@QAA?AW4hkResult@@XZ
0x009C4FA0|Reader::readObjectTree|T2|2|?readObjectTree@Reader@@QAA?AVhkDataObject@@XZ
0x009C5970|hkDataWorldDict::ObjectTracker::removeClassContent|T1|3|?removeClassContent@ObjectTracker@hkDataWorldDict@@AAAXPAVhkDataClassDict@@@Z
0x009C65E0|hkRootLevelContainer::findObjectByType|T2|1|?findObjectByType@hkRootLevelContainer@@QBAPAXPBDPBX@Z
0x009C8A00|hkDataWorldDict::ObjectTracker::~ObjectTracker|T2|1|??1ObjectTracker@hkDataWorldDict@@QAA@XZ
0x009C8A40|hkDataWorldDict::ObjectTracker::untrackStructArray|T2|1|?untrackStructArray@ObjectTracker@hkDataWorldDict@@QAAXPAVhkDataArrayImpl@@@Z
0x009CA2B0|Script::RemoveNoteFunction|T2|1|?RemoveNoteFunction@Script@@SA_NPBUSCRIPT_PARAMETER@@PBDPAVTESObjectREFR@@2PAV1@PAVScriptLocals@@AANAAI@Z
0x009CA4E0|XGRAPHICS::Disassembler::doDisassembly|T2|1|?doDisassembly@Disassembler@XGRAPHICS@@QAAPADPADII@Z
0x009CB1C0|hkpMeshShape::calcContentStatistics|T2|1|?calcContentStatistics@hkpMeshShape@@UBAXPAVhkStatisticsCollector@@PBVhkClass@@@Z
0x009CFA30|hkpMoppObbVirtualMachine::queryAabbOnTree|T2|1|?queryAabbOnTree@hkpMoppObbVirtualMachine@@IAAXPBUhkpMoppObbVirtualMachineQuery@@PBEH@Z
0x009D0C66|hkpMoppLongRayVirtualMachine::queryRayOnTree|T2|1|?queryRayOnTree@hkpMoppLongRayVirtualMachine@@IAAXPBUQueryInt@1@PBEQAUQueryFloat@1@H@Z
0x009D2AEA|hkpMoppRayBundleVirtualMachine::queryRayOnTree|T2|1|?queryRayOnTree@hkpMoppRayBundleVirtualMachine@@IAAXPBUQueryInt@1@PBEQAUQueryBundle@1@H@Z
0x009D3ECF|hkpConvexTranslateShape::calcContentStatistics|T2|1|?calcContentStatistics@hkpConvexTranslateShape@@UBAXPAVhkStatisticsCollector@@PBVhkClass@@@Z
0x009D43B5|hkpConvexTranslateShape::castRayImpl|T2|1|?castRayImpl@hkpConvexTranslateShape@@UBA?AVhkBool@@ABUhkpShapeRayCastInput@@AAUhkpShapeRayCastOutput@@@Z
0x009D77C0|hkCommandRouter::consumeCommands|T2|1|?consumeCommands@hkCommandRouter@@QAA?AVhkBool@@PAVhkDisplaySerializeIStream@@@Z
0x009D9330|hkInspectProcess::getConsumableCommands|T2|1|?getConsumableCommands@hkInspectProcess@@UAAXAAPAEAAH@Z
0x009D97C0|hkInspectProcess::registerProcess|T2|1|?registerProcess@hkInspectProcess@@SAXXZ
0x009DA290|hkStatisticsProcess::registerProcess|T2|1|?registerProcess@hkStatisticsProcess@@SAXXZ
0x009DABE0|hkDebugDisplayProcess::registerProcess|T2|1|?registerProcess@hkDebugDisplayProcess@@SAXXZ
0x009DAF50|hkpWorldViewerBase::hkpWorldViewerBase|T2|1|??0hkpWorldViewerBase@@QAA@ABV?$hkArray@PAVhkProcessContext@@UhkContainerHeapAllocator@@@@@Z
0x009DBDD2|hkpMeshWeldingUtility::computeWeldingInfoMultiShape|T1|2|?computeWeldingInfoMultiShape@hkpMeshWeldingUtility@@SAXABVhkTransform@@PAVhkpShapeCollection@@W4WeldingType@hkpWeldingUtility@@AAV?$hkArray@UShapeInfo@hkpMeshWeldingUtility@@UhkContainerHeapAllocator@@@@_N@Z
0x009DC6A4|hkpMeshWeldingUtility::calcBitcodeForTriangleEdge|T2|2|?calcBitcodeForTriangleEdge@hkpMeshWeldingUtility@@SA?AW4hkResult@@PBVhkpBvTreeShape@@PBVhkpTriangleShape@@IHW4WindingConsistency@1@AAF@Z
0x009DC740|hkpMeshWeldingUtility::modifyCombinedEdgesBitcode|T2|1|?modifyCombinedEdgesBitcode@hkpMeshWeldingUtility@@SAGGHH@Z
0x009E0B97|hkpContactPointViewer::~hkpContactPointViewer|T2|1|??1hkpContactPointViewer@@MAA@XZ
0x009E0F61|hkpContactPointViewer::drawAllContactPointsInIsland|T2|1|?drawAllContactPointsInIsland@hkpContactPointViewer@@IAAXPBVhkpSimulationIsland@@@Z
0x009F2872|__restrict,0>::splitTreeBuilding|T2|1|?splitTreeBuilding@?$hkKdTreeBuilder@PBUhkKdTreeProjectedEntry@@PIAU1@$0A@@@SAXABUWorkingSet@hkKdTreeBuildInput@@PAVhkKdTreeNode@@HHPAUBuildRecursiveInput@3@QAHABUhkKdTreeProjectedEntry@@@Z
0x009F2899|__restrict,0>::writeSinglePrimitiveToLeaf|T2|1|?writeSinglePrimitiveToLeaf@?$hkKdTreeBuilder@PBUhkKdTreeProjectedEntry@@PIAU1@$0A@@@SAXPAVhkKdTreeNode@@PAUhkKdTreeProjectedEntry@@1HHPAVhkKdTreeBuilderSparseWriter@@@Z
0x009F965D|hkaAnimation::samplePartialTracks|T2|1|?samplePartialTracks@hkaAnimation@@UBAXMIPAVhkQsTransform@@IPAMPAVhkaChunkCache@@@Z
0x009F9840|hkaAnimation::getDataChunks|T1|2|?getDataChunks@hkaAnimation@@UBAXIMPAUDataChunk@1@H@Z
0x00A011F0|hkObjectCopier::~hkObjectCopier|T1|2|??1hkObjectCopier@@UAA@XZ
0x00A01560|hkObjectCopier::writeZero|T2|1|?writeZero@hkObjectCopier@@AAAXAAVhkOArchive@@ABVhkClassMember@@@Z
0x00A01580|hkObjectCopier::areMembersCompatible|T2|1|?areMembersCompatible@hkObjectCopier@@MAAHABVhkClassMember@@0@Z
0x00A01A20|hkObjectCopier::copyObject|T2|1|?copyObject@hkObjectCopier@@UAA?AW4hkResult@@PBXABVhkClass@@PAVhkStreamWriter@@1AAVhkRelocationInfo@@@Z
0x00A01D40|hkObjectCopier::saveBody|T2|2|?saveBody@hkObjectCopier@@AAAHPBXABVhkClass@@AAVhkOArchive@@1@Z
0x00A028E0|hkObjectCopier::saveExtras|T1|3|?saveExtras@hkObjectCopier@@AAAXPBXABVhkClass@@AAVhkOArchive@@1HAAVhkRelocationInfo@@H@Z
0x00A02C70|hkClassMember::setSubType|T2|2|?setSubType@hkClassMember@@QAAXW4Type@1@@Z
0x00A03360|hkPackfileData::calcContentStatistics|T2|2|?calcContentStatistics@hkPackfileData@@UBAXPAVhkStatisticsCollector@@PBVhkClass@@@Z
0x00A0A270|hkMonitorStreamStringMap::StringMap::StringMap|T2|2|??0StringMap@hkMonitorStreamStringMap@@QAA@VhkFinishLoadedObjectFlag@@@Z
0x00A0A550|hkMonitorStreamAnalyzer::captureFrameDetails|T2|1|?captureFrameDetails@hkMonitorStreamAnalyzer@@QAA?AVhkBool@@PBD0AAUhkMonitorStreamFrameInfo@@@Z
0x00A0AB60|hkMonitorStreamAnalyzer::findMaxTimerNameIndent|T1|5|?findMaxTimerNameIndent@hkMonitorStreamAnalyzer@@SAHPAUNode@1@HH_N@Z
0x00A0B6A3|hkMonitorStreamAnalyzer::showCombinedThreadSummaryRec|T2|1|?showCombinedThreadSummaryRec@hkMonitorStreamAnalyzer@@SAXAAVhkOstream@@PAUNode@1@HHHABUCombinedThreadSummaryOptions@1@@Z
0x00A0B850|hkMonitorStreamAnalyzer::showCombinedThreadSummaryForSingleFrame|T2|4|?showCombinedThreadSummaryForSingleFrame@hkMonitorStreamAnalyzer@@SAXPAUNode@1@HHAAVhkOstream@@AAUCombinedThreadSummaryOptions@1@@Z
0x00A0D2C0|hkMonitorStreamAnalyzer::writeRawStatistics|T1|2|?writeRawStatistics@hkMonitorStreamAnalyzer@@QAAXAAVhkOstream@@@Z
0x00A0D560|hkMonitorStreamColorTable::setupDefaultColorTable|T2|17|?setupDefaultColorTable@hkMonitorStreamColorTable@@QAAXXZ
0x00A0D880|hkpPhysicsContext::getType|T2|1|?getType@hkpPhysicsContext@@UAAPBDXZ
0x00A0E020|hkDefaultClassNameRegistry::hkDefaultClassNameRegistry|T2|1|??0hkDefaultClassNameRegistry@@QAA@XZ
0x00A0E0C0|XAudio2WaveHelp::PrintWaveFormatDetails|T2|1|?PrintWaveFormatDetails@XAudio2WaveHelp@@YAXPBUtWAVEFORMATEX@@PADI@Z
0x00A11276|hkgpMesh::locate|T1|2|?locate@hkgpMesh@@QBAXABVhkVector4@@AAULocation@1@@Z
0x00A12BC0|hkgpMesh::hasValidTopology|T1|2|?hasValidTopology@hkgpMesh@@QBA_N_N@Z
0x00A12CD0|hkgpMesh::bindEdge|T1|2|?bindEdge@hkgpMesh@@QAA_NUEdge@hkgpMeshBase@@_N1@Z
0x00A12FA1|hkgpMesh::fixBindings|T2|2|?fixBindings@hkgpMesh@@QAAXXZ
0x00A18A50|hkgpMesh::clipTriangles|T1|4|?clipTriangles@hkgpMesh@@SA_NPAV1@PAUTriangle@hkgpMeshBase@@01M@Z
0x00A18AA4|hkgpMesh::removeButterflies|T2|1|?removeButterflies@hkgpMesh@@QAAHH@Z
0x00A18ACA|IConvexOverlapImpl::ShapeBridge::convertVertexIdsToVertices|T2|1|?convertVertexIdsToVertices@ShapeBridge@IConvexOverlapImpl@@UBAXPAEHPAVhkVector4@@@Z
0x00A18ED0|hkgpMesh::fixTJunctions|T1|2|?fixTJunctions@hkgpMesh@@QAAXM_N@Z
0x00A1998D|hkgpMesh::projectPointOnSurface|T2|1|?projectPointOnSurface@hkgpMesh@@QBAMMAAVhkVector4@@H@Z
0x00A1B750|hkgpMesh::appendFromGeometry|T1|3|?appendFromGeometry@hkgpMesh@@QAAXABUhkGeometry@@ABVhkTransform@@H@Z
0x00A1BA0E|hkgpMesh::projectPointOnSurface|T2|1|?projectPointOnSurface@hkgpMesh@@QBAMMABVhkVector4@@AAV2@H@Z
0x00A1BCAF|hkgpMesh::splitParts|T2|1|?splitParts@hkgpMesh@@QAAXHH@Z
0x00A1BEB3|hkgpMesh::trim|T2|2|?trim@hkgpMesh@@QAAPAV1@PBVhkgpConvexHull@@@Z
0x00A1EFF1|hkgpMesh::fillHoles|T2|5|?fillHoles@hkgpMesh@@QAAXABUHoleFillingConfig@1@@Z
0x00A1F360|hkgpMesh::appendToGeometry|T2|1|?appendToGeometry@hkgpMesh@@QBAXAAUhkGeometry@@_N@Z
0x00A1FFC0|hkgpMesh::IConvexOverlap::IConvexShape::getMaxIndex|T2|1|?getMaxIndex@IConvexShape@IConvexOverlap@hkgpMesh@@UBAHXZ
0x00A20BA5|hkGskShape::convertVertexIdsToVertices|T1|2|?convertVertexIdsToVertices@hkGskShape@@UBAXPAEHPAVhkVector4@@@Z
0x00A2102E|hkGeometryProcessing::PoolAllocator<hkgpConvexHullImpl::Vertex,32,hkContainerHeapAllocator>::release|T2|1|?release@?$PoolAllocator@UVertex@hkgpConvexHullImpl@@$0CA@UhkContainerHeapAllocator@@@hkGeometryProcessing@@QAAXPAUVertex@hkgpConvexHullImpl@@@Z
0x00A22050|hkgpTriangulatorType<hkgpTriangulatorBase::VertexBase,hkgpTriangulatorBase::TriangleBase,hkgpTriangulatorBase::DefaultEdgeData<hkContainerHeapAllocator>,hkContainerHeapAllocator,-1>::locateVertex|T1|2|?locateVertex@?$hkgpTriangulatorType@UVertexBase@hkgpTriangulatorBase@@UTriangleBase@2@U?$DefaultEdgeData@UhkContainerHeapAllocator@@@2@UhkContainerHeapAllocator@@$0?0@@QBA?AULocation@1@UEdge@1@HH@Z
0x00A22470|hkgpTriangulatorType<hkgpTriangulatorBase::VertexBase,hkgpTriangulatorBase::TriangleBase,hkgpTriangulatorBase::DefaultEdgeData<hkContainerHeapAllocator>,hkContainerHeapAllocator,-1>::locateVertex|T2|1|?locateVertex@?$hkgpTriangulatorType@UVertexBase@hkgpTriangulatorBase@@UTriangleBase@2@U?$DefaultEdgeData@UhkContainerHeapAllocator@@@2@UhkContainerHeapAllocator@@$0?0@@QBA?AULocation@1@HH@Z
0x00A22480|hkgpTriangulatorType<hkgpTriangulatorBase::VertexBase,hkgpTriangulatorBase::TriangleBase,hkgpTriangulatorBase::DefaultEdgeData<hkContainerHeapAllocator>,hkContainerHeapAllocator,-1>::Edge::turnCwInPlace|T2|1|?turnCwInPlace@Edge@?$hkgpTriangulatorType@UVertexBase@hkgpTriangulatorBase@@UTriangleBase@2@U?$DefaultEdgeData@UhkContainerHeapAllocator@@@2@UhkContainerHeapAllocator@@$0?0@@QAAXXZ
0x00A22F20|hkGeometryProcessing::PoolAllocator<hkgpMeshBase::Vertex,32,hkContainerHeapAllocator>::release|T2|1|?release@?$PoolAllocator@UVertex@hkgpMeshBase@@$0CA@UhkContainerHeapAllocator@@@hkGeometryProcessing@@QAAXPAUVertex@hkgpMeshBase@@@Z
0x00A2869C|hkTreeBundleRayCastUtil::startWorldRayCastWithAutoBundleJobs|T2|4|?startWorldRayCastWithAutoBundleJobs@hkTreeBundleRayCastUtil@@SAXPBVhkVector4@@0HMMPAUhkpWorldRayCastJob@@PAVhkJobQueue@@PAVhkJobThreadPool@@PAUhkpWorldRayCastOutput@@_N@Z
0x00A2C269|hkContainerResourceMap::hkContainerResourceMap|T2|1|??0hkContainerResourceMap@@QAA@PAVhkResourceContainer@@@Z
0x00A2C52D|hkMemoryResourceHandle::getExternalLinks|T2|2|?getExternalLinks@hkMemoryResourceHandle@@UAAXAAV?$hkArray@ULink@hkResourceHandle@@UhkContainerHeapAllocator@@@@@Z
0x00A2C5D2|hkMemoryResourceContainer::findResourceByName|T2|2|?findResourceByName@hkMemoryResourceContainer@@UBAPAVhkResourceHandle@@PBDPBVhkClass@@PBV2@@Z
0x00A2CB71|hkMemoryResourceContainer::parentTo|T1|4|?parentTo@hkMemoryResourceContainer@@UAA?AW4hkResult@@PAVhkResourceContainer@@@Z
0x00A2CFC0|hkResourceHandle::tryToResolveLinks|T1|3|?tryToResolveLinks@hkResourceHandle@@UAAXAAVhkResourceMap@@@Z
0x00A2E2E0|hkaWaveletCompressedAnimation::samplePartialWithDataChunks|T2|2|?samplePartialWithDataChunks@hkaWaveletCompressedAnimation@@SAXIMIPAVhkQsTransform@@IPAMPBUDataChunk@hkaAnimation@@H@Z
0x00A2E9E0|hkaWaveletCompressedAnimation::samplePartialTracks|T2|2|?samplePartialTracks@hkaWaveletCompressedAnimation@@UBAXMIPAVhkQsTransform@@IPAMPAVhkaChunkCache@@@Z
0x00A30980|hkaSplineCompressedAnimation::writeRotation|T2|1|?writeRotation@hkaSplineCompressedAnimation@@AAAXEW4RotationQuantization@TrackCompressionParams@1@ABVhkVector4@@HABV?$hkArray@VhkVector4@@UhkContainerHeapAllocator@@@@@Z
0x00A30C9C|hkaSplineCompressedAnimation::initialize|T2|5|?initialize@hkaSplineCompressedAnimation@@AAAXABVhkaInterleavedUncompressedAnimation@@ABUPerTrackCompressionParams@1@ABUAnimationCompressionParams@1@@Z
0x00A311F0|hkaSplineCompressedAnimation::TrackCompressionParams::isOk|T1|3|?isOk@TrackCompressionParams@hkaSplineCompressedAnimation@@QBA?AVhkBool@@XZ
0x00A31410|hkaSplineCompressedAnimation::sampleIndividualTransformTracks|T2|1|?sampleIndividualTransformTracks@hkaSplineCompressedAnimation@@UBAXMPBFIPAVhkQsTransform@@@Z
0x00A321BE|hkaSplineCompressedAnimation::samplePartialTracks|T2|1|?samplePartialTracks@hkaSplineCompressedAnimation@@UBAXMIPAVhkQsTransform@@IPAMPAVhkaChunkCache@@@Z
0x00A32EC0|hkaDeltaCompressedAnimation::sampleIndividualFloatTracks|T2|1|?sampleIndividualFloatTracks@hkaDeltaCompressedAnimation@@UBAXMPBFIPAM@Z
0x00A335D0|hkaDeltaCompressedAnimation::samplePartialWithDataChunks|T2|2|?samplePartialWithDataChunks@hkaDeltaCompressedAnimation@@SAXIMIPAVhkQsTransform@@IPAMPBUDataChunk@hkaAnimation@@H@Z
0x00A33D96|hkaDeltaCompressedAnimation::samplePartialTracks|T2|2|?samplePartialTracks@hkaDeltaCompressedAnimation@@UBAXMIPAVhkQsTransform@@IPAMPAVhkaChunkCache@@@Z
0x00A36670|hkpVehicleInstance::simulateVehicle|T2|1|?simulateVehicle@hkpVehicleInstance@@IAAXABVhkStepInfo@@ABUAerodynamicsDragOutput@hkpVehicleAerodynamics@@ABV?$hkArray@MUhkContainerHeapAllocator@@@@2@Z
0x00A36F40|hkpVehicleInstance::updateComponents|T2|1|?updateComponents@hkpVehicleInstance@@IAAXABVhkStepInfo@@PBUCollisionDetectionWheelOutput@hkpVehicleWheelCollide@@AAUAerodynamicsDragOutput@hkpVehicleAerodynamics@@AAV?$hkArray@MUhkContainerHeapAllocator@@@@3@Z
0x00A37080|hkpVehicleInstance::stepVehicleUsingWheelCollideOutput|T2|1|?stepVehicleUsingWheelCollideOutput@hkpVehicleInstance@@QAAXABVhkStepInfo@@PBUCollisionDetectionWheelOutput@hkpVehicleWheelCollide@@@Z
0x00A38067|hkpTyremarksInfo::calcContentStatistics|T2|1|?calcContentStatistics@hkpTyremarksInfo@@UBAXPAVhkStatisticsCollector@@PBVhkClass@@@Z
0x00A38B83|hkpPoweredChainMapper::setMotors|T2|1|?setMotors@hkpPoweredChainMapper@@QAAXHHPAVhkpConstraintMotor@@@Z
0x00A38D50|hkpPoweredChainMapper::buildChainMapper|T2|4|?buildChainMapper@hkpPoweredChainMapper@@SAPAV1@UConfig@1@ABV?$hkArray@PAVhkpConstraintInstance@@UhkContainerHeapAllocator@@@@ABV?$hkArray@UChainEndpoints@hkpPoweredChainMapper@@UhkContainerHeapAllocator@@@@PAV3@@Z
0x00A38D81|hkpPoweredChainMapper::setTargetOrientation|T2|1|?setTargetOrientation@hkpPoweredChainMapper@@QAAXHABVhkQuaternion@@@Z
0x00A3A5B0|hkpSimpleMeshShape::calcContentStatistics|T2|2|?calcContentStatistics@hkpSimpleMeshShape@@UBAXPAVhkStatisticsCollector@@PBVhkClass@@@Z
0x00A3A709|hkpMultiRayShape::calcContentStatistics|T2|1|?calcContentStatistics@hkpMultiRayShape@@UBAXPAVhkStatisticsCollector@@PBVhkClass@@@Z
0x00A3D380|hkxEnvironment::convertToString|T2|1|?convertToString@hkxEnvironment@@QBAXAAVhkStringBuf@@@Z
0x00A3D852|hkxEnvironment::interpretString|T1|3|?interpretString@hkxEnvironment@@QAA?AW4hkResult@@PBD@Z
0x00A3E020|hkaInterleavedUncompressedAnimation::samplePartialTracks|T2|1|?samplePartialTracks@hkaInterleavedUncompressedAnimation@@UBAXMIPAVhkQsTransform@@IPAMPAVhkaChunkCache@@@Z
0x00A3FA9C|hkaDefaultAnimatedReferenceFrame::hkaDefaultAnimatedReferenceFrame|T2|4|??0hkaDefaultAnimatedReferenceFrame@@QAA@ABUMotionExtractionOptions@0@@Z
0x00A40AF2|hkpVehicleCastBatchingManager::stepVehiclesSynchronously|T2|1|?stepVehiclesSynchronously@hkpVehicleCastBatchingManager@@UAAXPAVhkpWorld@@PAVhkJobThreadPool@@PAVhkJobQueue@@H@Z
0x00A40CA0|hkpVehicleRayCastBatchingManager::buildAndAddCastJobs|T1|2|?buildAndAddCastJobs@hkpVehicleRayCastBatchingManager@@UAAHPBVhkpWorld@@HHPAVhkJobQueue@@PAVhkSemaphore@@PAX@Z
0x00A40EC0|hkpVehicleLinearCastBatchingManager::stepVehiclesUsingCastResults|T2|1|?stepVehiclesUsingCastResults@hkpVehicleLinearCastBatchingManager@@UAAXABVhkStepInfo@@HPAX@Z
0x00A41220|hkpVehicleLinearCastBatchingManager::buildAndAddCastJobs|T2|1|?buildAndAddCastJobs@hkpVehicleLinearCastBatchingManager@@UAAHPBVhkpWorld@@HHPAVhkJobQueue@@PAVhkSemaphore@@PAX@Z
0x00A413D0|hkpVehicleRayCastBatchingManager::stepVehiclesUsingCastResults|T2|1|?stepVehiclesUsingCastResults@hkpVehicleRayCastBatchingManager@@UAAXABVhkStepInfo@@HPAX@Z
0x00A43320|hkpMountedBallGun::hkpMountedBallGun|T2|1|??0hkpMountedBallGun@@QAA@H@Z
0x00A442E0|hkpGravityGun::hkpGravityGun|T2|1|??0hkpGravityGun@@QAA@XZ
0x00A44FC0|hkpBallGun::hkpBallGun|T2|1|??0hkpBallGun@@QAA@H@Z
0x00A47622|hkpConvexPieceMeshShape::calcContentStatistics|T2|1|?calcContentStatistics@hkpConvexPieceMeshShape@@UBAXPAVhkStatisticsCollector@@PBVhkClass@@@Z
0x00A48240|hkMemoryMeshShape::calcContentStatistics|T1|5|?calcContentStatistics@hkMemoryMeshShape@@UBAXPAVhkStatisticsCollector@@PBVhkClass@@@Z
0x00A4C818|hkaTrackAnalysis::analyzeQsTransform|T2|1|?analyzeQsTransform@hkaTrackAnalysis@@CAXABUPerTransformTrackAnalysisInput@1@PAGPAMVhkBool@@@Z
0x00A4C94C|hkaTrackAnalysis::AnalysisStats::displayReport|T2|5|?displayReport@AnalysisStats@hkaTrackAnalysis@@QAAXXZ
0x00A4CA9B|hkaTrackAnalysis::recompose|T2|1|?recompose@hkaTrackAnalysis@@SAXABUAnalysisCompose@1@PAVhkQsTransform@@PAM@Z
0x00A58E80|hkpConstraintUtils::getConstraintPivots|T1|2|?getConstraintPivots@hkpConstraintUtils@@SA?AW4hkResult@@PBVhkpConstraintInstance@@AAVhkVector4@@1@Z
0x00A58F10|hkpConstraintUtils::getConstraintMotors|T1|2|?getConstraintMotors@hkpConstraintUtils@@SA?AW4hkResult@@PBVhkpConstraintData@@AAPAVhkpConstraintMotor@@11@Z
0x00A590F0|hkpConstraintUtils::checkAndFixConstraint|T1|2|?checkAndFixConstraint@hkpConstraintUtils@@SA?AVhkBool@@PBVhkpConstraintInstance@@MM@Z
0x00A59230|hkpConstraintUtils::convertToPowered|T1|4|?convertToPowered@hkpConstraintUtils@@SAPAVhkpConstraintInstance@@PBV2@PAVhkpConstraintMotor@@VhkBool@@@Z
0x00A59242|hkpConstraintUtils::setHingePivotToOptimalPosition|T2|1|?setHingePivotToOptimalPosition@hkpConstraintUtils@@SAXPAVhkpConstraintInstance@@@Z
0x00A59900|hkpConstraintChainUtil::buildPoweredChain|T1|4|?buildPoweredChain@hkpConstraintChainUtil@@SAPAVhkpConstraintChainInstance@@AAV?$hkArray@PAVhkpConstraintInstance@@UhkContainerHeapAllocator@@@@VhkBool@@@Z
0x00A59B9D|hkpConstraintChainUtil::findConstraintLinkBetweenEntities|T1|2|?findConstraintLinkBetweenEntities@hkpConstraintChainUtil@@SA?AW4hkResult@@ABV?$hkArray@PAVhkpConstraintInstance@@UhkContainerHeapAllocator@@@@PAVhkpEntity@@1AAV?$hkArray@PAVhkpEntity@@UhkContainerHeapAllocator@@@@AAV3@@Z
0x00A5A800|hkxAttributeGroup::getBoolValue|T1|4|?getBoolValue@hkxAttributeGroup@@QBA?AW4hkResult@@PBD_NAAVhkBool@@@Z
0x00A5A860|hkxAttributeGroup::getIntValue|T2|3|?getIntValue@hkxAttributeGroup@@QBA?AW4hkResult@@PBD_NAAH@Z
0x00A5AAC0|hkxAttributeGroup::getStringValue|T2|4|?getStringValue@hkxAttributeGroup@@QBA?AW4hkResult@@PBD_NAAPBD@Z
0x00A5AB85|hkxAttributeGroup::getVectorValue|T1|4|?getVectorValue@hkxAttributeGroup@@QBA?AW4hkResult@@PBD_NAAVhkVector4@@@Z
0x00A5AC9F|hkxAttributeGroup::getQuaternionValue|T2|4|?getQuaternionValue@hkxAttributeGroup@@QBA?AW4hkResult@@PBD_NAAVhkQuaternion@@@Z
0x00A5ACB1|hkxAttributeGroup::getMatrixValue|T2|1|?getMatrixValue@hkxAttributeGroup@@QBA?AW4hkResult@@PBD_NAAVhkMatrix4@@@Z
0x00A5C370|hkpMoppUsingFloatAabbVirtualMachine<hkpMoppPlanesQueryInput,hkMoppPlanesQueryObject>::queryMoppTree|T2|1|?queryMoppTree@?$hkpMoppUsingFloatAabbVirtualMachine@UhkpMoppPlanesQueryInput@@VhkMoppPlanesQueryObject@@@@IAAXPBUhkpMoppUsingFloatAabbVirtualMachineQueryInt@1@PBEAAUhkpMoppTempAabb@1@@Z
0x00A5CEF0|hkpMoppUsingFloatAabbVirtualMachine<hkpMoppPlanesQueryInput,hkMoppPlanesQueryObjectOptimized>::queryMoppTree|T2|1|?queryMoppTree@?$hkpMoppUsingFloatAabbVirtualMachine@UhkpMoppPlanesQueryInput@@VhkMoppPlanesQueryObjectOptimized@@@@IAAXPBUhkpMoppUsingFloatAabbVirtualMachineQueryInt@1@PBEAAUhkpMoppTempAabb@1@@Z
0x00A5DACE|hkpMoppUsingFloatAabbVirtualMachine<hkSphere,hkMoppSphereQueryObject>::queryMoppTree|T2|1|?queryMoppTree@?$hkpMoppUsingFloatAabbVirtualMachine@VhkSphere@@VhkMoppSphereQueryObject@@@@IAAXPBUhkpMoppUsingFloatAabbVirtualMachineQueryInt@1@PBEAAUhkpMoppTempAabb@1@@Z
0x00A5E54D|hkpMoppUsingFloatAabbVirtualMachine<hkSphere,hkMoppSphereQueryObjectOptimized>::queryMoppTree|T2|1|?queryMoppTree@?$hkpMoppUsingFloatAabbVirtualMachine@VhkSphere@@VhkMoppSphereQueryObjectOptimized@@@@IAAXPBUhkpMoppUsingFloatAabbVirtualMachineQueryInt@1@PBEAAUhkpMoppTempAabb@1@@Z
0x00A5EBC1|hkpConvexPieceShape::castRayWithCollectorImpl|T2|1|?castRayWithCollectorImpl@hkpConvexPieceShape@@UBAXABUhkpShapeRayCastInput@@ABVhkpCdBody@@AAVhkpRayHitCollector@@@Z
0x00A5F9D2|hkxMeshSection::appendGeometry|T1|2|?appendGeometry@hkxMeshSection@@QAAXAAUhkGeometry@@H@Z
0x00A625C0|hkpMoppEarlyExitObbVirtualMachine::queryOBBOnTree|T2|1|?queryOBBOnTree@hkpMoppEarlyExitObbVirtualMachine@@IAAXPBUhkpMoppEarlyExitObbVirtualMachineQuery@@PBE@Z
0x00A62F7B|hkpMoppSphereVirtualMachine::querySphereOnTree|T2|1|?querySphereOnTree@hkpMoppSphereVirtualMachine@@IAAXPBUhkpMoppSphereVirtualMachineQuery@1@PBE@Z
0x00A635B3|hkpMoppKDopGeometriesVirtualMachine::queryMoppKDopGeometriesRecurse|T2|1|?queryMoppKDopGeometriesRecurse@hkpMoppKDopGeometriesVirtualMachine@@IAAXPBUhkpMoppKDopGeometriesVirtualMachineQuery@1@PBE@Z
0x00A6411B|hkpMoppFindAllVirtualMachine::queryOnTree|T2|1|?queryOnTree@hkpMoppFindAllVirtualMachine@@QAAXPBUhkpMoppFindAllVirtualMachineQuery@1@PBE@Z
0x00A64495|hkpMoppFindAllVirtualMachine::queryOnTreeLeft|T2|1|?queryOnTreeLeft@hkpMoppFindAllVirtualMachine@@QAAXPBUhkpMoppFindAllVirtualMachineQuery@1@PBE@Z
0x00A647E0|hkpMoppFindAllVirtualMachine::queryOnTreeRight|T2|1|?queryOnTreeRight@hkpMoppFindAllVirtualMachine@@QAAXPBUhkpMoppFindAllVirtualMachineQuery@1@PBE@Z
0x00A64D62|hkpMoppModifyVirtualMachine::queryModicationPointsRecursive|T2|1|?queryModicationPointsRecursive@hkpMoppModifyVirtualMachine@@IAA?AVhkBool@@PBUhkpMoppObbVirtualMachineQuery@@PBEH@Z
0x00A66CA2|NiXenonSourceTextureData::LoadTextureFile|T1|2|?LoadTextureFile@NiXenonSourceTextureData@@IAA_NPBDPAVNiXenonRenderer@@ABVFormatPrefs@NiTexture@@PAVNiFile@@@Z
0x00A74120|NiPersistentSrcTextureRendererData::ResetStreamingFunctions|T2|1|?ResetStreamingFunctions@NiPersistentSrcTextureRendererData@@SAXXZ
0x00A744B0|NiXenonRenderer::Create|T2|2|?Create@NiXenonRenderer@@SAPAV1@IIIW4_D3DFORMAT@@00W4PresentationInterval@1@I@Z
0x00A78BD0|NiXenonRenderer::GetD3DFormatString|T2|25|?GetD3DFormatString@NiXenonRenderer@@SAPBDW4_D3DFORMAT@@@Z
0x00A7A760|NiD3DDefaultShader::NiD3DDefaultShader|T2|1|??0NiD3DDefaultShader@@QAA@XZ
0x00A7F113|NiD3DShader::_SDMInit|T2|1|?_SDMInit@NiD3DShader@@SAXXZ
0x00A7FA27|NiD3DShaderInterface::InitializeShaderSystem|T2|1|?InitializeShaderSystem@NiD3DShaderInterface@@SAIPAVNiXenonRenderer@@@Z
0x00A8C1E0|NiD3DGPUProgramCache::LoadGPUProgram|T2|1|?LoadGPUProgram@NiD3DGPUProgramCache@@MAA_NAAVNiBinaryStream@@ABVNiFixedString@@AAPAVNiGPUProgram@@_N@Z
0x00A8CA84|NiD3DGPUProgramCache::NiD3DGPUProgramCache|T2|12|??0NiD3DGPUProgramCache@@QAA@IPBDW4ProgramType@NiGPUProgram@@ABVNiFixedString@@0_N333@Z
0x00A8CD4F|NiD3DGPUProgramCache::GenerateProgram|T1|3|?GenerateProgram@NiD3DGPUProgramCache@@UAAPAVNiGPUProgram@@PBD0AAV?$NiTObjectPtrSet@V?$NiPointer@VNiMaterialResource@@@@@@@Z
0x00A8FB20|NiD3DGPUProgramCache::GetPlatformSpecificCodeID|T2|1|?GetPlatformSpecificCodeID@NiD3DGPUProgramCache@@UBAPBDXZ
0x00A8FC30|NiD3DShaderProgramCreatorHLSL::_SDMInit|T2|1|?_SDMInit@NiD3DShaderProgramCreatorHLSL@@SAXXZ
0x00A902D0|Tile::GetUnderscoreValue|T2|1|?GetUnderscoreValue@Tile@@QAAPAUValue@1@HH@Z
0x00A904C0|NiD3DShaderFactory::InsertShader|T2|1|?InsertShader@NiD3DShaderFactory@@UAAXPAVNiShader@@I@Z
0x00A90A50|NiD3DShaderFactory::RemoveShader|T2|1|?RemoveShader@NiD3DShaderFactory@@UAAXPBDI@Z
0x00A9142B|NiD3DShaderProgramFactory::ResolveShaderFileName|T2|1|?ResolveShaderFileName@NiD3DShaderProgramFactory@@SA_NPBDPADI@Z
0x00A93FB0|NiD3DShaderProgramCreatorHLSL::CreateVertexShaderFromBuffer|T2|1|?CreateVertexShaderFromBuffer@NiD3DShaderProgramCreatorHLSL@@UAAPAVNiD3DVertexShader@@PBXIPBD11PAUD3DVertexDeclaration@@I_N3@Z
0x00A941A0|NiD3DShaderProgramCreatorHLSL::CreateVertexShaderFromD3DXBuffer|T2|1|?CreateVertexShaderFromD3DXBuffer@NiD3DShaderProgramCreatorHLSL@@UAAPAVNiD3DVertexShader@@PAUID3DXBuffer@@IPBD11PAUD3DVertexDeclaration@@I_N3@Z
0x00A946B0|NiD3DShaderProgramCreatorHLSL::CreateVertexShaderFromFile|T2|1|?CreateVertexShaderFromFile@NiD3DShaderProgramCreatorHLSL@@UAAPAVNiD3DVertexShader@@PBD000PAUD3DVertexDeclaration@@I_N2@Z
0x00A94850|NiXenonRenderer::GetPS_Copy|T2|1|?GetPS_Copy@NiXenonRenderer@@IAAPAUD3DPixelShader@@XZ
0x00A94A30|NiXenonRenderer::GetVS_Copy|T2|1|?GetVS_Copy@NiXenonRenderer@@IAAPAUD3DVertexShader@@XZ
0x00A94B80|hkFreeListMemorySystem::mainInit|T2|1|?mainInit@hkFreeListMemorySystem@@UAAPAVhkMemoryRouter@@ABUFrameInfo@hkMemorySystem@@V?$hkFlags@W4FlagBits@hkMemorySystem@@H@@@Z
0x00A9C800|NiHalfSpaceBV::AddViewerStrings|T2|1|?AddViewerStrings@NiHalfSpaceBV@@UBAXPBDPAV?$NiTPrimitiveArray@PAD@@@Z
0x00A9D150|NiUnionBV::AddViewerStrings|T1|2|?AddViewerStrings@NiUnionBV@@UBAXPBDPAV?$NiTPrimitiveArray@PAD@@@Z
0x00A9E780|NiCapsuleBV::AddViewerStrings|T2|1|?AddViewerStrings@NiCapsuleBV@@UBAXPBDPAV?$NiTPrimitiveArray@PAD@@@Z
0x00AA98FE|NiBoxBV::AddViewerStrings|T2|1|?AddViewerStrings@NiBoxBV@@UBAXPBDPAV?$NiTPrimitiveArray@PAD@@@Z
0x00AAAD14|NiSphereBV::AddViewerStrings|T1|3|?AddViewerStrings@NiSphereBV@@UBAXPBDPAV?$NiTPrimitiveArray@PAD@@@Z
0x00AAB01E|NiCollisionData::GetViewerString|T2|6|?GetViewerString@NiCollisionData@@IAAPADPBDW4CollisionMode@1@@Z
0x00AAB329|NiCollisionData::GetViewerString|T2|2|?GetViewerString@NiCollisionData@@IAAPADPBDW4PropagationMode@1@@Z
0x00AAB9D0|NiCollisionData::AddViewerStrings|T2|4|?AddViewerStrings@NiCollisionData@@UAAXPAV?$NiTPrimitiveArray@PAD@@@Z
0x00ABF45C|Movie::Update|T2|1|?Update@Movie@@QAA_N_N00@Z
0x00ABF7D0|MoviePlayer::StartSequence|T2|1|?StartSequence@MoviePlayer@@QAAXPBD_NH11M@Z
0x00ABFD20|MoviePlayer::ThreadLoadMovie|T2|1|?ThreadLoadMovie@MoviePlayer@@QAAXPBDP6AXXZ@Z
0x00AC0950|MoviePlayer::PlaySequence|T2|1|?PlaySequence@MoviePlayer@@QAAXPAD@Z
0x00AC0A78|MoviePlayer::Pause|T2|1|?Pause@MoviePlayer@@QAAXXZ
0x00AC1470|>::_Xran|T2|1|?_Xran@?$basic_string@DU?$char_traits@D@std@@V?$allocator@D@2@@std@@QBAXXZ
0x00AC4534|XGRAPHICS::Disassembler::UpdateOpcodeTables|T2|1|?UpdateOpcodeTables@Disassembler@XGRAPHICS@@AAAXXZ
0x00AC5D62|std::exception::what|T2|1|?what@exception@std@@UBAPBDXZ
0x00ACC4F0|TESLoadScreen::Load|T2|1|?Load@TESLoadScreen@@UAA_NPAVTESFile@@@Z
0x00AD2550|XGRAPHICS::DXTokenVerTableBuilder::BuildTable|T2|3|?BuildTable@DXTokenVerTableBuilder@XGRAPHICS@@SAJPAPAVVerTable@2@PAGPAX_N@Z
0x00AE7815|NiGPUProgramCache::Save|T2|1|?Save@NiGPUProgramCache@@UAA_NXZ
0x00B34580|DebugTextDestruction::_DTPFactory::_DTPFactory|T2|1|??0_DTPFactory@DebugTextDestruction@@QAA@XZ
0x00B34890|WeaponObject::UpdateConstraints|T2|1|?UpdateConstraints@WeaponObject@@QAAX_NVCFilter@@PAVNiAVObject@@0@Z
0x00B34956|PathingDebugGeometry::CreateTarget|T2|1|?CreateTarget@PathingDebugGeometry@@QAA_NABV?$NiPointer@VPathingDebugGeometryData@@@@@Z
0x00B368C0|RepairMenu::Update|T2|1|?Update@RepairMenu@@SAXXZ
0x00B406F0|DebugTextRenderer::_DTPFactory::_DTPFactory|T2|1|??0_DTPFactory@DebugTextRenderer@@QAA@XZ
0x00B51B70|Script::EquipItemFunction|T2|1|?EquipItemFunction@Script@@SA_NPBUSCRIPT_PARAMETER@@PBDPAVTESObjectREFR@@2PAV1@PAVScriptLocals@@AANAAI@Z
0x00B51C30|TESObjectDOOR::Activate|T2|1|?Activate@TESObjectDOOR@@UAA_NPAVTESObjectREFR@@0_NPAVTESBoundObject@@H@Z
0x00B51C50|PlayerCharacter::Update|T2|1|?Update@PlayerCharacter@@UAAXM@Z
0x00B51CE0|TESSaveLoadGame::Autoload|T2|1|?Autoload@TESSaveLoadGame@@QAAXXZ
0x00B51D10|TESSaveLoadGame::Quickload|T2|1|?Quickload@TESSaveLoadGame@@QAA_NXZ
0x00B51D40|InventoryChanges::RemoveItem|T2|1|?RemoveItem@InventoryChanges@@QAAPAVTESObjectREFR@@PAV2@PAVTESBoundObject@@_NHPAVExtraDataList@@20PBVNiPoint3@@422@Z
0x00B52550|DebugTextCombat::_DTPFactory::_DTPFactory|T2|1|??0_DTPFactory@DebugTextCombat@@QAA@XZ
0x00B52580|DebugTextMagic::_DTPFactory::_DTPFactory|T2|1|??0_DTPFactory@DebugTextMagic@@QAA@XZ
0x00B54DC0|ReanimateEffect::Start|T2|1|?Start@ReanimateEffect@@MAAXXZ
0x00B6448E|BSResizableTriShape::GetViewerStrings|T2|1|?GetViewerStrings@BSResizableTriShape@@UAAXPAV?$NiTPrimitiveArray@PAD@@@Z
0x00B6B030|ActorMover::GetMoveModeString|T2|1|?GetMoveModeString@ActorMover@@SAXPADII@Z
0x00B6B450|XAudio2ScopeTrace::~XAudio2ScopeTrace|T2|1|??1XAudio2ScopeTrace@@QAA@XZ
0x00B6C4A0|XGRAPHICS::ShaderPDBBuilder::WriteLiterals|T2|1|?WriteLiterals@ShaderPDBBuilder@XGRAPHICS@@AAAXPAVStream@2@PAV?$FastVector@ULiteralBool@XGRAPHICS@@@2@PAV?$FastVector@ULiteralInt@XGRAPHICS@@@2@PAV?$FastVector@ULiteralFloat@XGRAPHICS@@@2@@Z
0x00B6CCC0|Script::UnEquipItemFunction|T2|1|?UnEquipItemFunction@Script@@SA_NPBUSCRIPT_PARAMETER@@PBDPAVTESObjectREFR@@2PAV1@PAVScriptLocals@@AANAAI@Z
0x00B6CD09|PlayerCharacter::ReturnToLastKnownGoodPosition|T2|1|?ReturnToLastKnownGoodPosition@PlayerCharacter@@QAAX_N@Z
0x00B6E6A0|TESRace::GetBodyModTextureName|T2|1|?GetBodyModTextureName@TESRace@@QAAXPAVTESNPC@@PAD@Z
0x00B6E8E0|Main::Main|T2|1|??0Main@@QAA@XZ
0x00B6E9A0|DebugTextActor::PrintIKPage|T2|1|?PrintIKPage@DebugTextActor@@AAAXPAVIDebugText@@PAVActor@@@Z
0x00B6EB50|BeamShaderProperty::GetViewerStrings|T2|1|?GetViewerStrings@BeamShaderProperty@@UAAXPAV?$NiTPrimitiveArray@PAD@@@Z
0x00B6EB80|ShadowSceneNode::AddDebugGeometryMultiBoundShape|T2|1|?AddDebugGeometryMultiBoundShape@ShadowSceneNode@@QAAXPBVNiCamera@@PAVBSMultiBound@@PBDPAVBSMultiBoundRoom@@@Z
0x00B6EBE0|Random::Name|T2|1|?Name@Random@@UAAPADXZ
0x00B6EDF0|TESNPC::FixNPCNormals|T2|1|?FixNPCNormals@TESNPC@@QAAXPAVTESObjectREFR@@@Z
0x00B71FA0|DebugTextAudio::_DTPFactory::_DTPFactory|T2|1|??0_DTPFactory@DebugTextAudio@@QAA@XZ
0x00B722A0|InventoryChanges::InitScripts|T2|1|?InitScripts@InventoryChanges@@QAAXXZ
0x00B728A0|LEAPCORE::CSWVoice::FilterName|T2|1|?FilterName@CSWVoice@LEAPCORE@@UBAPADXZ
0x00B72CF0|Normal::Name|T2|1|?Name@Normal@@UAAPADXZ
0x00B730E0|DebugTextXenonFileCache::RenderPage|T2|1|?RenderPage@DebugTextXenonFileCache@@UAAXPAVIDebugText@@H@Z
0x00B77130|DebugTextMedia::RenderPage|T2|1|?RenderPage@DebugTextMedia@@UAAXPAVIDebugText@@H@Z
0x00B774F0|D3DXShader::Compiler::PrintPredicationStackSummary|T2|1|?PrintPredicationStackSummary@Compiler@D3DXShader@@AAAXXZ
0x00B77970|BSShaderManager::CreateTangentSpaceSimple|T2|1|?CreateTangentSpaceSimple@BSShaderManager@@SAPAVTangentSpaceData@BSShaderPPLightingProperty@@PAVNiGeometry@@@Z
0x00B7EA29|D3D::DisassembleShader|T3|25|?DisassembleShader@D3D@@YAXPAKKK@Z
0x00B7EC50|Actor::HitMe|T3|1|?HitMe@Actor@@QAAXPAVHitData@@D@Z
0x00B93B70|ImageSpaceEffectInterface::Setup|T2|1|?Setup@ImageSpaceEffectInterface@@UAAXPAVImageSpaceManager@@PAVImageSpaceEffectParam@@@Z
0x00BA1086|DebugTextVATS::_DTPFactory::_DTPFactory|T2|1|??0_DTPFactory@DebugTextVATS@@QAA@XZ
0x00BA2730|DebugTextPerformanceTiming::RenderPage|T2|1|?RenderPage@DebugTextPerformanceTiming@@UAAXPAVIDebugText@@H@Z
0x00BA2760|Actor::UpdateMovement|T2|1|?UpdateMovement@Actor@@UAAXM_N@Z
0x00BA2779|Actor::UpdateAnimation|T2|1|?UpdateAnimation@Actor@@UAAXM@Z
0x00BA27C0|Actor::Update|T2|1|?Update@Actor@@UAAXM@Z
0x00BA27F0|BSXenonTaskletManager::ProcessTasklet|T2|1|?ProcessTasklet@BSXenonTaskletManager@@QAAXPAVBSXenonTaskletGroupData@@_N@Z
0x00BA683C|XGamerProfile::RevokeCode|T2|1|?RevokeCode@XGamerProfile@@QAAXPBD@Z
0x00BA68B0|XGamerProfile::ReadSettings|T2|1|?ReadSettings@XGamerProfile@@IAAXPAEI@Z
0x00BA70A0|XGamerProfile::LoadSettings|T2|1|?LoadSettings@XGamerProfile@@QAAXXZ
0x00BB2AA0|NiStream::LoadRTTI|T2|1|?LoadRTTI@NiStream@@IAA_NXZ
0x00BB3E10|NiParallelUpdateTaskManager::DoTasks|T2|1|?DoTasks@NiParallelUpdateTaskManager@@UAA?AW4ManagerStatus@NiTaskManager@@XZ
0x00BBA550|NiBSBoneLODController::InitLoaders|T2|1|?InitLoaders@NiBSBoneLODController@@SAXXZ
0x00BBB640|bhkWorldObject::CreateDisplayGeometry|T2|1|?CreateDisplayGeometry@bhkWorldObject@@UAAPAVNiAVObject@@PAVNiNode@@@Z
0x00BBBAC0|bhkBoxShape::BuildDisplayGeometry|T2|1|?BuildDisplayGeometry@bhkBoxShape@@UAAXPAVNiNode@@ABVNiColor@@@Z
0x00BBBC50|bhkPackedNiTriStripsShape::BuildDisplayGeometry|T2|1|?BuildDisplayGeometry@bhkPackedNiTriStripsShape@@UAAXPAVNiNode@@ABVNiColor@@@Z
0x00BBBC70|bhkNiTriStripsShape::BuildDisplayGeometry|T2|1|?BuildDisplayGeometry@bhkNiTriStripsShape@@UAAXPAVNiNode@@ABVNiColor@@@Z
0x00BBC56C|bhkCylinderShape::BuildDisplayGeometry|T2|1|?BuildDisplayGeometry@bhkCylinderShape@@UAAXPAVNiNode@@ABVNiColor@@@Z
0x00BBC5C0|bhkConvexVerticesShape::BuildDisplayGeometry|T2|1|?BuildDisplayGeometry@bhkConvexVerticesShape@@UAAXPAVNiNode@@ABVNiColor@@@Z
0x00BBCBA0|hkVersionUtil::getCurrentVersion|T2|1|?getCurrentVersion@hkVersionUtil@@YAPBDXZ
0x00BBCCD0|bhkUnaryAction::GetViewerStrings|T2|1|?GetViewerStrings@bhkUnaryAction@@UAAXPAV?$NiTPrimitiveArray@PAD@@@Z
0x00BBD610|hkpPhysicsContext::addForInspection|T2|1|?addForInspection@hkpPhysicsContext@@IAAXPAVhkpWorld@@@Z
0x00BBD7D0|hkpDefaultToiResourceMgr::calcContentStatistics|T2|1|?calcContentStatistics@hkpDefaultToiResourceMgr@@UBAXPAVhkStatisticsCollector@@PBVhkClass@@@Z
0x00BBFA50|hkpVehicleViewer::actionAddedCallback|T2|1|?actionAddedCallback@hkpVehicleViewer@@MAAXPAVhkpAction@@@Z
0x00BBFA75|hkpVehicleViewer::worldRemovedCallback|T2|1|?worldRemovedCallback@hkpVehicleViewer@@MAAXPAVhkpWorld@@@Z
0x00BC2940|hkpMouseSpringAction::hkpMouseSpringAction|T2|1|??0hkpMouseSpringAction@@QAA@PAVhkpRigidBody@@@Z
0x00BC51E0|hkBinaryPackfileWriter::doDeferredWrites|T2|1|?doDeferredWrites@hkBinaryPackfileWriter@@AAAXAAUSaveContext@1@H@Z
0x00BC5220|hkPlatformObjectWriter::writeObject|T2|1|?writeObject@hkPlatformObjectWriter@@UAA?AW4hkResult@@PAVhkStreamWriter@@PBXABVhkClass@@AAVhkRelocationInfo@@@Z
0x00BC56C0|NiCollisionSDM::Shutdown|T2|1|?Shutdown@NiCollisionSDM@@SAXXZ
