# rva|class_name
0x00001A10|BGSHungerStage
0x000020F0|BGSSleepDeprevationStage
0x00002820|AlchemyItem
0x00002B40|MagicItemObject
0x00002C20|TESIcon
0x00002C90|MagicItem
0x00002D00|TESFullName
0x00002D30|BaseFormComponent
0x00002D50|AlchemyItem
0x00004920|Setting
0x00004A00|?$SettingT@VGameSettingCollection
0x00004B10|GameSettingCollection
0x00004B90|?$SettingCollectionMap@VSetting
0x00004C00|?$SettingCollectionMap@VSetting
0x00004C80|?$SettingCollection@VSetting
0x00005250|?$NiTStringTemplateMap@V?$NiTMap@PBDPAVSetting
0x00005310|?$NiTMap@PBDPAVSetting
0x00005370|?$NiTMapBase@V?$DFALL@V?$NiTMapItem@PBDPAVSetting
0x00005570|?$NiTStringMap@PAVSetting
0x000055D0|?$NiTStringTemplateMap@V?$NiTMap@PBDPAVSetting
0x00005600|?$NiTMap@PBDPAVSetting
0x00005630|?$NiTMapBase@V?$DFALL@V?$NiTMapItem@PBDPAVSetting
0x00006DE0|StatsMenu::StatusDataList
0x00007020|EffectSetting
0x00007230|EffectSetting
0x00009080|EnchantmentItem
0x00009190|MagicItemForm
0x000092A0|EnchantmentItem
0x000098F0|IngredientItem
0x00009B40|IngredientItem
0x0000A140|MagicItem
0x0000C150|?$SettingT@VGameSettingCollection
0x0000E0B0|?$SettingT@VGameSettingCollection
0x0000E130|Setting
0x0000E2C0|SpellItem
0x0000EC00|ExtraCell3D
0x0000EC80|BSExtraData
0x0000ECB0|BSExtraData
0x0000ED30|ExtraCell3D
0x0000EDA0|ExtraHavok
0x0000EE70|ExtraHavok
0x0000EF00|ExtraRegionList
0x0000EFD0|ExtraCellAcousticSpace
0x0000F1B0|ExtraCellImpactSwap
0x0000F210|ExtraCellImpactSwap
0x0000F370|ExtraCellWaterType
0x0000F410|ExtraProcessMiddleLow
0x0000F440|ExtraCellCanopyShadowMask
0x0000F590|ExtraSeenData
0x0000F680|ExtraNorthRotation
0x0000F6B0|ExtraDetachTime
0x0000F740|BaseExtraList
0x0000F7B0|BaseExtraList
0x00010360|ExtraDataList
0x000103B0|ExtraDataList
0x00011B40|ExtraReflectedRefs
0x00011BE0|ExtraReflectorRefs
0x00011C80|ExtraWaterLightRefs
0x00011D20|ExtraLitWaterRefs
0x00011E40|ExtraSpecialRenderFlags
0x00011EA0|ExtraSpecialRenderFlags
0x00016AD0|ExtraNavMeshPortal
0x000183E0|ExtraRadioData
0x0001B650|ExtraHealthPerc
0x0001B790|ExtraObjectHealth
0x0001BEF0|ExtraTerminalState
0x0001C5E0|ExtraEditorID
0x0001E750|ExtraOpenCloseActivateRef
0x0001FB50|ExtraPrimitive
0x0001FCD0|ExtraPatrolRefData
0x0001FF80|ExtraOcclusionPlaneRefData
0x000202D0|ExtraPortalRefData
0x00020500|ExtraRoomRefData
0x00021090|ExtraCollisionData
0x00021160|ExtraCollisionData
0x000222F0|ExtraRadius
0x00022420|ExtraRadiation
0x0002C4B0|ExtraLock
0x0002C580|ExtraTeleport
0x0002C5E0|ExtraOwnership
0x0002C610|ExtraGlobal
0x0002C640|ExtraRank
0x0002C670|ExtraCount
0x0002C6A0|ExtraHealth
0x0002C6D0|ExtraUses
0x0002C7D0|ExtraScale
0x0002C800|ExtraHotKey
0x0002C830|ExtraReferencePointer
0x0002C860|ExtraTresPassPackage
0x0002C8C0|ExtraLeveledItem
0x0002C900|ExtraPoison
0x0002C930|ExtraHeadingTarget
0x0002C9C0|ExtraObjectHealth
0x0002C9F0|ExtraModelSwap
0x0002CA30|ExtraRadius
0x0002CA60|ExtraRadiation
0x0002CA90|ExtraActorCause
0x0002CB30|ExtraActorCause
0x0002CBA0|ExtraAmmo
0x0002CBE0|ExtraPackageData
0x0002CC40|ExtraWeaponModFlags
0x0002CCA0|ExtraWeaponModFlags
0x0002CCC0|ExtraSecuritronFace
0x0002E210|ExtraModelSwap
0x0002E450|ExtraWeaponModFlags
0x0002E650|ExtraModdingItem
0x0002E6D0|ExtraModdingItem
0x0002EC30|ExtraAmmo
0x0002F4E0|?$NiTMap@PAVTESObjectREFR
0x0002F570|?$BSSimpleArray@PAVTESBoundObject
0x0002F7D0|?$BSSimpleArray@VNavMeshPtr
0x0002F800|?$BSSimpleArray@VNavMeshPtr
0x0002F830|?$BSSimpleArray@VNavMeshPtr
0x0002FE10|?$NiTMapBase@V?$DFALL@V?$NiTMapItem@PAVTESObjectREFR
0x0002FEE0|?$NiTMapBase@V?$DFALL@V?$NiTMapItem@PAVTESObjectREFR
0x0002FF80|?$BSSimpleArray@PAVTESBoundObject
0x00030120|ExtraAnim
0x00030200|ExtraDismemberedLimbs
0x000302D0|ExtraDismemberedLimbs
0x00030780|ExtraStartingPosition
0x000308C0|ExtraStartingWorldOrCell
0x00030950|ExtraLight
0x00030CA0|ExtraLock
0x00030DD0|ExtraFollower
0x00030EA0|ExtraFollower
0x00030F30|ExtraGuardedRefData
0x000311F0|ExtraLeveledCreature
0x00031260|ExtraTeleport
0x000313C0|ExtraMapMarker
0x00031520|ExtraAudioMarker
0x00031680|ExtraAudioBuoyMarker
0x00031780|ExtraAction
0x00031890|ExtraContainerChanges
0x000319B0|ExtraOriginalReference
0x00031AE0|ExtraGlobal
0x00031B80|ExtraRank
0x00031C20|ExtraCount
0x00031D10|ExtraHealth
0x00031E20|ExtraUses
0x00031EC0|ExtraTimeLeft
0x00031F60|ExtraCharge
0x00032000|ExtraScript
0x00032040|ExtraScript
0x00032220|ExtraScale
0x000322C0|ExtraGhost
0x000322F0|ExtraWorn
0x00032320|ExtraWornLeft
0x00032350|ExtraCannotWear
0x00032380|ExtraHotKey
0x000323B0|ExtraInfoGeneralTopic
0x000324A0|ExtraInfoGeneralTopic
0x000325B0|ExtraSeed
0x00032650|ExtraPackageStartLocation
0x000326C0|ExtraPackageStartLocation
0x000327E0|ExtraReferencePointer
0x00032810|ExtraPackage
0x00032870|ExtraPackage
0x00032900|ExtraTresPassPackage
0x000329D0|ExtraPlayerCrimeList
0x00032AA0|ExtraPlayerCrimeList
0x00032B50|ExtraPlayerCrimeList
0x00032BE0|ExtraLeveledItem
0x00032C20|ExtraPersistentCell
0x00032C90|ExtraPersistentCell
0x00032CB0|ExtraRagDollData
0x00032D10|ExtraRagDollData
0x00032E60|ExtraEncounterZone
0x00032F00|ExtraUsedMarkers
0x00032F50|ExtraReservedMarkers
0x00033010|ExtraRunOncePacks
0x000330E0|ExtraRunOncePacks
0x00033260|ExtraDistantData
0x00033300|ExtraEnableStateParent
0x000333A0|ExtraEnableStateChildren
0x00033440|ExtraEnableStateChildren
0x000334B0|ExtraRandomTeleportMarker
0x00033530|ExtraLinkedRefChildren
0x000335D0|ExtraLinkedRefChildren
0x00033640|ExtraLinkedRef
0x000336C0|ExtraAshPileRef
0x00033790|ExtraActivateRefChildren
0x00033830|ExtraActivateRefChildren
0x000338B0|ExtraActivateRef
0x00033970|ExtraActivateRef
0x00033CA0|ExtraDecalRefs
0x00034560|ExtraReflectedRefs
0x00034950|ExtraWaterLightRefs
0x00034AF0|ExtraReflectorRefs
0x00034DC0|ExtraLitWaterRefs
0x00034FC0|ExtraMerchantContainer
0x00035040|ExtraLevCreaModifier
0x000351D0|ExtraLastFinishedSequence
0x000352A0|ExtraLastFinishedSequence
0x00035370|ExtraXTarget
0x000353D0|ExtraXTarget
0x00035440|ExtraEmittanceSource
0x000354A0|ExtraEmittanceSource
0x00035510|ExtraMultiBoundRef
0x00035590|ExtraMultiBoundData
0x000355F0|ExtraMultiBoundData
0x00035690|ExtraMultiBound
0x000357A0|ExtraOcclusionPlane
0x00035820|ExtraPortal
0x000358A0|ExtraRoom
0x00035920|ExtraItemDropper
0x00035950|ExtraDroppedItemList
0x000359F0|ExtraDroppedItemList
0x00035A60|ExtraSavedAnimation
0x00035B50|ExtraSavedHavokData
0x00035C40|ExtraFriendHits
0x00035F20|ExtraRefractionProperty
0x00035F80|ExtraRefractionProperty
0x00035FA0|ExtraEditorRefMoveData
0x00036090|ExtraHasNoRumors
0x000360C0|ExtraSound
0x00036180|ExtraSound
0x000361E0|ExtraCreatureAwakeSound
0x000362A0|ExtraCreatureAwakeSound
0x00036300|ExtraCreatureMovementSound
0x000364E0|ExtraWeaponIdleSound
0x00036540|ExtraWeaponAttackSound
0x00036600|ExtraWeaponAttackSound
0x00036660|ExtraActivateLoopSound
0x00036720|ExtraActivateLoopSound
0x00036AC0|ExtraTalkingActor
0x00036B20|ExtraTalkingActor
0x00036BB0|ExtraTalkingActor
0x00036CB0|ExtraFactionChanges
0x00036D80|ExtraFactionChanges
0x00037440|ExtraSayTopicInfoOnceADay
0x00037510|ExtraSayTopicInfoOnceADay
0x000375C0|ExtraSayTopicInfoOnceADay
0x00037690|ExtraSayToTopicInfo
0x000376E0|ExtraSayToTopicInfo
0x00037750|ExtraWaterZoneMap
0x00037970|ExtraIgnoredBySandbox
0x000379A0|ExtraPatrolRefInUseData
0x00037A90|ExtraPatrolRefInUseData
0x00037C40|ExtraFollowerSwimBreadcrumbs
0x00037D10|ExtraFollowerSwimBreadcrumbs
0x000383B0|?$NiTMap@PAVWaterZone
0x000383E0|?$BSMap@PAVTESFaction
0x00038570|?$BSSimpleArray@PAVDismemberedLimb
0x000385A0|?$BSSimpleArray@PAVDismemberedLimb
0x000385C0|?$BSSimpleArray@VCombatTimeStamp
0x000385F0|?$BSSimpleArray@VCombatTimeStamp
0x00038660|?$BSSimpleArray@I$0EAA
0x00038690|?$BSSimpleArray@I$0EAA
0x000386B0|?$NiTMapBase@V?$DFALL@V?$NiTMapItem@PAVWaterZone
0x00038720|?$NiTMap@PAVWaterZone
0x00038780|?$NiTMapBase@V?$DFALL@V?$NiTMapItem@PAVWaterZone
0x00038820|?$BSMapBase@PAVTESFaction
0x000388A0|?$BSMap@PAVTESFaction
0x00038900|?$BSMapBase@PAVTESFaction
0x000391C0|NiAlphaProperty
0x0003BD10|QueuedTexture
0x0003BE60|QueuedTexture
0x0003BEF0|QueuedTexture
0x0003BF80|QueuedTexture
0x0003C6E0|QueuedModel
0x0003C890|QueuedModel
0x0003C960|QueuedModel
0x0003D090|BSStream
0x0003D540|QueuedTreeBillboard
0x0003D5B0|QueuedTreeBillboard
0x0003D850|QueuedTreeModel
0x0003D8F0|QueuedTreeModel
0x0003E0F0|QueuedKF
0x0003E580|QueuedAnimIdle
0x0003E8B0|QueuedReplacementKF
0x0003EAF0|QueuedHead
0x0003EF10|QueuedHelmet
0x0003FD40|QueuedReference
0x00040540|IOTask
0x00040E50|QueuedTree
0x000411D0|QueuedActor
0x00041440|QueuedCharacter
0x00041920|QueuedCreature
0x00041C50|QueuedFileLoad
0x00041D80|QueuedFileLoad
0x00041F80|QueuedFaceGenFile
0x00042130|QueuedFaceGenFile
0x000421D0|BackgroundCloneThread
0x000422C0|BackgroundCloneThread
0x00049090|?$BSTask@_J
0x000490E0|?$BSTask@_J
0x000492C0|?$LockFreeCaseInsensitiveStringMap@PAVModel
0x000496A0|?$LockFreeCaseInsensitiveStringMap@PAVKFModel
0x000497C0|?$LockFreeCaseInsensitiveStringMap@PAVLoadedFile
0x000498E0|LockFreeStringMapIterator@?$LockFreeStringMap@PAVModel
0x00049940|LockFreeMapIterator@?$LockFreeMap@PBDPAVModel
0x00049960|LockFreeStringMapIterator@?$LockFreeStringMap@PAVKFModel
0x000499A0|LockFreeMapIterator@?$LockFreeMap@PBDPAVKFModel
0x000499C0|LockFreeMapIterator@?$LockFreeMap@PAVTESObjectREFR
0x000499E0|LockFreeMapIterator@?$LockFreeMap@PAVAnimIdle
0x00049A00|LockFreeMapIterator@?$LockFreeMap@PAVTESObjectREFR
0x00049C50|?$LockFreeStringMap@PAVModel
0x00049D60|?$LockFreeStringMap@PAVKFModel
0x00049EC0|?$LockFreeStringMap@PAVLoadedFile
0x00049F50|?$LockFreeStringMap@PAVModel
0x00049FA0|?$LockFreeStringMap@PAVKFModel
0x0004A100|?$LockFreeStringMap@PAVLoadedFile
0x0004A3D0|std::logic_error
0x0004A400|std::length_error
0x0004B350|?$LockFreeQueue@V?$NiPointer@VQueuedReference
0x0004B4B0|InterfacedClass
0x0004B500|?$LockFreeQueue@V?$NiPointer@VAttachDistant3DTask
0x0004B750|?$LockFreeMap@PAVTESObjectREFR
0x0004BA10|?$LockFreeMap@PAVAnimIdle
0x0004BBE0|?$LockFreeMap@PAVAnimation
0x0004BE80|?$LockFreeMap@PAVTESObjectREFR
0x0004C1E0|?$LockFreeMap@PBDPAVModel
0x0004C270|?$LockFreeMap@PBDPAVKFModel
0x0004C3F0|?$LockFreeMap@PBDPAVKFModel
0x0004C760|?$LockFreeMap@PAVBSFileEntry
0x0004C920|?$LockFreeMap@PBDPAVLoadedFile
0x0004CAE0|?$LockFreeMap@PBDPAVLoadedFile
0x0004D6C0|std::bad_alloc
0x0004D6F0|std::bad_alloc
0x0004D770|?$LockFreeQueue@V?$NiPointer@VQueuedReference
0x0004D7F0|InterfacedClass
0x0004D840|?$LockFreeQueue@V?$NiPointer@VAttachDistant3DTask
0x0004D8F0|?$LockFreeMap@PAVTESObjectREFR
0x0004D9B0|?$LockFreeMap@PAVAnimIdle
0x0004DA70|?$LockFreeMap@PAVAnimation
0x0004DB30|?$LockFreeMap@PAVTESObjectREFR
0x0004DC50|?$LockFreeMap@PAVBSFileEntry
0x0004DD10|std::bad_alloc
0x0004F440|?$SettingT@VINISettingCollection
0x0004F4F0|?$SettingT@VINISettingCollection
0x0004F600|INISettingCollection
0x0004F650|?$SettingCollectionList@VSetting
0x0004F700|?$SettingCollectionList@VSetting
0x0004FB20|TES
0x000505F0|BSTempNodeManager
0x00050770|TES
0x00058EF0|BSTempNode
0x00058F70|BSTempNode
0x0005CF30|?$SettingT@VINISettingCollection
0x0005CFB0|Setting
0x0005CFE0|?$SettingT@VINISettingCollection
0x0005D060|?$SettingT@VRendererSettingCollection
0x0005D110|?$SettingT@VRendererSettingCollection
0x0005D220|RendererSettingCollection
0x0006FFD0|?$NiTArray@PAVTESObjectCELL
0x00070040|?$NiTPrimitiveArray@PAVTESObjectCELL
0x00070070|?$NiTArray@PAVBGSAddonNode
0x000700A0|?$NiTPrimitiveArray@PAVBGSAddonNode
0x00070110|?$NiTLargeArray@PAVTESForm
0x000701D0|?$NiTLargePrimitiveArray@PAVTESForm
0x000704E0|?$NiTArray@PAVTESObjectCELL
0x00070550|?$NiTArray@PAVBGSAddonNode
0x000744A0|?$NiTPointerMap@IPAVTESFile
0x000744D0|?$NiTMap@IPAVTESFile
0x00074560|?$NiTMapBase@V?$NiTPointerAllocator@I
0x000745D0|?$NiTPointerMap@IPAVTESFile
0x00074630|?$NiTMapBase@V?$NiTPointerAllocator@I
0x00074660|?$NiTMapBase@V?$DFALL@V?$NiTMapItem@IPAVTESFile
0x00074730|?$NiTMapBase@V?$DFALL@V?$NiTMapItem@IPAVTESFile
0x00074760|?$NiTArray@IV?$NiTMallocInterface@I
0x00074790|?$NiTPrimitiveArray@I
0x00074880|?$NiTArray@IV?$NiTMallocInterface@I
0x000748F0|BGSAmmoForm
0x00074D10|BGSBipedModelList
0x00074D40|BGSBipedModelList
0x00075350|BGSDestructibleObjectForm
0x00075380|BGSDestructibleObjectForm
0x00079110|?$BSSimpleArray@PAVNiNode
0x00079140|?$BSSimpleArray@PAVNiNode
0x00079190|?$NiTMap@PAVTESObjectREFR
0x000791F0|?$NiTMapBase@V?$DFALL@V?$NiTMapItem@PAVTESObjectREFR
0x000792C0|?$NiTMapBase@V?$DFALL@V?$NiTMapItem@PAVTESObjectREFR
0x00079790|BGSIdleCollection
0x000797C0|BGSIdleCollection
0x0007A130|BGSMessageIcon
0x0007B4F0|BGSPickupPutdownSounds
0x0007B520|BGSPickupPutdownSounds
0x0007B850|BGSRepairItemList
0x0007B880|BGSRepairItemList
0x0007C700|TESActorBaseData
0x0007C880|TESActorBaseData
0x0007ECB0|TESAIForm
0x0007F9F0|TESAnimation
0x0007FDC0|TESAttackDamageForm
0x0007FDF0|TESAttackDamageForm
0x0007FF70|TESAttributes
0x0007FFA0|TESAttributes
0x000803E0|TESModelRDT
0x00080400|TESBipedModelForm
0x00081680|TESContainer
0x00082C50|TESDescription
0x000830A0|TESEnchantableForm
0x00086930|?$NiTPointerMap@IPAVTESForm
0x00086990|?$NiTMapBase@V?$NiTPointerAllocator@I
0x00086A60|?$NiTMapBase@V?$NiTPointerAllocator@I
0x00086AB0|?$BSTCaseInsensitiveStringMap@PAVTESForm
0x00086C60|?$BSTCaseInsensitiveStringMap@PAVTESForm
0x00086CA0|?$NiTStringTemplateMap@V?$NiTMap@PBDPAVTESForm
0x00086DC0|?$NiTMapBase@V?$DFALL@V?$NiTMapItem@PBDPAVTESForm
0x00086EE0|?$NiTStringMap@PAVTESForm
0x00086F40|?$NiTStringTemplateMap@V?$NiTMap@PBDPAVTESForm
0x00086F70|?$NiTMap@PBDPAVTESForm
0x00086FA0|?$NiTMapBase@V?$DFALL@V?$NiTMapItem@PBDPAVTESForm
0x000871D0|TESHealthForm
0x00087200|TESHealthForm
0x00087420|TESImageSpaceModifiableForm
0x00087650|TESLeveledList
0x000876D0|TESLeveledList
0x00088F50|TESModel
0x00089070|TESModel
0x00089A60|TESModelList
0x00089AE0|TESModelList
0x0008A3D0|TESModelTextureSwap
0x0008A490|TESModelTextureSwap
0x0008B380|?$BSMap@HPAUTEX_SWAP
0x0008B560|TESProduceForm
0x0008B800|TESRaceForm
0x0008BA70|TESReactionForm
0x0008CC50|TESScriptableForm
0x0008CFE0|TESSpellList
0x0008D060|TESSpellList
0x0008E270|TESTexture
0x0008E2E0|TESTexture
0x0008E7A0|TESValueForm
0x0008E7D0|TESValueForm
0x0008EAC0|TESWeightForm
0x0008EAF0|TESWeightForm
0x0008EE70|AnimSequenceSingle
0x0008EF40|AnimSequenceBase
0x0008F0C0|AnimSequenceMultiple
0x0008F1B0|AnimSequenceBase
0x0008F220|AnimSequenceMultiple
0x00090E10|AnimSequenceSingle
0x000965D0|AnimIdle
0x000968B0|NiRefObject
0x00096910|NiRefObject
0x000969B0|AnimIdle
0x0009BAA0|BSAnimGroupSequence
0x0009C050|?$NiTPointerMap@GPAVAnimSequenceBase
0x0009C100|?$NiTMapBase@V?$NiTPointerAllocator@I
0x0009C570|?$NiTMapBase@V?$NiTPointerAllocator@I
0x0009EC80|NiStencilProperty
0x0009ED70|NiStencilProperty
0x0009F1C0|?$BSSimpleArray@VNiPoint3
0x0009F1F0|?$BSSimpleArray@VNiPoint3
0x000A0EB0|BSCullingProcess
0x000A0F60|BSCullingProcess
0x000A3A70|hkpAllRayHitCollector
0x000A3AE0|hkpRayHitCollector
0x000A3B30|hkpRayHitCollector
0x000A4A40|?$SettingT@VRendererSettingCollection
0x000A4BD0|BGSPrimitive
0x000A5280|BGSPrimitivePlane
0x000A9BF0|?$NiTMap@PAVNiTexture
0x000A9C50|?$NiTMapBase@V?$DFALL@V?$NiTMapItem@PAVNiTexture
0x000A9D20|?$NiTMapBase@V?$DFALL@V?$NiTMapItem@PAVNiTexture
0x000A9DE0|?$BSSimpleArray@USCENE_INFO_DATA_STRUCT
0x000A9EF0|?$NiTMapBase@V?$DFALL@V?$NiTMapItem@PAVTESActorBase
0x000A9F60|?$NiTMap@PAVTESActorBase
0x000A9FC0|?$NiTMapBase@V?$DFALL@V?$NiTMapItem@PAVTESActorBase
0x000AA020|?$NiTMap@HH
0x000AA080|?$NiTMapBase@V?$DFALL@V?$NiTMapItem@HH
0x000AA150|?$NiTMapBase@V?$DFALL@V?$NiTMapItem@HH
0x000AA1B0|?$NiTMap@PAVShadowSceneLight
0x000AA210|?$NiTMapBase@V?$DFALL@V?$NiTMapItem@PAVShadowSceneLight
0x000AA2E0|?$NiTMapBase@V?$DFALL@V?$NiTMapItem@PAVShadowSceneLight
0x000AFB20|?$NiTPointerMap@PAVNiObject
0x000AFB50|?$NiTPointerMap@PAVNiObject
0x000AFC20|?$NiTArray@V?$NiPointer@VNiAVObject
0x000AFF00|?$NiTObjectArray@V?$NiPointer@VNiAVObject
0x000AFF30|?$NiTMapBase@V?$NiTPointerAllocator@I
0x000B0000|?$NiTMapBase@V?$NiTPointerAllocator@I
0x000B0030|?$NiTMapBase@V?$NiTPointerAllocator@I
0x000B0100|?$NiTMapBase@V?$NiTPointerAllocator@I
0x000B0480|BSAnimNoteReceiver
0x000B0530|IBSAnimNoteReceiver
0x000B07B0|?$NiTArray@PAUBSAnimNoteReceiverType@BSAnimNoteReceiver
0x000B5040|bhkMouseSpringAction
0x000B50C0|bhkUnaryAction
0x000B50F0|bhkAction
0x000B9950|?$NiTMap@IUVertexDist
0x000B99B0|?$NiTMapBase@V?$DFALL@V?$NiTMapItem@IUVertexDist
0x000B9D30|?$NiTMapBase@V?$DFALL@V?$NiTMapItem@IUVertexDist
0x000B9E00|GridArray
0x000B9E50|GridArray
0x000BA280|GridCellArray
0x000BA400|GridCellArray
0x000D4DE0|?$NiTMap@PAVTESObject
0x000D4E40|?$NiTMapBase@V?$DFALL@V?$NiTMapItem@PAVTESObject
0x000D4F10|?$NiTMapBase@V?$DFALL@V?$NiTMapItem@PAVTESObject
0x000D8FA0|?$NiTMap@PAVNiAVObject
0x000D9000|?$NiTMapBase@V?$DFALL@V?$NiTMapItem@PAVNiAVObject
0x000D90D0|?$NiTMapBase@V?$DFALL@V?$NiTMapItem@PAVNiAVObject
0x000D9100|?$NiTPrimitiveArray@PAD
0x000D91B0|?$NiTArray@PADV?$NiTMallocInterface@PAD
0x000D9210|?$NiTArray@PADV?$NiTMallocInterface@PAD
0x000DE2F0|?$SettingT@VRendererSettingCollection
0x000DE370|?$SettingT@VINIPrefSettingCollection
0x000DE420|?$SettingT@VINIPrefSettingCollection
0x000DE530|INIPrefSettingCollection
0x000DEA80|BSCustomSplatterExtraData
0x000E04E0|BSSplatterExtraData
0x000EBA20|ImageSpaceEffectParam
0x000EBA90|ImageSpaceEffectParam
0x000ED7A0|?$NiTPointerMap@PAVTESObjectREFR
0x000ED7D0|?$NiTPointerMap@PAVTESWaterForm
0x000ED800|?$NiTPointerMap@PAVTESObjectREFR
0x000ED960|?$NiTMapBase@V?$NiTPointerAllocator@I
0x000EDA30|?$NiTMapBase@V?$NiTPointerAllocator@I
0x000EDA60|?$NiTMapBase@V?$NiTPointerAllocator@I
0x000EDB30|?$NiTMapBase@V?$NiTPointerAllocator@I
0x000EDB60|?$NiTMapBase@V?$NiTPointerAllocator@I
0x000EDC30|?$NiTMapBase@V?$NiTPointerAllocator@I
0x000EDC60|?$NiTArray@W4eTextureType@BSTextureManager
0x000EDC90|?$NiTPrimitiveArray@W4eTextureType@BSTextureManager
0x000EDCC0|?$NiTArray@W4FilterMode@NiTexturingProperty
0x000EDCF0|?$NiTPrimitiveArray@W4FilterMode@NiTexturingProperty
0x000EDF70|?$NiTArray@W4eTextureType@BSTextureManager
0x000EDFE0|?$NiTArray@W4FilterMode@NiTexturingProperty
0x000EE050|BGSDecalNode
0x000EE120|BGSDecalNode
0x000EE1E0|BGSDecalNode
0x000EEB00|BSAnimGroupSequence
0x000F0770|TESRegion
0x000F08C0|TESRegion
0x000F1400|TESRegionData
0x000F1460|TESRegionData
0x000F14A0|TESRegionData
0x000F15F0|TESRegionDataGrass
0x000F16C0|TESRegionDataGrass
0x000F1730|TESRegionDataGrass
0x000F1ED0|TESRegionDataImposter
0x000F1F70|TESRegionDataImposter
0x000F2790|TESRegionDataLandscape
0x000F2870|TESRegionDataLandscape
0x000F2930|TESRegionDataLandscape
0x000F3660|TESRegionDataManager
0x000F3CA0|TESRegionDataMap
0x000F3D50|TESRegionDataMap
0x000F3DE0|TESRegionDataMap
0x000F42A0|TESRegionDataSound
0x000F4480|TESRegionDataSound
0x000F5040|TESRegionDataWeather
0x000F5140|TESRegionDataWeather
0x000F5600|TESRegionObjectBase
0x000F5620|TESRegionGrassObject
0x000F5920|TESRegionGrassObject
0x000F5E20|TESRegionGrassObjectList
0x000F64B0|TESRegionList
0x000F8B00|BGSAddonNode
0x000F8BC0|BGSAddonNode
0x000F91B0|BGSAddonNodeSoundHandleExtra
0x000F9270|BGSAddonNodeSoundHandleExtra
0x000F93B0|BGSConstructibleObject
0x000F94B0|BGSConstructibleObject
0x000F9CD0|BGSDebris
0x000F9D90|BGSPreloadable
0x000F9DB0|BGSDebris
0x000FABF0|BGSExplosion
0x000FAD20|BGSExplosion
0x000FBAC0|BGSMovableStatic
0x000FC1B0|BGSPlaceableWater
0x000FC270|BGSPlaceableWater
0x000FCE60|BGSProjectile
0x000FCF80|BGSProjectile
0x000FE260|BGSStaticCollection
0x000FE310|BGSStaticCollection
0x000FE640|BGSTalkingActivator
0x000FE710|BGSTalkingActivator
0x000FF7E0|PathingLocation
0x000FFAA0|BGSTerminal
0x000FFBA0|BGSTerminal
0x001026B0|TESAmmo
0x00102880|TESAmmo
0x00103BD0|TESCasinoChips
0x00103D40|TESCasinoChips
0x00104480|TESCasino
0x00104570|TESCasino
0x00105010|TESCombatStyle
0x001050B0|TESCombatStyle
0x00105C40|TESEffectShader
0x00105D20|TESEffectShader
0x00108450|TESFlora
0x00108510|TESFlora
0x00108E00|TESFurniture
0x00108EE0|TESFurniture
0x00109A10|TESGrass
0x00109CC0|TESGrass
0x0010A5A0|TESKey
0x0010A6A0|TESKey
0x0010A770|TESLevCharacter
0x0010A850|TESLevCharacter
0x0010ADF0|TESLevCreature
0x0010AED0|TESLevCreature
0x0010B400|TESLevItem
0x0010B4C0|TESLevItem
0x0010B8F0|TESLevSpell
0x0010B9B0|TESLevSpell
0x0010C6C0|TESObjectLIGH
0x0010C870|TESObjectLIGH
0x0010E820|TESBoundObject
0x0010E9F0|TESBoundObject
0x0010F6F0|TESBoundAnimObject
0x0010F740|TESBoundAnimObject
0x0010F7A0|TESBoundTreeObject
0x0010F7F0|TESBoundTreeObject
0x0010F8C0|TESObject
0x0010F930|TESObject
0x001104F0|TESObjectACTI
0x00110620|BGSOpenCloseForm
0x00110640|TESObjectACTI
0x00111950|TESObjectANIO
0x00111A10|TESObjectANIO
0x00111E40|TESObjectARMA
0x00111F60|TESObjectARMA
0x001129F0|TESObjectARMO
0x00112BD0|TESObjectARMO
0x00114500|TESObjectBOOK
0x001146D0|TESObjectBOOK
0x00115440|TESObjectCLOT
0x001155B0|TESObjectCLOT
0x00119B20|?$NiTPointerMap@H_N
0x00119B80|?$NiTMapBase@V?$NiTPointerAllocator@I
0x00119C50|?$NiTMapBase@V?$NiTPointerAllocator@I
0x00119CC0|TESObjectIMOD
0x00119E70|TESObjectIMOD
0x0011A6A0|TESObjectMISC
0x0011A840|TESObjectMISC
0x0011B140|TESObjectSTAT
0x0011B200|TESObjectSTAT
0x0011B6E0|TESObjectTREE
0x0011B930|TESModelTree
0x0011B970|TESIconTree
0x0011B9B0|TESTexture1024
0x0011B9D0|TESObjectTREE
0x0011CF00|NiBillboardNode
0x0011D0D0|BSShaderTextureSet
0x0011D770|TESObjectWEAP
0x0011DB00|TESObjectWEAP
0x00125C40|BGSEncounterZone
0x00125CE0|BGSEncounterZone
0x001265C0|BGSLightingTemplate
0x001266F0|BGSLightingTemplate
0x00126B00|LoadedReferenceMap
0x00127770|?$NiTMap@IPAVTESObjectREFR
0x001277D0|?$NiTMapBase@V?$DFALL@V?$NiTMapItem@IPAVTESObjectREFR
0x001278A0|?$NiTMapBase@V?$DFALL@V?$NiTMapItem@IPAVTESObjectREFR
0x00127C00|ExteriorCellLoaderTask
0x00127C70|ExteriorCellLoaderTask
0x00128800|LockFreeMapIterator@?$LockFreeMap@IV?$NiPointer@VExteriorCellLoaderTask
0x001289E0|?$LockFreeMap@IV?$NiPointer@VExteriorCellLoaderTask
0x00128BE0|?$LockFreeMap@IV?$NiPointer@VExteriorCellLoaderTask
0x00129490|ImageSpaceModifierInstanceForm
0x001295C0|ImageSpaceModifierInstance
0x00129690|ImageSpaceModifierInstanceForm
0x00129700|ImageSpaceModifierInstanceForm
0x00129FB0|ImageSpaceModifierInstanceDOF
0x0012A290|ImageSpaceModifierInstanceRB
0x0012A590|ImageSpaceModifierInstanceDRB
0x0012A8B0|ImageSpaceModifierInstanceTemp
0x0012AB80|TESClimate
0x0012B310|TESImageSpace
0x0012B3B0|TESImageSpace
0x0012B8F0|TESImageSpaceModifier
0x0012BBD0|TESImageSpaceModifier
0x00133120|TESObjectLAND
0x00133240|TESChildCell
0x00133260|TESObjectLAND
0x00137D40|BSPackedAdditionalGeometryData
0x00138D70|hkpMoppCode
0x00138E10|hkReferencedObject
0x00138E30|hkBaseObject
0x00138EF0|hkReferencedObject
0x00138F20|hkBaseObject
0x0013A000|NiBinaryExtraData
0x00140780|?$NiTPointerMap@IPAPAVTESGrassAreaParam
0x00140800|?$NiTArray@PAVNiAGDDataBlock@NiAdditionalGeometryData
0x00140830|?$NiTPrimitiveArray@PAVNiAGDDataBlock@NiAdditionalGeometryData
0x00140940|?$NiTMapBase@V?$NiTPointerAllocator@I
0x00140A10|?$NiTMapBase@V?$NiTPointerAllocator@I
0x00140B00|?$NiTArray@PAVNiAGDDataBlock@NiAdditionalGeometryData
0x00140C50|TESLandTexture
0x001415B0|TESObjectCELL
0x00141810|TESObjectCELL
0x0014AA80|CheckWithinMultiBoundTask
0x00153540|hkpWorldCinfo
0x00154590|TESWindListener
0x00154650|hkpEntityListener
0x00158D40|?$NiTMap@PAVTESObjectREFR
0x00158D70|?$NiTMap@PAVTESForm
0x00158DA0|?$NiTMap@PAVTESObjectREFR
0x00158EB0|?$NiTMapBase@V?$DFALL@V?$NiTMapItem@PAVTESObjectREFR
0x00158F80|?$NiTMapBase@V?$DFALL@V?$NiTMapItem@PAVTESObjectREFR
0x00158FB0|?$NiTMapBase@V?$DFALL@V?$NiTMapItem@PAVTESForm
0x00159080|?$NiTMapBase@V?$DFALL@V?$NiTMapItem@PAVTESForm
0x001590B0|?$NiTMapBase@V?$DFALL@V?$NiTMapItem@PAVTESObjectREFR
0x00159230|?$NiTMapBase@V?$DFALL@V?$NiTMapItem@PAVTESObjectREFR
0x00159460|?$NiTArray@PAVTESObjectREFR
0x001594B0|?$NiTPrimitiveArray@PAVTESObjectREFR
0x001595E0|?$BSScrapMap@PAVTESObjectREFR
0x001596A0|?$BSMapBase@PAVTESObjectREFR
0x001596E0|?$BSScrapMap@PAVTESObjectREFR
0x00159AD0|?$NiTArray@PAVTESObjectREFR
0x00159B40|?$BSMapBase@PAVTESObjectREFR
0x00159CC0|?$NiTMap@PAVTESObjectREFR
0x00159D20|?$NiTMapBase@V?$DFALL@V?$NiTMapItem@PAVTESObjectREFR
0x00159DF0|?$NiTMapBase@V?$DFALL@V?$NiTMapItem@PAVTESObjectREFR
0x00159E50|?$NiTMap@PAVNiAVObject
0x00159EB0|?$NiTMapBase@V?$DFALL@V?$NiTMapItem@PAVNiAVObject
0x00159FF0|?$NiTMapBase@V?$DFALL@V?$NiTMapItem@PAVNiAVObject
0x0015A430|TESObjectREFR
0x0016D380|bhkRigidBody
0x0016D410|bhkEntity
0x0016D440|bhkWorldObject
0x0016D580|bhkCollisionObject
0x0016D5F0|bhkWaterPhantomCallbackShape
0x0016D610|hkpPhantomCallbackShape
0x0016D640|hkpShape
0x0016E2D0|bhkSimpleShapePhantom
0x0016E370|bhkShapePhantom
0x0016E3E0|bhkPhantom
0x0016E550|bhkAabbPhantom
0x0016E610|bhkBoxShape
0x0016E690|bhkConvexShape
0x0016E6C0|bhkSphereRepShape
0x0016E6F0|bhkShape
0x0016E950|bhkSphereShape
0x0016F690|bhkAcousticSpacePhantomCallbackShape
0x0017A8D0|ExtraAnimNoteReceiver
0x0017A960|BSAnimNoteReceiver
0x0017A9D0|IBSAnimNoteReceiver
0x0017C440|?$BSMap@PAVTESObjectREFR
0x0017C470|?$NiTPointerMap@PAVTESObjectREFR
0x0017C700|?$NiTPrimitiveArray@PAUBSAnimNoteReceiverType@BSAnimNoteReceiver
0x0017C7E0|?$NiTMapBase@V?$NiTPointerAllocator@I
0x0017C930|?$NiTMapBase@V?$NiTPointerAllocator@I
0x0017C960|?$NiTMapBase@V?$NiTPointerAllocator@I
0x0017CA30|?$NiTMapBase@V?$NiTPointerAllocator@I
0x0017CB70|?$NiTArray@PAUBSAnimNoteReceiverType@BSAnimNoteReceiver
0x0017EBA0|TESWaterForm
0x0017EE10|TESWaterForm
0x001807F0|TESWeather
0x001808E0|TESWeather
0x00181FD0|?$TESImageSpaceModifiableCountForm@$05
0x00182C20|TESWorldSpace
0x00182E30|TESWorldSpace
0x00188FA0|?$NiTPointerMap@IPAV?$BSSimpleList@PAVTESObjectREFR
0x00188FD0|?$NiTMap@PAVTESFile
0x00189000|?$NiTPointerMap@HPAVTESObjectCELL
0x001890C0|?$NiTMapBase@V?$NiTPointerAllocator@I
0x00189190|?$NiTMapBase@V?$NiTPointerAllocator@I
0x001891C0|?$NiTMapBase@V?$DFALL@V?$NiTMapItem@PAVTESFile
0x00189290|?$NiTMapBase@V?$DFALL@V?$NiTMapItem@PAVTESFile
0x001892C0|?$NiTMapBase@V?$NiTPointerAllocator@I
0x00189390|?$NiTMapBase@V?$NiTPointerAllocator@I
0x001898C0|BGSAcousticSpace
0x00189960|BGSAcousticSpace
0x0018A380|BGSCameraPath
0x0018A450|BGSCameraPath
0x0018B3F0|NiFormArray
0x0018BC00|?$NiTArray@PAVBGSCameraPath
0x0018BC30|?$NiTPrimitiveArray@PAVBGSCameraPath
0x0018BCC0|?$NiTArray@PAVBGSCameraPath
0x0018BD30|BGSCameraShot
0x0018BE90|BGSCameraShot
0x0018D760|BGSDefaultObjectManager
0x0018D820|BGSDefaultObjectManager
0x0018DB40|BGSImpactData
0x0018DC10|BGSImpactData
0x0018E810|BGSImpactDataSet
0x0018F820|?$BSMap@PAVBGSImpactData
0x0018F880|?$BSMapBase@PAVBGSImpactData
0x0018F960|?$BSMapBase@PAVBGSImpactData
0x00190210|BGSMenuIcon
0x001902D0|BGSMenuIcon
0x00190530|BGSMessage
0x00190610|BGSMessage
0x00191200|BGSMusicType
0x001912D0|TESSoundFile
0x00191320|BGSMusicType
0x00191B70|BGSRadiationStage
0x001922E0|BGSTextureSet
0x001923C0|BGSTextureSet
0x00195310|MediaLocationController
0x001960A0|MediaLocationController
0x00197610|MediaSet
0x001978B0|MediaSet
0x00199C40|TESAmmoEffect
0x00199D00|TESAmmoEffect
0x0019A370|TESCaravanCard
0x0019A4F0|TESCaravanCard
0x0019AE60|TESCaravanMoney
0x0019AFC0|TESCaravanMoney
0x0019B880|TESCaravanDeck
0x0019B940|TESCaravanDeck
0x0019CF00|hkpClosestRayHitCollector
0x001A6320|TESGlobal
0x001A63F0|TESGlobal
0x001A66E0|TESLoadScreen
0x001A67E0|TESLoadScreen
0x001A7160|TESLoadScreenType
0x001A77B0|TESRecipeCategory
0x001A78A0|TESRecipeCategory
0x001A7C50|TESRecipe
0x001A7D40|TESRecipe
0x001D8AF0|MobDialogueFlagResetter@?1??ResetDialogueFlags@Script
0x001D8B10|MobIterOperator
0x001E02E0|?$NiTArray@V?$NiPointer@VNiTexture
0x001E0310|?$NiTObjectArray@V?$NiPointer@VNiTexture
0x001E0340|?$NiTArray@PAVTESModel
0x001E0370|?$NiTPrimitiveArray@PAVTESModel
0x001E03A0|?$NiTArray@PAVTESTexture
0x001E0430|?$NiTPrimitiveArray@PAVTESTexture
0x001E0460|?$NiTArray@PBDV?$NiTMallocInterface@PBD
0x001E0490|?$NiTPrimitiveArray@PBD
0x001E04C0|?$BSSimpleArray@PAVTESObjectREFR
0x001E04F0|?$BSSimpleArray@PAVTESObjectREFR
0x001E0510|?$BSSimpleArray@PBVNavMeshInfo
0x001E0540|?$BSSimpleArray@PBVNavMeshInfo
0x001E0560|?$BSSimpleArray@PAVTESNPC
0x001E0590|?$BSSimpleArray@PAVTESNPC
0x001E08E0|?$NiTArray@V?$NiPointer@VNiTexture
0x001E0950|?$NiTArray@PAVTESModel
0x001E09C0|?$NiTArray@PAVTESTexture
0x001E0A30|?$NiTArray@PBDV?$NiTMallocInterface@PBD
0x001E2B70|TESSound
0x001E2CA0|TESSound
0x001E3BE0|TESModelPSA
0x001E3C60|BGSBodyPart
0x001E4AF0|BGSBodyPartData
0x001E4BC0|BGSBodyPartData
0x001E6420|BGSEntryPointFunctionData
0x001E6470|BGSEntryPointFunctionData
0x001E64B0|BGSEntryPointFunctionDataTwoValue
0x001E6510|BGSEntryPointFunctionDataLeveledList
0x001E6540|BGSEntryPointFunctionDataActivateChoice
0x001E6600|BGSEntryPointFunctionDataActivateChoice
0x001E72C0|BGSHeadPart
0x001E73A0|BGSHeadPart
0x001E7A90|BGSIdleMarker
0x001E7B40|BGSIdleMarker
0x001E9530|BGSPerkEntry
0x001E9590|BGSPerkEntry
0x001E9800|BGSQuestPerkEntry
0x001E9BD0|BGSAbilityPerkEntry
0x001E9F60|BGSEntryPointPerkEntry
0x001EA000|BGSEntryPointPerkEntry
0x001EAAB0|BGSPerk
0x001EABB0|BGSPerk
0x001EC090|BGSQuestObjective
0x001EC140|BGSQuestObjective
0x001ED680|BGSRagdoll
0x001EDC30|BGSRagdoll
0x001EEDE0|?$BSSimpleArray@PBD$0EAA
0x001EEE10|?$BSSimpleArray@PBD$0EAA
0x001EEE30|?$BSSimpleArray@F$0EAA
0x001EEE60|?$BSSimpleArray@F$0EAA
0x001EEFC0|?$BSSimpleArray@UFootIK_Leg_DATA@FootIK_DATA
0x001EEFF0|?$BSSimpleArray@UFootIK_Leg_DATA@FootIK_DATA
0x001EF1A0|?$BSSimpleArray@ULookIK_Head_DATA@LookIK_DATA
0x001EF1D0|?$BSSimpleArray@ULookIK_Head_DATA@LookIK_DATA
0x001EF380|?$BSSimpleArray@UGrabIK_Arm_DATA@GrabIK_DATA
0x001EF3B0|?$BSSimpleArray@UGrabIK_Arm_DATA@GrabIK_DATA
0x001EFFC0|BGSVoiceType
0x001F00D0|BGSVoiceType
0x001F2150|Reset3DMobIterator
0x001F21C0|TESAnimGroup
0x001F22D0|TESAnimGroup
0x001F4E00|TESChallenge
0x001F4F10|TESChallenge
0x001F6610|TESClass
0x001F7230|TESCreature
0x001F78E0|ActorValueOwner
0x001FC050|TESEyes
0x001FC120|TESEyes
0x001FC680|TESFaction
0x001FC760|TESFaction
0x001FDAA0|TESHair
0x001FDB90|TESHair
0x001FE040|TESIdleForm
0x00200AD0|?$BSTCaseInsensitiveStringMap@PAVIDLE_ANIM_ROOT
0x00200B00|?$BSTCaseInsensitiveStringMap@PAVIDLE_ANIM_ROOT
0x00200D10|?$NiTPrimitiveArray@PAVTESIdleForm
0x00200D90|?$NiTStringTemplateMap@V?$NiTMap@PBDPAVIDLE_ANIM_ROOT
0x00200EB0|?$NiTMapBase@V?$DFALL@V?$NiTMapItem@PBDPAVIDLE_ANIM_ROOT
0x00200FD0|?$NiTStringMap@PAVIDLE_ANIM_ROOT
0x00201000|?$NiTArray@PAVTESIdleForm
0x002010A0|?$NiTStringTemplateMap@V?$NiTMap@PBDPAVIDLE_ANIM_ROOT
0x002010D0|?$NiTMap@PBDPAVIDLE_ANIM_ROOT
0x00201100|?$NiTMapBase@V?$DFALL@V?$NiTMapItem@PBDPAVIDLE_ANIM_ROOT
0x00201170|TESNPC
0x002013C0|TESNPC
0x0020B9B0|?$NiTArray@PAUFaceGenUndo
0x0020B9E0|?$NiTPrimitiveArray@PAUFaceGenUndo
0x0020BAC0|?$BSSimpleArray@PAVBGSHeadPart
0x0020BAE0|?$BSScrapArray@PAVBGSHeadPart
0x0020BD20|?$NiTArray@PAUFaceGenUndo
0x0020BDD0|?$BSSimpleArray@PAVBGSHeadPart
0x0020C660|TESQuest
0x00210210|TESRace
0x002104A0|BGSTextureModel
0x002104C0|TESRace
0x002154B0|TESReputation
0x00217F40|TESSkill
0x0021BCF0|?$NiTLargeArray@PAVTESTopicInfo
0x0021CCD0|TESTopicInfo
0x0021F580|hkpEntityListener
0x0021FA10|?$NiTMap@PAVTESObjectREFR
0x0021FA70|?$NiTMapBase@V?$DFALL@V?$NiTMapItem@PAVTESObjectREFR
0x0021FAE0|?$NiTMap@PAVTESObjectREFR
0x0021FC50|ZoneEntry
0x0021FE70|TrapTargetEntry
0x00221D10|CellMopp
0x00221DC0|CellMopp
0x00222310|bhkTriSampledHeightFieldBvTreeShape
0x00222390|bhkBvTreeShape
0x002227E0|?$NiTObjectArray@V?$NiPointer@VbhkRigidBody
0x00222870|?$NiTArray@V?$NiPointer@VbhkRigidBody
0x00223430|FOCollisionListener
0x002234B0|bhkContactListener
0x002234D0|bhkContactListener
0x002234F0|hkpContactListener
0x00223570|hkpContactListener
0x002235C0|FOCollisionListener
0x00224150|FOIslandActivationListener
0x002241C0|hkpIslandActivationListener
0x00224210|hkpIslandActivationListener
0x00224230|FOIslandActivationListener
0x00224DE0|HavokStreambufFactory
0x00224F90|HavokError
0x00225B40|HavokError
0x00225FC0|hkStreamReader
0x00226060|HavokFileStreambufReader
0x002261A0|HavokFileStreambufWriter
0x00226280|HavokFileStreambufWriter
0x00226FD0|LoadedAreaBound
0x002270F0|LoadedAreaBound
0x002299F0|?$NiTMap@PAVbhkRigidBody
0x00229BA0|?$NiTMapBase@V?$DFALL@V?$NiTMapItem@PAVbhkRigidBody
0x00229E50|?$NiTMap@PAVbhkRigidBody
0x00229EB0|?$NiTMapBase@V?$DFALL@V?$NiTMapItem@PAVbhkRigidBody
0x00229FD0|?$BSSimpleArray@PAVbhkRigidBody
0x0022A000|?$BSSimpleArray@PAVbhkRigidBody
0x0022A190|SpecificItemCollector
0x0022A220|hkpClosestRayHitCollector
0x0022A460|TESArrowTargetListener
0x0022A480|bhkArrowTargetListener
0x0022C6E0|?$BSList@PAUTriggerEvent@TriggerEntry
0x0022C750|?$BSPointerListBase@PAUTriggerEvent@TriggerEntry
0x0022D350|hkpAllCdBodyPairCollector
0x0022D3C0|hkpCdBodyPairCollector
0x0022D420|hkpCdBodyPairCollector
0x0022D5C0|TESTrapListener
0x0022D680|bhkTrapListener
0x0022D6F0|hkpPhantomListener
0x0022D740|hkpPhantomListener
0x0022D840|TrapEntry
0x0022D8A0|TESTrapListener
0x0022DFA0|?$BSListBase@PAUTriggerEvent@TriggerEntry
0x0022E040|?$BSListBase@PAUTriggerEvent@TriggerEntry
0x0022E590|WaterTargetEntry
0x0022E630|TESWaterListener
0x0022E780|TESWaterListener
0x0022E860|TESWaterListener
0x00231230|WaterZone
0x00231750|?$BSSimpleArray@PBVhkpCollidable
0x00231780|?$BSSimpleArray@PBVhkpCollidable
0x00231850|?$NiTMap@PAVhkpRigidBody
0x002318B0|?$NiTMapBase@V?$DFALL@V?$NiTMapItem@PAVhkpRigidBody
0x00231980|?$NiTMapBase@V?$DFALL@V?$NiTMapItem@PAVhkpRigidBody
0x00232EC0|BlendSettingCollection
0x00232EE0|?$SettingT@VBlendSettingCollection
0x00232F90|?$SettingT@VBlendSettingCollection
0x00233000|?$SettingT@VBlendSettingCollection
0x00233080|Atmosphere
0x00233190|Atmosphere
0x00233CC0|Clouds
0x00233E30|Clouds
0x00234A70|Moon
0x00234CE0|Moon
0x00236A40|Precipitation
0x00236B20|Precipitation
0x00239D40|Sky
0x0023A0B0|Sky
0x0023F830|SkyObject
0x0023F8D0|SkyObject
0x0023FA10|SkyTask
0x0023FC70|Stars
0x002404F0|Sun
0x002406A0|Sun
0x002442B0|?$BSSimpleArray@UFollowerDist
0x002442E0|?$BSSimpleArray@UFollowerDist
0x00249680|BSFaceGenAnimationData
0x00249CE0|BSFaceGenAnimationData
0x0024CCF0|BSFaceGenImage
0x0024CE20|BSFaceGenImage
0x0024EA80|BSFaceGenKeyframe
0x0024EAE0|BSFaceGenKeyframe
0x0024EB60|BSFaceGenKeyframeMultiple
0x0024EC10|BSFaceGenKeyframeMultiple
0x0024FD80|BSFaceGenModelMap
0x0024FE10|BSFaceGenModelMap
0x00250100|BSFaceGenModelMap::Entry
0x00258AA0|?$BSTCaseInsensitiveStringMap@V?$NiPointer@VEntry@BSFaceGenModelMap
0x00258BB0|?$BSTCaseInsensitiveStringMap@V?$NiPointer@VEntry@BSFaceGenModelMap
0x00258D50|?$NiTStringTemplateMap@V?$NiTMap@PBDV?$NiPointer@VEntry@BSFaceGenModelMap
0x00258E70|?$NiTMapBase@V?$DFALL@V?$NiTMapItem@PBDV?$NiPointer@VEntry@BSFaceGenModelMap
0x00259230|?$NiTStringMap@V?$NiPointer@VEntry@BSFaceGenModelMap
0x00259330|?$NiTStringTemplateMap@V?$NiTMap@PBDV?$NiPointer@VEntry@BSFaceGenModelMap
0x00259460|?$NiTMap@PBDV?$NiPointer@VEntry@BSFaceGenModelMap
0x00259490|?$NiTMapBase@V?$DFALL@V?$NiTMapItem@PBDV?$NiPointer@VEntry@BSFaceGenModelMap
0x00259AE0|BSFaceGenModel
0x00259B50|BSFaceGenModel
0x0025BE60|BSFaceGenModelExtraData
0x00260690|BSFaceGenMorph
0x002606E0|BSFaceGenMorph
0x00260700|BSFaceGenMorphDifferential
0x00260820|BSFaceGenMorphDifferential
0x00260970|BSFaceGenMorphStatistical
0x00260A50|BSFaceGenMorphStatistical
0x00260BA0|BSFaceGenMorphDataHead
0x00261D10|BSFaceGenMorphData
0x00261D40|BSFaceGenMorphData
0x00261DE0|BSFaceGenMorphDataHead
0x002621D0|BSFaceGenMorphDataHair
0x002623D0|BSFaceGenMorphDataHair
0x002624C0|BSFaceGenBaseMorphExtraData
0x00262720|BSFaceGenBaseMorphExtraData
0x002628C0|BSFaceGenNiNode
0x00262B00|BSFaceGenNiNode
0x00265C50|?$NiTPointerMap@PAVTESObjectTREE
0x00265CB0|?$LockFreeMap@PAVTESObjectREFR
0x00265F50|?$NiTMapBase@V?$NiTPointerAllocator@I
0x00266020|?$NiTMapBase@V?$NiTPointerAllocator@I
0x002661E0|?$LockFreeMap@PAVTESObjectREFR
0x00266650|BSTreeModel
0x00266800|BSTreeModel
0x0026B120|BSTreeNode
0x0026B640|bhkCollisionObject
0x0026B6C0|BSTreeNode
0x0026D3D0|bhkPCollisionObject
0x0026D490|bhkMultiSphereShape
0x0026D590|bhkTransformShape
0x0026D6A0|bhkCapsuleShape
0x0026FE40|ActorValueInfo
0x00270080|ActorValueInfo
0x002707C0|TESPackage
0x002708B0|TESPackage
0x0027ACF0|TESAmbushPackageData
0x0027AD20|TESPackageData
0x0027AD70|TESPackageData
0x0027ADC0|TESAmbushPackageData
0x0027B170|TESDialoguePackageData
0x0027B210|TESDialoguePackageData
0x0027B280|TESDialoguePackageData
0x0027B950|TESEatPackageData
0x0027B9B0|TESEatPackageData
0x0027BBF0|TESEscortPackageData
0x0027BC60|TESEscortPackageData
0x0027BCA0|TESEscortPackageData
0x0027BFD0|TESFollowPackageData
0x0027C040|TESFollowPackageData
0x0027C080|TESFollowPackageData
0x0027C3F0|TESPatrolPackageData
0x0027C450|TESPatrolPackageData
0x0027C490|TESPatrolPackageData
0x0027C770|TESUseItemPackageData
0x0027C7D0|TESUseItemPackageData
0x0027CAA0|TESUseWeaponPackageData
0x0027CB70|TESUseWeaponPackageData
0x0027CC20|TESUseWeaponPackageData
0x0027CCD0|TESUseWeaponPackageData
0x0027D8F0|UseWeaponActorPackageData
0x0027D920|ActorPackageData
0x0027D970|ActorPackageData
0x0027D9C0|UseWeaponActorPackageData
0x002824C0|NiTask
0x00282860|BSTempEffect
0x00282B00|BSTempEffectDebris
0x00282C40|BSTempEffectDebris
0x00282F40|BSTempEffectDebris
0x002836F0|?$BSList@PAVBSTempEffectDebris
0x00283760|?$BSPointerListBase@PAVBSTempEffectDebris
0x002837B0|?$BSListBase@PAVBSTempEffectDebris
0x00283850|?$BSListBase@PAVBSTempEffectDebris
0x00283900|BSTempEffectGeometryDecal
0x00288470|BSDismemberSkinInstance
0x00288610|BSDismemberSkinInstance
0x00288770|BSTempEffectGeometryDecal
0x00288FC0|BSTempEffectParticle
0x00289720|BSTempEffectParticle
0x0028AB80|?$NiTArray@PAVNiAVObject
0x0028ABB0|?$NiTPrimitiveArray@PAVNiAVObject
0x0028AC40|?$NiTArray@PAVNiAVObject
0x0028AD20|BSTempEffectSimpleDecal
0x0028B080|BSTempEffectSimpleDecal
0x0028EB00|?$BSSimpleArray@PAUDecalVertex
0x0028EB30|?$BSSimpleArray@PAUDecalVertex
0x0028EB80|NavMesh
0x0028ED70|NavMesh
0x002916F0|?$NiTMap@GV?$NiPointer@VObstacleData
0x00291720|?$NiTMap@GUNavMeshPOVData
0x002917D0|?$BSSimpleArray@G$0EAA
0x00291800|?$BSSimpleArray@G$0EAA
0x002918C0|?$NiTMapBase@V?$DFALL@V?$NiTMapItem@GV?$NiPointer@VObstacleData
0x00291A00|?$NiTMapBase@V?$DFALL@V?$NiTMapItem@GV?$NiPointer@VObstacleData
0x00291A60|?$BSSimpleArray@UNavMeshVertex
0x00291A90|?$BSSimpleArray@UNavMeshVertex
0x00291B10|?$BSSimpleArray@UNavMeshTriangle
0x00291B40|?$BSSimpleArray@UNavMeshTriangle
0x00291BC0|?$BSSimpleArray@UEdgeExtraInfo
0x00291BF0|?$BSSimpleArray@UEdgeExtraInfo
0x00291D40|?$BSSimpleArray@UNavMeshTriangleDoorPortal
0x00291D70|?$BSSimpleArray@UNavMeshTriangleDoorPortal
0x00291D90|?$BSSimpleArray@UNavMeshClosedDoorInfo
0x00291DC0|?$BSSimpleArray@UNavMeshClosedDoorInfo
0x00291DE0|?$NiTMapBase@V?$DFALL@V?$NiTMapItem@GUNavMeshPOVData
0x00291F00|?$NiTMapBase@V?$DFALL@V?$NiTMapItem@GUNavMeshPOVData
0x00291F60|?$BSSimpleArray@V?$NiPointer@VObstacleUndoData
0x00291F90|?$BSSimpleArray@V?$NiPointer@VObstacleUndoData
0x00291FB0|?$BSSimpleArray@VNavMeshStaticAvoidNode
0x00291FE0|?$BSSimpleArray@VNavMeshStaticAvoidNode
0x00294DE0|?$BSSimpleArray@H$0EAA
0x00294E10|?$BSSimpleArray@H$0EAA
0x0029AD40|?$NiTMap@UFastNavMeshVertHandle
0x0029ADA0|?$BSSimpleArray@G$0EAA
0x0029AEE0|?$BSSimpleArray@PAVNavMeshInfo
0x0029AF10|?$BSSimpleArray@PAVNavMeshInfo
0x0029AF30|?$BSSimpleArray@UNavMeshEdgeHandle
0x0029AF60|?$BSSimpleArray@UNavMeshEdgeHandle
0x0029B1D0|?$BSSimpleArray@_N$0EAA
0x0029B2C0|?$BSSimpleArray@UFastNavMeshEdgeHandle
0x0029B2F0|?$BSSimpleArray@UFastNavMeshEdgeHandle
0x0029B360|?$NiTMapBase@V?$DFALL@V?$NiTMapItem@UFastNavMeshVertHandle
0x0029B730|?$NiTMapBase@V?$DFALL@V?$NiTMapItem@UFastNavMeshVertHandle
0x0029CD10|?$BSSimpleArray@UNavMeshBoundsTriangle@NavMeshBounds
0x0029CD40|?$BSSimpleArray@UNavMeshBoundsTriangle@NavMeshBounds
0x0029E110|NavMeshPOVSearch
0x0029E200|NavMeshPOVSearch
0x002A14B0|?$BSSimpleArray@PAUNavMeshPOV
0x002A14E0|?$BSSimpleArray@PAUNavMeshPOV
0x002A1500|?$AStarSearch@VNavMeshPOVSearchNode
0x002A15B0|?$AStarSearch@VNavMeshPOVSearchNode
0x002A16D0|?$BSSimpleArray@V?$BSSimpleArray@PAUNavMeshPOV
0x002A1700|?$BSSimpleArray@V?$BSSimpleArray@PAUNavMeshPOV
0x002A1860|?$BSSimpleArray@VNavMeshPOVSearchNode
0x002A1890|?$BSSimpleArray@VNavMeshPOVSearchNode
0x002A18B0|?$BSSimpleArray@VNavMeshPOVSearchLink
0x002A18E0|?$BSSimpleArray@VNavMeshPOVSearchLink
0x002A19B0|?$BSSimpleArray@V?$BSSimpleArray@UFastNavMeshVertHandle
0x002A19E0|?$BSSimpleArray@V?$BSSimpleArray@UFastNavMeshVertHandle
0x002A1A00|?$BSSimpleArray@URemoveIndex
0x002A1A30|?$BSSimpleArray@URemoveIndex
0x002A2500|?$BSScrapArray@PAV?$AStarNode@VNavMeshPOVSearchNode
0x002A2580|?$BSSimpleArray@PAV?$AStarNode@VNavMeshPOVSearchNode
0x002A25D0|?$BSScrapArray@PAV?$AStarNode@VNavMeshPOVSearchNode
0x002A2850|?$BSSimpleArray@PAV?$AStarNode@VNavMeshPOVSearchNode
0x002A2880|?$BSSimpleArray@UFastNavMeshVertHandle
0x002A2900|?$BSSimpleArray@UFastNavMeshVertHandle
0x002A6290|?$NiTMap@PAVNavMesh
0x002A62C0|?$NiTMap@PAVTESObjectCELL
0x002A6370|?$NiTMapBase@V?$DFALL@V?$NiTMapItem@PAVNavMesh
0x002A64B0|?$NiTMapBase@V?$DFALL@V?$NiTMapItem@PAVNavMesh
0x002A64E0|?$NiTMapBase@V?$DFALL@V?$NiTMapItem@PAVTESObjectCELL
0x002A65B0|?$NiTMapBase@V?$DFALL@V?$NiTMapItem@PAVTESObjectCELL
0x002A65E0|?$BSSimpleArray@VNiPoint3
0x002A6610|?$BSSimpleArray@VNiColorA
0x002A6640|?$BSSimpleArray@VNiColorA
0x002A67A0|?$BSSimpleArray@E$0EAA
0x002A67D0|?$BSSimpleArray@E$0EAA
0x002A6B00|NavMeshSearch
0x002A7B10|?$AStarSearch@UNavMeshSearchNode
0x002A7BC0|?$AStarSearch@UNavMeshSearchNode
0x002A7F60|?$BSSimpleArray@PAVNavMeshStaticAvoidNode
0x002A7F90|?$BSSimpleArray@PAVNavMeshStaticAvoidNode
0x002A8530|?$BSScrapArray@PAV?$AStarNode@UNavMeshSearchNode
0x002A85B0|?$BSSimpleArray@PAV?$AStarNode@UNavMeshSearchNode
0x002A8600|?$BSScrapArray@PAV?$AStarNode@UNavMeshSearchNode
0x002A8A00|?$BSSimpleArray@PAV?$AStarNode@UNavMeshSearchNode
0x002A8B40|NavMeshSearchClosePoint
0x002A92C0|NavMeshSearchFlee
0x002A9CB0|NavMeshSearchHide
0x002A9D60|NavMeshSearchHide
0x002AA710|NavMeshSearchLOS
0x002AB410|NavMeshSearchMaxCost
0x002AB480|NavMeshSearchMaxCost
0x002ABBB0|?$BSScrapArray@UNavMeshSearchNode
0x002ABC30|?$BSSimpleArray@UNavMeshSearchNode
0x002ABC50|?$BSScrapArray@UNavMeshSearchNode
0x002ABD40|?$BSScrapArray@UNavMeshSearchLink
0x002ABDC0|?$BSSimpleArray@UNavMeshSearchLink
0x002ABDE0|?$BSScrapArray@UNavMeshSearchLink
0x002ABF60|?$BSSimpleArray@UNavMeshSearchNode
0x002ABF90|?$BSSimpleArray@UNavMeshSearchLink
0x002ABFC0|?$BSSimpleArray@VPathingLocation
0x002AC0E0|NavMeshSearchSLPoint
0x002AC1B0|NavMeshSearchSLPoint
0x002AD1B0|?$BSScrapArray@UNavMeshSearchNode
0x002AD250|?$BSScrapArray@UNavMeshSearchLink
0x002AD4C0|PathSmootherPOVSearch
0x002AD690|PathSmootherPOVSearch
0x002B4220|?$BSScrapArray@PAV?$AStarNode@VPathSmootherPOVNode
0x002B42A0|?$BSSimpleArray@PAV?$AStarNode@VPathSmootherPOVNode
0x002B42F0|?$BSScrapArray@PAV?$AStarNode@VPathSmootherPOVNode
0x002B4670|?$BSSimpleArray@PAV?$AStarNode@VPathSmootherPOVNode
0x002B5C30|NavMeshInfoMap
0x002B8250|?$NiTMapBase@V?$DFALL@V?$NiTMapItem@IPAV?$BSSimpleArray@PAVNavMeshInfo
0x002B8340|NavMeshInfoSearch
0x002B8420|NavMeshInfoSearch
0x002B8D90|?$AStarSearch@PBVNavMeshInfo
0x002B8E40|?$AStarSearch@PBVNavMeshInfo
0x002B9590|?$BSScrapArray@PAV?$AStarNode@PBVNavMeshInfo
0x002B9610|?$BSSimpleArray@PAV?$AStarNode@PBVNavMeshInfo
0x002B9660|?$BSScrapArray@PAV?$AStarNode@PBVNavMeshInfo
0x002B9760|?$BSSimpleArray@PAV?$AStarNode@PBVNavMeshInfo
0x002BF690|?$BSSimpleArray@UBoundsTriangleInfo
0x002BF6C0|?$BSSimpleArray@UBoundsTriangleInfo
0x002BF6E0|?$BSSimpleArray@UPortalEdgeSwap
0x002BF710|?$BSSimpleArray@UPortalEdgeSwap
0x002BF7D0|?$BSScrapArray@PAUNavMeshObstacleVertex
0x002BF870|?$BSSimpleArray@PAUNavMeshObstacleVertex
0x002BF890|?$BSScrapArray@PAUNavMeshObstacleVertex
0x002BFA10|?$BSScrapArray@PAUNavMeshObstacleEdge
0x002BFAB0|?$BSSimpleArray@PAUNavMeshObstacleEdge
0x002BFAD0|?$BSScrapArray@PAUNavMeshObstacleEdge
0x002C23C0|ObstacleData
0x002DAE60|?$BSSimpleArray@VPathingCoverLocation
0x002DAE90|?$BSSimpleArray@VPathingCoverLocation
0x002DC100|?$BSSimpleArray@PAVPathingNode
0x002DC2F0|?$BSSimpleArray@M$0EAA
0x002DC370|?$BSSimpleArray@UCrossedTriangle
0x002DCBB0|PathingLocation
0x002DCC40|PathingLocation
0x002DCD70|PathingLocation
0x002DCE10|PathingLocation
0x002DCE60|PathingLocation
0x002DCEA0|PathingLocation
0x002DCEE0|PathingLocation
0x002DCF20|PathingLocation
0x002DD010|PathingLocation
0x002DD0D0|PathingLocation
0x002DD220|PathingLocation
0x002E0EA0|?$NiTMap@IPAVPathingLOSGrid
0x002E0F20|?$NiTMapBase@V?$DFALL@V?$NiTMapItem@IPAVPathingLOSGrid
0x002E0FF0|?$NiTMapBase@V?$DFALL@V?$NiTMapItem@IPAVPathingLOSGrid
0x002E1020|?$BSSimpleArray@PAVPathingLOSGridCell
0x002E1050|?$BSSimpleArray@PAVPathingLOSGridCell
0x002E1070|?$BSSimpleArray@D$0EAA
0x002E10A0|?$BSSimpleArray@D$0EAA
0x002E1370|PathingLOSMap
0x002E1470|PathingLOSMap
0x002E2080|?$NiTMap@II
0x002E20E0|?$NiTMapBase@V?$DFALL@V?$NiTMapItem@II
0x002E21B0|?$NiTMapBase@V?$DFALL@V?$NiTMapItem@II
0x002E2420|PathingRequest
0x002E2620|PathingRequest
0x002E26A0|PathingRequest
0x002E3850|PathingAvoidNodeArray
0x002E3960|?$BSSimpleArrayRefCounted@VPathingAvoidNode
0x002E39D0|?$BSSimpleArrayRefCounted@VPathingAvoidNode
0x002E3A80|?$BSSimpleArray@VPathingAvoidNode
0x002E3AB0|?$BSSimpleArray@VPathingAvoidNode
0x002E3FB0|PathingRequestClosePoint
0x002E4BF0|PathingRequestCoveredMove
0x002E4D20|PathingRequestCoveredMove
0x002E5400|PathingRequestFlee
0x002E5640|PathingRequestHide
0x002E5940|PathingRequestLOS
0x002E5DB0|PathingRequestOptimalLocation
0x002E5FA0|PathingRequestSafeStraightLine
0x002E6010|PathingRequestSafeStraightLine
0x002E61A0|PathingSearchRayCast
0x002E62B0|PathingSearchRayCast
0x002E7650|PathingSolution
0x002E7720|PathingSolution
0x002E9050|?$BSSimpleArray@VVirtualPathingNode
0x002E9080|?$BSSimpleArray@VVirtualPathingNode
0x002E9230|?$BSSimpleArray@VPathingNode
0x002E9260|?$BSSimpleArray@VPathingNode
0x002E9CC0|PathingTaskData
0x002E9E20|PathingTaskData
0x002EBD30|?$BSTStaticFreeList@VPathingMessage
0x002EBDA0|?$BSTFreeList@VPathingMessage
0x002EBDC0|LockFreeMapIterator@?$LockFreeMap@PAVPathingRequest
0x002EBE90|?$BSSimpleArray@PAURayCastPathRequest
0x002EBEC0|?$BSSimpleArray@PAURayCastPathRequest
0x002EBEE0|?$BSSimpleArray@PAURayCastPath
0x002EBF10|?$BSSimpleArray@PAURayCastPath
0x002EC000|?$BSTStaticFreeList@VPathingMessage
0x002EC090|?$BSTCommonLLMessageQueue@VPathingMessage
0x002EC130|?$BSTCommonLLMessageQueue@VPathingMessage
0x002EC1C0|?$BSTCommonMessageQueue@VPathingMessage
0x002EC1E0|?$BSTMessageQueue@VPathingMessage
0x002EC340|?$BSTCommonStaticMessageQueue@V?$NiPointer@VNiAVObject
0x002EC3F0|?$BSTCommonStaticMessageQueue@V?$NiPointer@VNiAVObject
0x002EC410|?$BSTCommonMessageQueue@V?$NiPointer@VNiAVObject
0x002EC430|?$BSTMessageQueue@V?$NiPointer@VNiAVObject
0x002EC660|?$LockFreeMap@PAVPathingRequest
0x002EC870|?$LockFreeMap@PAVPathingRequest
0x002ECB40|?$BSTCommonMessageQueue@VPathingMessage
0x002ECB70|?$BSTCommonMessageQueue@V?$NiPointer@VNiAVObject
0x002ECC00|?$BSTMessageQueue@VPathingMessage
0x002ECC20|?$BSTMessageQueue@V?$NiPointer@VNiAVObject
0x002ECC40|?$BSTFreeList@VPathingMessage
0x002ECE90|?$BSTStaticFreeList@VActorPathingMessage
0x002ECF20|?$BSTFreeList@VActorPathingMessage
0x002ECFA0|?$BSTStaticFreeList@VActorPathingMessage
0x002ED010|?$BSTFreeList@VActorPathingMessage
0x002F2510|?$BSScrapArray@PAUPathEdge@PathSmoother
0x002F25B0|?$BSSimpleArray@PAUPathEdge@PathSmoother
0x002F25D0|?$BSScrapArray@PAUPathEdge@PathSmoother
0x002F2630|?$BSScrapArray@PAUUniqueVert@PathSmoother
0x002F26D0|?$BSSimpleArray@PAUUniqueVert@PathSmoother
0x002F26F0|?$BSScrapArray@PAUUniqueVert@PathSmoother
0x002F2750|?$BSScrapArray@PAUBoundsEdge@PathSmoother
0x002F27F0|?$BSSimpleArray@PAUBoundsEdge@PathSmoother
0x002F2810|?$BSScrapArray@PAUBoundsEdge@PathSmoother
0x002F2B30|?$BSScrapArray@VPathingLocation
0x002F2BB0|?$BSScrapArray@VPathingLocation
0x002F2CA0|?$BSScrapArray@_N$0EAA
0x002F2D80|?$BSScrapArray@UAvoidNode@PathSmoother
0x002F2E00|?$BSSimpleArray@UAvoidNode@PathSmoother
0x002F2E40|?$BSScrapArray@UAvoidNode@PathSmoother
0x002F30E0|?$BSSimpleArray@PAUPathEdge@PathSmoother
0x002F3110|?$BSSimpleArray@PAUUniqueVert@PathSmoother
0x002F3140|?$BSSimpleArray@PAUBoundsEdge@PathSmoother
0x002F31C0|?$BSSimpleArray@UAvoidNode@PathSmoother
0x002F3460|TeleportDoorSearch
0x002F3BD0|?$AStarSearch@UParentSpaceNode
0x002F3C80|?$AStarSearch@UParentSpaceNode
0x002F45C0|?$BSScrapArray@PAV?$AStarNode@UParentSpaceNode
0x002F4640|?$BSSimpleArray@PAV?$AStarNode@UParentSpaceNode
0x002F4690|?$BSScrapArray@PAV?$AStarNode@UParentSpaceNode
0x002F4880|?$BSSimpleArray@PAV?$AStarNode@UParentSpaceNode
0x002F4B10|?$BSSimpleArray@UParentSpaceNode
0x002F4B40|?$BSSimpleArray@UParentSpaceNode
0x002F4B60|?$BSSimpleArray@UTeleportLink
0x002F4B90|?$BSSimpleArray@UTeleportLink
0x002F6D10|BGSDistantObjectBlockLoadTask
0x002F6FE0|BGSDistantObjectBlockLoadTask
0x002F9360|BGSDistantTreeBlockLoadTask
0x002F94A0|BGSDistantTreeBlockLoadTask
0x002F9680|?$BSMap@IPAUInstanceData@BGSDistantTreeBlock
0x002F96B0|?$BSMap@IPAUTreeGroup@BGSDistantTreeBlock
0x002F9740|?$BSSimpleArray@UInstanceData@BGSDistantTreeBlock
0x002F9770|?$BSSimpleArray@UInstanceData@BGSDistantTreeBlock
0x002F9870|?$BSSimpleArray@PAUTreeGroup@BGSDistantTreeBlock
0x002F98A0|?$BSSimpleArray@PAUTreeGroup@BGSDistantTreeBlock
0x002F98C0|?$BSMapBase@IPAUInstanceData@BGSDistantTreeBlock
0x002F99A0|?$BSMapBase@IPAUInstanceData@BGSDistantTreeBlock
0x002F9A00|?$BSMapBase@IPAUTreeGroup@BGSDistantTreeBlock
0x002F9BE0|?$BSMapBase@IPAUTreeGroup@BGSDistantTreeBlock
0x002FA100|?$BSSimpleArray@UTreeType@BGSDistantTreeBlock
0x002FA160|?$BSSimpleArray@UTreeType@BGSDistantTreeBlock
0x002FB980|BGSTerrainChunkLoadTask
0x002FBB10|BGSTerrainChunkLoadTask
0x002FF920|?$CCallback@VSteam
0x002FF970|CCallbackBase
0x002FF9A0|?$CCallback@VSteam
0x002FF9F0|?$CCallback@VSteam
0x002FFA40|?$CCallback@VSteam
0x002FFA70|?$CCallback@VSteam
0x002FFAC0|?$CCallback@VSteam
0x00300480|?$NiTPrimitiveArray@PAUPackedMenu@BGSMenuPacker
0x00300500|?$NiTArray@PAUPackedMenu@BGSMenuPacker
0x00300560|?$NiTArray@PAUPackedMenu@BGSMenuPacker
0x00305FE0|FORenderedTerminal
0x00309810|TileMenu
0x00309840|TileRect
0x00309860|Tile
0x003099B0|TileRect
0x00309E80|?$BSSimpleArray@PAUValue@Tile
0x00309EB0|?$BSSimpleArray@PAUValue@Tile
0x00309F00|?$SettingT@VINIPrefSettingCollection
0x0030B5D0|TileImage
0x0030B6C0|TileImage
0x0031F240|TutorialMenu
0x0031F340|StatsMenu
0x0031F570|StatsMenu::NamedEffectsList
0x0031F600|StatsMenu::StatusEffectList
0x0031F700|StatsMenu
0x0031FA80|TextEditMenu
0x0031FB60|TextEditMenu
0x0031FBF0|SurgeryMenu
0x00321150|?$ListBox@W4Index@ActorValue
0x00321920|?$ListBox@PAUPerkRankData
0x003220D0|?$ListBox@W4MiscStatID@MiscStatManager
0x00322880|?$ListBox@PAUStatusEffect@StatsMenu
0x00323070|?$ListBox@PAVTESReputation
0x00323820|?$ListBox@I
0x00323F00|?$BSSimpleArray@PAVSpecialBookTextItem@SPECIALBookMenu
0x00323F30|?$BSSimpleArray@PAVSpecialBookTextItem@SPECIALBookMenu
0x00323F50|?$BSSimpleArray@PAVSpecialBookButton@SPECIALBookMenu
0x00323F80|?$BSSimpleArray@PAVSpecialBookButton@SPECIALBookMenu
0x00323FA0|?$BSSimpleArray@PAVLoveTesterTextItem@LoveTesterMenu
0x00323FD0|?$BSSimpleArray@PAVLoveTesterTextItem@LoveTesterMenu
0x00323FF0|?$BSSimpleArray@PAVLoveTesterLightBulbGlows@LoveTesterMenu
0x00324020|?$BSSimpleArray@PAVLoveTesterLightBulbGlows@LoveTesterMenu
0x00324040|?$BSSimpleArray@PAVLoveTesterButton@LoveTesterMenu
0x00324070|?$BSSimpleArray@PAVLoveTesterButton@LoveTesterMenu
0x003240C0|ListBoxBase
0x00326DF0|RecipeMenu
0x00326F50|RecipeMenu
0x00329A70|?$ListBox@PAVTESRecipe
0x0032A890|?$ListBox@PAVTESRecipeComponent
0x0033B7E0|CaravanMenu
0x0033BBA0|CaravanMenu
0x00353210|?$BSSimpleArray@PAVCaravanAIPackage
0x00353230|CharGenMenu
0x003533B0|CharGenMenu
0x00354B40|CompanionWheelMenu
0x00354C60|CompanionWheelMenu
0x003577F0|ComputersMenu
0x00357A50|ComputersMenu
0x0035A060|?$ListBox@PAUTERMINAL_MENU_ITEM
0x0035B0D0|ContainerMenu
0x0035B270|ContainerMenu
0x0035F070|CreditsMenu
0x0035F200|CreditsMenu
0x00361470|?$BSSimpleArray@VNiFixedString
0x003614A0|?$BSSimpleArray@VNiFixedString
0x003617A0|DialogMenu
0x00361960|DialogMenu
0x003643C0|?$ListBox@H
0x003654F0|HackingMenu
0x003658E0|HackingMenu
0x0036BB40|HUDMainMenu
0x0036BE30|HUDMainMenu
0x0037F970|?$BSSimpleArray@PAUSubtitleData@HUDMainMenu
0x0037F9A0|?$BSSimpleArray@PAUSubtitleData@HUDMainMenu
0x0037FA00|InventoryMenu
0x0037FB80|InventoryMenu
0x00383310|ItemModMenu
0x00383650|ItemModMenu
0x00384A40|LevelUpMenu
0x00384BF0|LevelUpMenu
0x00386C80|?$ListBox@PAVBGSPerk
0x00388300|?$BSSimpleArray@UEffectItemData
0x00388390|?$BSSimpleArray@UEffectItemData
0x00388440|LoadingMenu
0x003887A0|LoadingMenu
0x0038D2F0|LoadingMenuThread
0x0038D420|LoadingMenuThread
0x00396740|MapMenu
0x00396A80|MapMenu
0x003A1A70|?$BSSimpleArray@V?$BSStringT@D
0x003A1AA0|?$BSSimpleArray@V?$BSStringT@D
0x003A4470|?$ListBox@PAVBGSQuestObjective
0x003A51C0|?$ListBox@PAVTESChallenge
0x003A8A10|MessageMenu
0x003A8B10|MessageMenu
0x003AB590|?$BSSimpleArray@PAUMessageMenuEntry@MessageMenu
0x003AB5F0|?$BSSimpleArray@PAUMessageMenuEntry@MessageMenu
0x003AB670|?$BSSimpleArray@PAUPerkActivation@MessageMenu
0x003AB690|PlayerNameEntryMenu
0x003AB7A0|PlayerNameEntryMenu
0x003AC1F0|RaceSexMenu
0x003AC9F0|FORenderedMenuRaceSex
0x003B5400|RepairMenu
0x003B5770|RepairMenu
0x003B7400|RepairServicesMenu
0x003B8D30|RouletteMenu
0x003BFB30|SleepWaitMenu
0x003C06F0|SlotMachineMenu
0x003C0870|SlotMachineMenu
0x003CB330|StartMenu
0x003CB540|StartMenu::OptionListBox
0x003CB5B0|StartMenu
0x003CE690|StartMenu::Option
0x003D6350|StartMenu::UserOption
0x003D64D0|StartMenu::UserOption
0x003D6F80|?$ListBox@PAVOption@StartMenu
0x003D7D30|?$ListBox@PAVBGSSaveLoadFileEntry
0x003D9F90|?$BSSimpleArray@PAVOption@StartMenu
0x003D9FF0|?$BSSimpleArray@PAVOption@StartMenu
0x003DA010|?$BSSimpleArray@PAVUserOption@StartMenu
0x003DA070|?$BSSimpleArray@PAVUserOption@StartMenu
0x003DA090|?$BSSimpleArray@VVideoRes@StartMenu
0x003DA0F0|?$BSSimpleArray@VVideoRes@StartMenu
0x003E6780|TraitMenu
0x003E6910|TraitMenu
0x003E7A80|TraitSelectMenu
0x003E9130|VATSMenu
0x003F7A70|FOPipboyManager
0x003F7CE0|FOPipboyManager
0x003FAA20|FORenderedMenu
0x003FAD10|FORenderedMenu
0x003FED10|FORenderedMenuRaceSex
0x00402B20|?$NiTMap@IPAVIDebugTextPage
0x00402B80|?$NiTMapBase@V?$DFALL@V?$NiTMapItem@IPAVIDebugTextPage
0x00402C50|?$NiTMapBase@V?$DFALL@V?$NiTMapItem@IPAVIDebugTextPage
0x00402CB0|AbsorbEffect
0x00402E20|AbsorbEffect
0x00403D30|ActiveEffect
0x00403ED0|ActiveEffect
0x00406C20|AssociatedItemEffect
0x00407790|bhkTelekinesisListener
0x00407E10|BoundItemEffect
0x00407EE0|BoundItemEffect
0x0040A900|CalmEffect
0x0040ACF0|ChameleonEffect
0x0040B370|CommandCreatureEffect
0x0040B560|CommandEffect
0x0040BA90|CommandHumanoidEffect
0x0040BC70|ConcussionEffect
0x0040C070|CureEffect
0x0040C0B0|CureEffect
0x0040C460|DarknessEffect
0x0040C890|DemoralizeEffect
0x0040CD30|DetectLifeEffect
0x0040CD90|DetectLifeEffect
0x0040D210|DisintegrateArmorEffect
0x0040D6B0|DisintegrateWeaponEffect
0x0040D900|DispelEffect
0x0040DBB0|FrenzyEffect
0x0040E030|InvisibilityEffect
0x0040E610|LightEffect
0x0040F390|LockEffect
0x0040F6E0|MagicBallProjectile
0x0040FB30|MagicBallProjectile
0x004117D0|MagicBoltProjectile
0x00411E10|MagicBoltProjectile
0x00415300|MagicCaster
0x004153B0|MagicCaster
0x004192A0|MagicFogProjectile
0x004196E0|MagicFogProjectile
0x0041B650|MagicHitEffect
0x0041B700|MagicHitEffect
0x0041B7B0|MagicHitEffect
0x0041C530|MagicModelHitEffect
0x0041C630|MagicModelHitEffect
0x0041C720|MagicModelHitEffect
0x0041C810|MagicModelHitEffect
0x0041DBB0|MagicProjectile
0x0041DD00|MagicProjectile
0x0041DE70|MagicProjectile
0x0041F220|MagicShaderHitEffect
0x0041F350|MagicShaderHitEffect
0x0041F580|MagicShaderHitEffect
0x0041F770|MagicShaderHitEffect
0x00422530|?$BSSimpleArray@V?$NiPointer@VParticleShaderProperty
0x00422560|?$BSSimpleArray@V?$NiPointer@VParticleShaderProperty
0x00422580|?$BSSimpleArray@V?$NiPointer@VNiAVObject
0x004225B0|?$BSSimpleArray@V?$NiPointer@VNiAVObject
0x00422600|?$BSSimpleArray@PAD$0EAA
0x00422630|?$BSSimpleArray@PAD$0EAA
0x00422920|MagicSprayProjectile
0x00422A40|MagicTarget
0x00422A80|MagicTarget
0x00425710|NightEyeEffect
0x00425A10|NonActorMagicCaster
0x00425AD0|NonActorMagicCaster
0x00425B60|NonActorMagicCaster
0x00425EA0|NonActorMagicTarget
0x00425FD0|NonActorMagicTarget
0x004260B0|OpenEffect
0x004262E0|ParalysisEffect
0x004265B0|ReanimateEffect
0x00427740|ScriptEffect
0x004277F0|ScriptEffect
0x00427F20|ShieldEffect
0x00428470|SummonCreatureEffect
0x00429A70|SunDamageEffect
0x0042A460|TelekinesisEffect
0x0042B370|TurnUndeadEffect
0x0042BA60|ValueModifierEffect
0x0042CF80|VampirismEffect
0x0042EE80|?$NiTPointerMap@IPAVBSSoundHandle
0x0042EEE0|?$NiTMapBase@V?$NiTPointerAllocator@I
0x0042EFB0|?$NiTMapBase@V?$NiTPointerAllocator@I
0x0042F010|CBSAStream
0x0042F140|CAsyncStream
0x0042F240|CAsyncStream
0x0042F260|CBSAStream
0x0042F610|FAMThread@?A0x94d3b31f
0x0042F6C0|FAMThread@?A0x94d3b31f
0x00431E20|CBSAReader
0x00431FB0|CBSAReader
0x004372C0|RadioConvTask
0x0043B5E0|?$NiTPointerMap@HI
0x0043B640|?$NiTMapBase@V?$NiTPointerAllocator@I
0x0043B710|?$NiTMapBase@V?$NiTPointerAllocator@I
0x00441190|BGSReconstructFormsMap
0x00441340|BGSReconstructCellsMap
0x004413A0|BGSReconstructCellsMap
0x004416C0|BGSReconstructCellSubBlocksMap
0x00441720|BGSReconstructCellSubBlocksMap
0x004419F0|BGSReconstructCellBlocksMap
0x00441A60|BGSReconstructCellBlocksMap
0x00441EA0|BGSReconstructWorldSpacesMap
0x00441F00|BGSReconstructWorldSpacesMap
0x00442180|BGSReconstructFormsInFileMap
0x004421F0|BGSReconstructFormsInFileMap
0x00443190|BGSOffsetDataArray
0x00444040|?$NiTMap@IUReconstructFormData
0x00444070|?$NiTMap@IPAVBGSReconstructFormsMap
0x004440A0|?$NiTMap@IPAVBGSReconstructCellsMap
0x004440D0|?$NiTMap@IPAVBGSReconstructCellSubBlocksMap
0x00444100|?$NiTMap@IPAVBGSReconstructCellBlocksMap
0x00444130|?$NiTMap@PAVTESFile
0x004442A0|?$NiTMapBase@V?$DFALL@V?$NiTMapItem@IUReconstructFormData
0x004444D0|?$NiTMapBase@V?$DFALL@V?$NiTMapItem@IUReconstructFormData
0x00444590|?$NiTMapBase@V?$DFALL@V?$NiTMapItem@IPAVBGSReconstructFormsMap
0x00444660|?$NiTMapBase@V?$DFALL@V?$NiTMapItem@IPAVBGSReconstructFormsMap
0x00444690|?$NiTMapBase@V?$DFALL@V?$NiTMapItem@IPAVBGSReconstructCellsMap
0x00444840|?$NiTMapBase@V?$DFALL@V?$NiTMapItem@IPAVBGSReconstructCellsMap
0x00444870|?$NiTMapBase@V?$DFALL@V?$NiTMapItem@IPAVBGSReconstructCellSubBlocksMap
0x00444940|?$NiTMapBase@V?$DFALL@V?$NiTMapItem@IPAVBGSReconstructCellSubBlocksMap
0x00444970|?$NiTMapBase@V?$DFALL@V?$NiTMapItem@IPAVBGSReconstructCellBlocksMap
0x00444A40|?$NiTMapBase@V?$DFALL@V?$NiTMapItem@IPAVBGSReconstructCellBlocksMap
0x00444A90|?$BSSimpleArray@UReconstructFormData
0x00444AC0|?$BSSimpleArray@UReconstructFormData
0x00444DB0|?$NiTMapBase@V?$DFALL@V?$NiTMapItem@PAVTESFile
0x00444E80|?$NiTMapBase@V?$DFALL@V?$NiTMapItem@PAVTESFile
0x00444F00|?$BSScrapArray@UOffsetData
0x00444FA0|?$BSSimpleArray@UOffsetData
0x00444FF0|?$BSScrapArray@UOffsetData
0x00445430|?$BSSimpleArray@UOffsetData
0x00445550|BGSSaveLoadChangesMap
0x00445B30|?$NiTPointerMap@IPAVBGSFormChanges
0x00445B90|?$NiTMapBase@V?$NiTPointerAllocator@I
0x00445C60|?$NiTMapBase@V?$NiTPointerAllocator@I
0x0044B4B0|?$NiTMap@IPAVActor
0x0044B4E0|?$NiTMap@_JH
0x0044B570|?$BSSimpleArray@PAVBGSLoadFormBuffer
0x0044B5A0|?$BSSimpleArray@PAVBGSLoadFormBuffer
0x0044B650|?$NiTMapBase@V?$DFALL@V?$NiTMapItem@IPAVActor
0x0044B720|?$NiTMapBase@V?$DFALL@V?$NiTMapItem@IPAVActor
0x0044B750|?$NiTMapBase@V?$DFALL@V?$NiTMapItem@_JH
0x0044BA20|?$NiTMapBase@V?$DFALL@V?$NiTMapItem@_JH
0x0044D240|?$NiTMap@PAVTESGlobal
0x0044D2A0|?$NiTMapBase@V?$DFALL@V?$NiTMapItem@PAVTESGlobal
0x0044D450|?$NiTMapBase@V?$DFALL@V?$NiTMapItem@PAVTESGlobal
0x00452810|BGSCellNumericIDArrayMap
0x00452FA0|?$NiTMap@IPAV?$BSSimpleArray@I$0EAA
0x00452FD0|?$NiTPointerMap@II
0x00453000|?$NiTPointerMap@IPAVBGSCellNumericIDArrayMap
0x004530C0|?$NiTMapBase@V?$DFALL@V?$NiTMapItem@IPAV?$BSSimpleArray@I$0EAA
0x00453210|?$NiTMapBase@V?$DFALL@V?$NiTMapItem@IPAV?$BSSimpleArray@I$0EAA
0x00453270|?$NiTMapBase@V?$NiTPointerAllocator@I
0x00453340|?$NiTMapBase@V?$NiTPointerAllocator@I
0x00453370|?$NiTMapBase@V?$NiTPointerAllocator@I
0x00453440|?$NiTMapBase@V?$NiTPointerAllocator@I
0x00453810|BGSSaveLoadStatsMap
0x004538B0|BGSSaveLoadStatsMap
0x00454C80|?$NiTMap@W4ENUM_FORM_ID
0x00454CE0|?$NiTMapBase@V?$DFALL@V?$NiTMapItem@W4ENUM_FORM_ID
0x00454DB0|?$NiTMapBase@V?$DFALL@V?$NiTMapItem@W4ENUM_FORM_ID
0x00454EA0|ChangesMap
0x004552B0|InteriorCellNewReferencesMap
0x00455310|InteriorCellNewReferencesMap
0x004553E0|ExteriorCellNewReferencesMap
0x00455440|ExteriorCellNewReferencesMap
0x00455550|NumericIDBufferMap
0x004555B0|NumericIDBufferMap
0x00463360|?$NiTPointerMap@IPAVChangeData
0x00463390|?$NiTPointerMap@IPAV?$BSSimpleList@I
0x004633C0|?$NiTPointerMap@IPAV?$BSSimpleList@PAUExteriorCellReferenceData
0x004633F0|?$NiTPointerMap@IPAX
0x00463420|?$NiTPointerMap@EPAV?$BSSimpleList@PAULoadFormHeader
0x00463450|?$NiTMap@IPAV?$BSSimpleList@PAUExpiredCellData
0x004635A0|?$NiTLargePrimitiveArray@I
0x004635D0|?$NiTMapBase@V?$NiTPointerAllocator@I
0x004636A0|?$NiTMapBase@V?$NiTPointerAllocator@I
0x004636D0|?$NiTMapBase@V?$NiTPointerAllocator@I
0x004637A0|?$NiTMapBase@V?$NiTPointerAllocator@I
0x004637D0|?$NiTMapBase@V?$NiTPointerAllocator@I
0x004638C0|?$NiTMapBase@V?$NiTPointerAllocator@I
0x004638F0|?$NiTMapBase@V?$NiTPointerAllocator@I
0x004639C0|?$NiTMapBase@V?$NiTPointerAllocator@I
0x004639F0|?$NiTMapBase@V?$NiTPointerAllocator@I
0x00463D30|?$NiTMapBase@V?$NiTPointerAllocator@I
0x00463D60|?$NiTLargeArray@PAUFormAndFlags
0x00463E00|?$NiTLargePrimitiveArray@PAUFormAndFlags
0x00463E30|?$NiTMapBase@V?$DFALL@V?$NiTMapItem@IPAV?$BSSimpleList@PAUExpiredCellData
0x00463F00|?$NiTMapBase@V?$DFALL@V?$NiTMapItem@IPAV?$BSSimpleList@PAUExpiredCellData
0x00464100|?$NiTLargeArray@IV?$NiTMallocInterface@I
0x00464160|?$NiTLargeArray@IV?$NiTMallocInterface@I
0x004641D0|?$NiTLargeArray@PAUFormAndFlags
0x004643B0|BGSLoadFormBuffer
0x004646B0|BGSLoadGameBuffer
0x004646F0|BGSLoadGameBuffer
0x00465660|?$NiTMap@PAVTESForm
0x004656C0|?$NiTMapBase@V?$DFALL@V?$NiTMapItem@PAVTESForm
0x00465840|?$NiTMapBase@V?$DFALL@V?$NiTMapItem@PAVTESForm
0x00465BD0|BGSSaveGameBuffer
0x00465C10|BGSSaveGameBuffer
0x004670E0|BGSMoviePlayer
0x00467180|BGSMoviePlayer
0x004699C0|?$NiTObjectArray@PAVTESObjectREFR
0x00469A40|?$NiTArray@PAVTESObjectREFR
0x00469AA0|?$NiTArray@PAVTESObjectREFR
0x00469B10|?$NiTObjectArray@PAVBipedAnim
0x00469B90|?$NiTArray@PAVBipedAnim
0x00469BF0|?$NiTArray@PAVBipedAnim
0x00469C60|?$NiTObjectArray@PAVAnimation
0x00469CE0|?$NiTArray@PAVAnimation
0x00469D40|?$NiTArray@PAVAnimation
0x00469DB0|?$NiTObjectArray@V?$NiPointer@VBSTempEffect
0x00469E30|?$NiTArray@V?$NiPointer@VBSTempEffect
0x00469E90|?$NiTArray@V?$NiPointer@VBSTempEffect
0x00469F00|?$BSSimpleArray@PAVNavMesh
0x00472E00|HighActorCuller
0x00472EA0|BSFadeNodeCuller
0x004779F0|RegSettingCollection
0x00477A80|?$BSTCommonScrapHeapMessageQueue@UBSPackedTask
0x00477AC0|?$BSTCommonScrapHeapMessageQueue@UBSPackedTask
0x00477B40|?$BSTCommonMessageQueue@UBSPackedTask
0x00477B60|?$BSTMessageQueue@UBSPackedTask
0x00477D80|?$BSTCommonMessageQueue@UBSPackedTask
0x00477DF0|?$BSTMessageQueue@UBSPackedTask
0x00477F10|?$SettingT@VRegSettingCollection
0x00477FC0|?$SettingT@VRegSettingCollection
0x004783C0|MemoryManagerFile
0x00478430|IMemoryManagerFile
0x004784B0|IMemoryManagerFile
0x00478610|SceneGraph
0x00478690|SceneGraph
0x00479940|SeenData
0x004799A0|SeenData
0x0047A100|IntSeenData
0x0047A170|IntSeenData
0x0047D1B0|?$BSScrapArray@V?$NiPointer@VNiAVObject
0x0047D230|?$BSScrapArray@V?$NiPointer@VNiAVObject
0x0047D2C0|?$BSSimpleArray@UActorHavokSyncData
0x0047D320|?$BSSimpleArray@UActorHavokSyncData
0x0047D420|?$BSSimpleArray@V?$NiPointer@VNiNode
0x0047D480|?$BSSimpleArray@V?$NiPointer@VNiNode
0x0047D4A0|Actor
0x0047D860|CachedValuesOwner
0x0047DCB0|Actor
0x004AFF30|bhkFilteredCdBodyCollector
0x004C1C00|?$BSSimpleArray@PAVActor
0x004C1CB0|?$BSSimpleArray@PAVActor
0x004C7630|AILinearTaskThread
0x004C76A0|BSLinearTaskThread
0x004C82A0|DetectionTaskData
0x004C8430|DetectionTaskData
0x004C8830|AnimationTaskData
0x004C8890|AnimationTaskData
0x004C89A0|ActorUpdateTaskData
0x004C8A00|ActorUpdateTaskData
0x004C8AE0|PackageUpdateTaskData
0x004C8B50|PackageUpdateTaskData
0x004C9020|ActorsScriptTaskData
0x004C9080|ActorsScriptTaskData
0x004C9170|MovementTaskData
0x004C91D0|MovementTaskData
0x004C9BD0|AITaskThread
0x004CA350|?$BSTStaticFreeList@UMobileObjectMessage
0x004CA3C0|?$BSTFreeList@UMobileObjectMessage
0x004CA440|?$BSTCommonLLMessageQueue@UMobileObjectMessage
0x004CA480|?$BSTCommonLLMessageQueue@UMobileObjectMessage
0x004CA500|?$BSTCommonMessageQueue@UMobileObjectMessage
0x004CA520|?$BSTMessageQueue@UMobileObjectMessage
0x004CA680|?$BSTStaticFreeList@UMobileObjectMessage
0x004CA740|?$BSTCommonMessageQueue@UMobileObjectMessage
0x004CA7A0|?$BSTMessageQueue@UMobileObjectMessage
0x004CA800|?$BSTFreeList@UMobileObjectMessage
0x004CAB20|ArrowProjectile
0x004CACE0|ArrowProjectile
0x004D0270|BaseProcess
0x004D0640|BaseProcess
0x004D1650|BSPlayerDistanceCheckController
0x004D1D30|Character
0x004D1F40|Character
0x004D2060|Character
0x004D43A0|Creature
0x004D4500|Creature
0x004D45F0|Creature
0x004D6AF0|HighActorCuller
0x004D7510|HighProcess
0x004D98E0|HighProcess
0x004DF900|ActorPathingMessageQueue
0x004E5118|bhkBoxShape
0x00505580|?$BSTCommonLLMessageQueue@VActorPathingMessage
0x005055C0|?$BSTCommonLLMessageQueue@VActorPathingMessage
0x00505650|?$BSTCommonMessageQueue@VActorPathingMessage
0x00505670|?$BSTMessageQueue@VActorPathingMessage
0x005058E0|?$BSSimpleArray@PAVTESIdleForm
0x00505910|?$BSSimpleArray@PAVTESIdleForm
0x00505990|?$BSTCommonMessageQueue@VActorPathingMessage
0x005059F0|?$BSTMessageQueue@VActorPathingMessage
0x00505BA0|LipTask
0x00506110|LockFreeMapIterator@?$LockFreeMap@PAVMobileObject
0x00506160|?$LockFreeMap@PAVMobileObject
0x00506508|?$LockFreeMap@PAVMobileObject
0x00506DC0|LowProcess
0x00506FE0|LowProcess
0x005137B0|?$NiTMap@PAVLowProcess
0x00513810|?$NiTMapBase@V?$DFALL@V?$NiTMapItem@PAVLowProcess
0x005138E0|?$NiTMapBase@V?$DFALL@V?$NiTMapItem@PAVLowProcess
0x00513FE0|MiddleHighProcess
0x00514610|MiddleHighProcess
0x0052C950|MiddleLowProcess
0x0052CA00|MiddleLowProcess
0x0052EB50|MobileObject
0x0052EC40|MobileObject
0x00538180|PlayerCharacter
0x005398D0|PlayerCharacter
0x0054DBB0|bhkSphereShape
0x0056A280|?$NiTMap@IE
0x0056A390|?$NiTMapBase@V?$DFALL@V?$NiTMapItem@IE
0x0056A4B0|?$NiTMap@IE
0x0056A510|?$NiTMapBase@V?$DFALL@V?$NiTMapItem@IE
0x0056A570|?$BSSimpleArray@PAVItemChange
0x0056A5A0|?$BSSimpleArray@PAVItemChange
0x0056A5C0|?$BSSimpleArray@PAVTESAmmo
0x0056A5F0|?$BSSimpleArray@PAVTESAmmo
0x0056A658|?$NiTPrimitiveArray@PAVTESRegion
0x0056A750|?$NiTArray@PAVTESRegion
0x0056A7B0|?$NiTArray@PAVTESRegion
0x0056AD00|?$NiTArray@PAVMobileObject
0x0056AF30|?$NiTPrimitiveArray@PAVMobileObject
0x0056AFE0|?$NiTArray@PAVMobileObject
0x005789E0|?$BSScrapArray@PAVAnimation
0x00578A60|?$BSSimpleArray@PAVAnimation
0x00578A80|?$BSScrapArray@PAVAnimation
0x00578AE0|?$BSScrapArray@PAVActor
0x00578B60|?$BSScrapArray@PAVActor
0x00578C50|?$BSScrapArray@UEffectTaskData
0x00578CD0|?$BSSimpleArray@UEffectTaskData
0x00578CF0|?$BSScrapArray@UEffectTaskData
0x00578E70|?$BSSimpleArray@PAVAnimation
0x00578EA0|?$BSSimpleArray@UEffectTaskData
0x00579BD0|CombatAction
0x00579C80|CombatAction
0x0057BFE0|CombatActionMoveAndSwitchToMelee
0x0057C170|CombatActionMoveAndAttackRanged
0x0057C3A0|CombatActionMoveAndAttackRangedExplosive
0x0057C560|CombatActionMoveAndAttackGrenade
0x0057D770|CombatController
0x0057E330|CombatPlanner
0x00582430|?$BSSimpleArray@PAVCombatProcedure
0x00582460|?$BSSimpleArray@PAVCombatProcedure
0x00582480|?$AStarSearch@PAVCombatPlanNode
0x00582530|?$AStarSearch@PAVCombatPlanNode
0x00583080|CombatCoverMap
0x00583130|CombatCoverMap
0x00583670|?$NiTMap@IPAVReservedCoverLocation
0x005836D0|?$BSSimpleArray@VCoverReservation
0x00583700|?$BSSimpleArray@VCoverReservation
0x005837B0|?$NiTMapBase@V?$DFALL@V?$NiTMapItem@IPAVReservedCoverLocation
0x00583820|?$NiTMap@IPAVReservedCoverLocation
0x00583880|?$NiTMapBase@V?$DFALL@V?$NiTMapItem@IPAVReservedCoverLocation
0x00584290|CombatGoal
0x00584BB0|CombatGoal
0x0058ED30|?$BSSimpleArray@VCombatTarget
0x0058ED60|?$BSSimpleArray@VCombatTarget
0x0058EFF0|?$BSSimpleArray@VCombatMember
0x0058F020|?$BSSimpleArray@VCombatMember
0x0058F2A0|?$BSSimpleArray@VCombatSearchLocation
0x0058F2D0|?$BSSimpleArray@VCombatSearchLocation
0x0058F4C0|?$BSSimpleArray@VCombatSearchDoor
0x0058F4F0|?$BSSimpleArray@VCombatSearchDoor
0x0058F510|?$BSSimpleArray@PAVCombatGroupCluster
0x0058F540|?$BSSimpleArray@PAVCombatGroupCluster
0x0058F560|?$BSSimpleArray@VGroupMemberData
0x0058F5F0|?$BSScrapArray@VPathingLocation
0x0058FF88|CombatGroupStrategyFlank
0x00590EF0|?$BSSimpleArray@VGroupMemberData
0x00593820|?$NiTMap@PAVActor
0x00593880|?$NiTArray@PAVCombatGroup
0x00593960|?$NiTPrimitiveArray@PAVCombatGroup
0x00593990|?$NiTMapBase@V?$DFALL@V?$NiTMapItem@PAVActor
0x00593BC0|?$NiTMapBase@V?$DFALL@V?$NiTMapItem@PAVActor
0x00593CF0|?$NiTArray@PAVCombatGroup
0x005964C0|?$BSScrapArray@PAVCombatPlanNode
0x00596540|?$BSSimpleArray@PAVCombatPlanNode
0x00596560|?$BSScrapArray@PAVCombatPlanNode
0x005965C0|?$BSScrapArray@PAVCombatPlanLink
0x00596640|?$BSSimpleArray@PAVCombatPlanLink
0x00596660|?$BSScrapArray@PAVCombatPlanLink
0x005966C0|?$BSSimpleArray@PAV?$AStarNode@PAVCombatPlanNode
0x005966F0|?$BSSimpleArray@PAV?$AStarNode@PAVCombatPlanNode
0x00596BA0|?$BSSimpleArray@PAVCombatPlanNode
0x00596BD0|?$BSSimpleArray@PAVCombatPlanLink
0x00596C00|?$BSScrapArray@PAV?$AStarNode@PAVCombatPlanNode
0x00596C80|?$BSScrapArray@PAV?$AStarNode@PAVCombatPlanNode
0x00596DB0|?$BSSimpleArray@PAV?$AStarNode@PAVCombatPlanNode
0x0059AA80|PathingCoverLocation
0x005A33E0|?$BSSimpleArray@PAVTESObjectWEAP
0x005A3410|?$BSSimpleArray@PAVTESObjectWEAP
0x005A3430|?$BSSimpleArray@VUnreachableCoverLocation
0x005A3460|?$BSSimpleArray@VUnreachableCoverLocation
0x005A35C0|?$BSSimpleArray@VUnreachableLocation
0x005A35F0|?$BSSimpleArray@VUnreachableLocation
0x005A3750|?$BSSimpleArray@PAVTESAmmo
0x005A37E0|?$BSSimpleArray@UWeaponData
0x005A3810|?$BSSimpleArray@UWeaponData
0x005A3E90|CombatTargetMap
0x005A3F18|CombatTargetMap
0x005A4290|?$NiTMap@PAVActor
0x005A42F0|?$BSSimpleArray@PAVActor
0x005A43B0|?$NiTMapBase@V?$DFALL@V?$NiTMapItem@PAVActor
0x005A4480|?$NiTMapBase@V?$DFALL@V?$NiTMapItem@PAVActor
0x005A4FB0|CombatThreatMap
0x005A5D20|?$NiTMap@IPAVCombatThreat
0x005A5D80|?$NiTMapBase@V?$DFALL@V?$NiTMapItem@IPAVCombatThreat
0x005A5E50|?$NiTMapBase@V?$DFALL@V?$NiTMapItem@IPAVCombatThreat
0x005A7BC0|SpecificItemCollector
0x005ABF30|Explosion
0x005AC200|Explosion
0x005AC5A0|Explosion
0x005AE178|bhkLiquidAction
0x005AFAF0|hkpFixedBufferCdPointCollector
0x005B7940|?$BSSimpleArray@PAVBGSBodyPart
0x005B7970|?$BSSimpleArray@PAVBGSBodyPart
0x005B7BC0|MissileProjectile
0x005BA410|bhkHingeConstraint
0x005BA4A0|bhkConstraint
0x005BA550|hkHingeConstraintCinfo
0x005BA5F0|hkConstraintCinfo
0x005BBC70|Projectile
0x005BBEF0|Projectile
0x005BC470|Projectile
0x005CA680|CombatProcedure
0x005CA6C0|CombatProcedure
0x005CA740|CombatProcedureActivateObject
0x005CAFA0|CombatProcedureAttackGrenade
0x005CBB50|CombatProcedureAttackLow
0x005CC220|CombatProcedureAttackMelee
0x005D0980|CombatProcedureAttackRanged
0x005D2478|CombatProcedureBeInCover
0x005D2550|CombatProcedureBeInCover
0x005D3B30|CombatProcedureEngageTarget
0x005D5B40|CombatProcedureEvade
0x005D6120|CombatProcedureHideFromTarget
0x005D6BA0|CombatProcedureMove
0x005D8C40|CombatProcedureSearch
0x005DA7A0|CombatProcedureSwitchWeapon
0x005DAA90|CombatProcedureUseCombatItem
0x005DAD00|ActorMover
0x005DAEF0|ActorMover
0x005DFD70|ActorPathHandler
0x005DFE40|ActorPathHandler
0x005DFED0|ActorPathHandler
0x005E03E0|DetailedActorPathHandler
0x005E2690|DoorInPathFilter
0x005E9950|?$BSSimpleArray@UActorAvoidanceData@DetailedActorPathHandler
0x005E9980|?$BSSimpleArray@UActorAvoidanceData@DetailedActorPathHandler
0x005E9BB0|?$NiTPrimitiveArray@PAVActor
0x005E9C30|?$NiTArray@PAVActor
0x005E9C90|?$NiTArray@PAVActor
0x005E9D00|PlayerMover
0x005E9E30|PlayerMover
0x005EA7C0|VirtualActorPathHandler
0x005EC6A0|AlarmPackage
0x005EC700|AlarmPackage
0x005ED330|BackUpPackage
0x005EDF40|DialoguePackage
0x005F0900|EscortActorPackageData
0x005F09B0|EscortActorPackageData
0x005F10C0|FleePackage
0x005F27A0|GuardActorPackageData
0x005F2830|GuardActorPackageData
0x005F29A0|PatrolActorPackageData
0x005F2A70|PatrolActorPackageData
0x005F3900|SandBoxActorPackageData
0x005F3A70|SandBoxActorPackageData
0x005F61B0|?$BSSimpleArray@VSandBoxChoiceListItem
0x005F61E0|?$BSSimpleArray@VSandBoxChoiceListItem
0x005F67B0|SearchPackage
0x005F7410|SpectatorPackage
0x005F8AE0|?$BSSimpleArray@VSpectatorThreatInfo
0x005F8B10|?$BSSimpleArray@VSpectatorThreatInfo
0x005F9450|TrespassPackage
0x005F9F70|CEnumPins
0x005FA100|CEnumMediaTypes
0x005FA560|CMediaSample
0x005FB1C0|CMemAllocator
0x005FC600|CEnumPins
0x005FCB60|CMediaSample
0x005FD3C0|CAsyncOutputPin
0x005FDC10|CAsyncReader
0x005FDD70|CAsyncOutputPin
0x005FDDF0|CAsyncReader
0x005FF340|Tile
0x00609410|?$BSSimpleArray@M$0EAA
0x0060ABE0|Tile::Extra
0x0060BC80|Tile3D
0x0060D2A0|?$NiTMapBase@V?$NiTPointerAllocator@I
0x0060D390|?$NiTMapBase@V?$NiTPointerAllocator@I
0x0060D3C0|?$NiTMapBase@V?$NiTPointerAllocator@I
0x0060D5F0|?$NiTMapBase@V?$NiTPointerAllocator@I
0x0060D710|?$NiTMapBase@V?$NiTPointerAllocator@I
0x0060D790|?$NiTMapBase@V?$NiTPointerAllocator@I
0x0060D8E0|?$NiTMapBase@V?$NiTPointerAllocator@I
0x0060D960|?$NiTMapBase@V?$NiTPointerAllocator@I
0x0060DB40|DebugText
0x0060DCC0|DebugText
0x00611CD0|?$BSSimpleArray@PAUsPrintData@DebugText
0x00611D00|?$BSSimpleArray@PAUsPrintData@DebugText
0x0061BEF0|?$BSSimpleArray@UButtonIcon
0x0061BF80|?$BSSimpleArray@UButtonIcon
0x0061C4A0|Menu
0x0061C520|Menu
0x0061D410|?$NiTPrimitiveArray@PBD
0x0061D84D|?$NiTArray@PBDV?$NiTMallocInterface@PBD
0x0061E1A0|?$NiTArray@PAVXMLStorage
0x0061E450|?$NiTArray@PAVXMLStorage
0x0061E880|?$NiTMapBase@V?$NiTPointerAllocator@I
0x0061E900|?$NiTMapBase@V?$NiTPointerAllocator@I
0x0061E9F0|?$NiTMapBase@V?$NiTPointerAllocator@I
0x0061EAA0|?$NiTMapBase@V?$NiTPointerAllocator@I
0x0061EBC0|?$NiTMapBase@V?$NiTPointerAllocator@I
0x0061EC70|?$NiTMapBase@V?$NiTPointerAllocator@I
0x0061ED60|?$NiTMapBase@V?$NiTPointerAllocator@I
0x0061EDE0|?$NiTMapBase@V?$NiTPointerAllocator@I
0x0061EEB0|?$NiTArray@PAVTile
0x0061EFF0|TileRect
0x00620650|Tile3D
0x00621660|RadialTile
0x00621690|RadialTile
0x0062E460|?$NiTStringTemplateMap@V?$NiTPointerMap@PBDPAVNiControllerSequence
0x0062E480|?$NiTPointerMap@PBDPAVNiControllerSequence
0x0062E520|?$NiTMapBase@V?$NiTPointerAllocator@I
0x0062EBB0|NiControllerManager
0x00635390|?$NiTObjectArray@V?$NiPointer@VNiInterpController
0x00635640|NiControllerSequence
0x00635960|BSMultiTargetTreadTransfController
0x006359F0|BSMultiTargetTreadTransfController
0x00636070|BSMultiTargetTreadTransfController
0x00636560|NiTransformController
0x00636890|NiBlendInterpolator
0x006370B0|NiBlendInterpolator
0x00637170|NiBlendInterpolator
0x00638E08|NiSingleInterpController
0x00639230|NiBlendAccumTransformInterpolator
0x00639290|NiBlendAccumTransformInterpolator
0x0063AF10|NiGeomMorpherController
0x0063BD10|NiColorInterpolator
0x0063C340|NiFloatInterpolator
0x0063C390|NiFloatInterpolator
0x0063CA10|NiKeyBasedInterpolator
0x0063CA30|NiKeyBasedInterpolator
0x0063CC80|NiFloatData
0x0063DD40|NiPathInterpolator
0x0063F060|NiPathInterpolator
0x0063FA30|NiTransformInterpolator
0x0063FAE0|NiTransformInterpolator
0x00640520|NiBlendFloatInterpolator
0x006409B0|NiBlendTransformInterpolator
0x00640A70|NiBlendTransformInterpolator
0x00641450|?$NiTArray@PAUBSAnimReceiverType@BSAnimNoteListener
0x006414F0|?$NiTPrimitiveArray@PAUBSAnimReceiverType@BSAnimNoteListener
0x00642F80|BSBlendTreadTransfInterpolator
0x00643840|BSTreadTransfInterpolator
0x00644830|BSAnimNote
0x00644970|BSAnimNotes
0x00644FB8|NiUVData
0x00645B60|NiUVController
0x00646740|NiTextureTransformController
0x00646D50|NiTextKeyExtraData
0x006478F0|NiSequence
0x00648128|NiRotData
0x00648FB0|NiPosData
0x006495F0|NiPoint3Interpolator
0x00649650|NiPoint3Interpolator
0x00649D60|NiPathController
0x0064BCF0|NiLookAtInterpolator
0x0064BE20|NiLookAtInterpolator
0x0064D668|?$NiTPointerMap@PBDV?$NiPointer@VNiSequence
0x0064E270|NiTransformData
0x0064F018|NiFloatsExtraDataController
0x0064F570|NiFlipController
0x0064F820|?$NiTObjectArray@V?$NiPointer@VNiTexture
0x006509F0|NiBSplineFloatInterpolator
0x00650C28|NiBSplineFloatInterpolator
0x00651628|NiBSplineCompFloatInterpolator
0x00651C10|NiBSplineColorInterpolator
0x00653280|NiBoolInterpolator
0x006532D0|NiBoolInterpolator
0x006540A0|?$NiTPointerMap@PAVNiNode
0x00654198|?$NiTArray@PAV?$NiTPrimitiveSet@PAVNiNode
0x006543F0|?$NiTArray@PAV?$NiTPrimitiveSet@PAVNiNode
0x00655488|NiBlendQuaternionInterpolator
0x00655B30|NiBlendPoint3Interpolator
0x00655F80|NiBlendColorInterpolator
0x00656560|NiBlendBoolInterpolator
0x006565C8|NiBlendBoolInterpolator
0x00656C10|NiTask
0x00656D78|NiTask
0x00657010|NiInterpolator
0x006572A0|NiExtraDataController
0x006572D0|NiExtraDataController
0x00657640|NiFloatInterpController
0x00657790|NiBoolInterpController
0x00657990|NiFloatController
0x00657C80|NiPoint3InterpController
0x00657F20|NiBSplineInterpolator
0x00657F80|NiBSplineInterpolator
0x0065A390|NiAVObject
0x0065B470|?$NiTArray@PADV?$NiTMallocInterface@PAD
0x0065B530|?$NiTPrimitiveArray@PAD
0x0065C240|NiObjectNET
0x0065C760|?$NiTArray@GV?$NiTMallocInterface@G
0x0065D3A0|NiRefObject
0x0065D3D0|NiRefObject
0x0065E930|?$NiTArray@V?$NiPointer@VNiAVObject
0x0065ECB0|NiNode
0x0065FCA0|NiSourceTexture
0x0065FD38|NiTexture
0x00662B60|NiRenderer
0x00663850|?$NiTPointerMap@PBDP6APAVNiObject
0x00663910|?$NiTStringTemplateMap@V?$NiTPointerMap@PBDG
0x00663940|?$NiTPointerMap@PBDG
0x00665300|?$NiTPointerMap@PBVNiObject
0x00666150|?$NiTMapBase@V?$NiTPointerAllocator@I
0x00666600|?$NiTMapBase@V?$NiTPointerAllocator@I
0x00667C70|NiGeometryData
0x00669030|NiDynamicEffect
0x00669320|NiDynamicEffect
0x006693E0|NiCullingProcess
0x00669400|NiCullingProcess
0x00669E00|NiTexturingProperty::Map
0x0066A0B0|?$NiTArray@PAVMap@NiTexturingProperty
0x0066A8B0|NiTexturingProperty::Map
0x0066BD30|NiTexturingProperty::ShaderMap
0x0066D228|NiTimeController
0x0066D290|NiTimeController
0x0066F468|NiStencilProperty
0x0066FAE0|NiCamera
0x006712F0|NiCamera
0x00671F60|NiLight
0x00672010|NiLight
0x00673080|?$NiTArray@PAVNiAGDDataBlock@NiAdditionalGeometryData
0x00674480|NiTriShape
0x006744A0|NiTriShape
0x00675C20|NiDirectionalLight
0x00675DC0|NiTriStripsData
0x00675E20|NiTriStripsData
0x00676040|NiTriStripsData
0x00676650|NiRefObject
0x00676680|NiRefObject
0x0067AFF0|NiDevImageConverter
0x0067B110|NiDevImageConverter
0x0067B300|NiExtraData
0x0067B630|NiTriShapeData
0x0067B690|NiTriShapeData
0x0067B8C0|NiTriShapeData
0x0067D670|NiPointLight
0x0067F668|BSPackedAdditionalGeometryData::NiBSPackedAGDDataBlock
0x0067F8F8|NiBinaryExtraData
0x006804E0|NiGeometry
0x00680540|NiGeometry
0x00680580|NiGeometry
0x00680FC0|NiCollisionObject
0x006816C8|NiTriShapeDynamicData
0x00681BD0|NiSkinPartition::Partition
0x006824D0|NiSkinPartition
0x006833B0|?$NiTMapBase@V?$NiTPointerAllocator@I
0x00685580|NiSkinInstance
0x00687810|NiScreenElements
0x006881E0|NiScreenElementsData
0x00689720|NiTriBasedGeom
0x00689740|NiTriBasedGeom
0x00689760|NiTriBasedGeom
0x0068A920|NiTriBasedGeomData
0x0068A990|NiTriBasedGeomData
0x0068ADA0|NiImageReader
0x0068AE50|NiNIFImageReader
0x0068B128|NiPalette
0x0068E410|NiBMPReader
0x0068F1C0|Ni2DBuffer
0x0068F440|NiRefObject
0x0068F490|NiShader
0x0068F4A8|NiRefObject
0x0068F5C0|NiCullingProperty
0x0068F810|NiRefObject
0x0068F950|NiRefObject
0x0068F9B8|NiRefObject
0x0068FA60|?$NiTFixedStringMapBase@V?$DFALL@V?$NiTMapItem@VNiFixedString
0x0068FDB0|NiMaterialLibrary
0x0068FDD8|NiRefObject
0x00690090|NiScreenGeometry
0x00690A50|?$NiTArray@PAVScreenElement@NiScreenGeometryData
0x006911D0|NiScreenGeometryData
0x006915D0|NiScreenSpaceCamera
0x00691D90|?$NiTArray@V?$NiPointer@VNiScreenPolygon
0x00691DD8|?$NiTArray@V?$NiPointer@VNiScreenTexture
0x00692350|NiTriStripsDynamicData
0x00692710|NiTextureEffect
0x00693750|NiSwitchStringExtraData
0x00694370|?$NiTArray@IV?$NiTMallocInterface@I
0x00694830|NiStringsExtraData
0x006952B8|NiSortAdjustNode
0x00695590|NiScreenTexture
0x00696800|NiParticlesData
0x00698240|NiTexture::RendererData
0x00698B10|NiParticleMeshesData
0x00699470|?$NiTArray@IV?$NiTMallocInterface@I
0x00699950|NiIntegersExtraData
0x00699C70|NiIntegerExtraData
0x0069AEB8|NiBSPNode
0x0069B120|NiParticles
0x0069B480|NiAlphaAccumulator
0x0069B4A0|NiAlphaAccumulator
0x0069BE80|NiRefObject
0x006A0390|NiRefObject
0x006A05A0|?$NiTFixedStringMapBase@V?$DFALL@V?$NiTMapItem@VNiFixedString
0x006A06F8|NiSingleShaderMaterial
0x006A0DC0|NiBackToFrontAccumulator
0x006A0E00|NiAccumulator
0x006A0F00|NiBackToFrontAccumulator
0x006A14B0|NiFile
0x006A14D0|NiFile
0x006A1690|NiFile
0x006A1D10|NiBinaryStream
0x006A1D30|NiBinaryStream
0x006A24F0|NiSearchPath
0x006A2D30|NiMemStream
0x006A2FB0|NiMemStream
0x006A2FF0|NiMemStream
0x006A3880|?$BSMap@IPAVScrapHeap
0x006A47E0|?$BSMapBase@IPAVScrapHeap
0x006A4A60|?$BSMapBase@IPAVScrapHeap
0x006A4AE0|?$BSMapBase@IPAVScrapHeap
0x006A4C60|BSCoreMessage
0x006A4C80|BSCoreMessage
0x006A6360|BSThread
0x006A63C0|BSThread
0x006A7400|ZeroOverheadHeap
0x006A74C0|IMemoryHeap
0x006A7810|IMemoryHeap
0x006A78A0|MemoryHeap
0x006A7930|MemoryHeap
0x006A8068|?$BSListBase@PAVBSSemaphore
0x006A8078|?$BSList@PAVBSSemaphore
0x006A8410|OEI::IO::IO_Thread
0x006A8A00|?$BSListBase@PAUIO_Request@IO@OEI
0x006A8A20|?$BSListBase@PAVBSSemaphore
0x006A8CA0|AbstractHeap
0x006A8DA0|IMemoryHeap
0x006AAA80|FutBinaryFileC
0x006AAB30|BSFaceGenBinaryFile
0x006B042F|BSFaceGenBinaryFile
0x006B2958|BSFaceGenBinaryFile
0x006C1720|std::bad_alloc
0x006C3DF0|FutBinaryFileC
0x006C9C70|std::ios_base
0x006C9CB0|std::ios_base
0x006C9D60|std::ios_base
0x006CA270|std::runtime_error
0x006CA300|std::runtime_error
0x006CA4B0|std::ios_base
0x006CB4D0|?$basic_istringstream@DU?$char_traits@D@std
0x006CB5F0|?$basic_istream@DU?$char_traits@D@std
0x006CB610|?$basic_stringbuf@DU?$char_traits@D@std
0x006CB6B0|?$basic_streambuf@DU?$char_traits@D@std
0x006CC6E8|?$basic_ios@DU?$char_traits@D@std
0x006CC770|?$basic_istream@DU?$char_traits@D@std
0x006CC7A0|?$basic_filebuf@DU?$char_traits@D@std
0x006CC8C0|?$basic_filebuf@DU?$char_traits@D@std
0x006CC948|?$basic_istream@DU?$char_traits@D@std
0x006CC970|?$basic_filebuf@DU?$char_traits@D@std
0x006CDC90|?$basic_filebuf@DU?$char_traits@D@std
0x006CDEB0|?$basic_filebuf@DU?$char_traits@D@std
0x006CDF38|?$basic_ostream@DU?$char_traits@D@std
0x006CE2D0|std::ios_base
0x006CE330|std::ios_base
0x006CF900|?$basic_stringbuf@DU?$char_traits@D@std
0x006D0630|?$basic_streambuf@DU?$char_traits@D@std
0x006D41A0|std::locale::facet
0x006D5310|std::bad_alloc
0x006D5370|std::bad_alloc
0x006D53E8|std::bad_alloc
0x006D5430|std::bad_alloc
0x006D6F40|BSAudio
0x006D7000|BSAudio
0x006D90E0|BSAudioManager
0x006D93F0|BSAudioManager
0x006D94D0|?$NiTMapBase@V?$NiTPointerAllocator@I
0x006E6F50|AudioLoadTask
0x006E7020|AudioLoadTask
0x006E77D0|BSAudioManagerThread
0x006E78A0|BSAudioManagerThread
0x006E7B40|?$NiTMapBase@V?$NiTPointerAllocator@I
0x006E7BC0|?$NiTMapBase@V?$NiTPointerAllocator@I
0x006E7C40|?$NiTMapBase@V?$NiTPointerAllocator@I
0x006E8C30|?$NiTMapBase@V?$NiTPointerAllocator@I
0x006E8C60|?$NiTMapBase@V?$NiTPointerAllocator@I
0x006E8CE0|?$NiTMapBase@V?$NiTPointerAllocator@I
0x006E8D10|?$NiTMapBase@V?$NiTPointerAllocator@I
0x006E8D90|?$NiTMapBase@V?$NiTPointerAllocator@I
0x006E8E70|?$NiTMapBase@V?$NiTPointerAllocator@I
0x006E9070|?$NiTMapBase@V?$NiTPointerAllocator@I
0x006E92E0|BSGameSound
0x006E9360|BSGameSound
0x006E93F0|BSGameSound
0x006EA1B0|BSWin32Audio
0x006EA210|BSWin32Audio
0x006EA738|BSWin32AudioListener
0x006EA770|BSAudioListener
0x006EAAB0|BSAudioListener
0x006EAC48|BSWin32GameSound
0x006EAE10|BSWin32GameSound
0x006EAFB0|BSWin32GameSound
0x006F2ED0|BSSaveDataSystemUtility
0x006F2F20|BSSaveDataSystemUtility
0x006F30A0|BSSystemUtility
0x006F3120|BSSystemUtility
0x006F33F0|BSMsgDialogSystemUtility
0x006F3420|BSMsgDialogSystemUtility
0x006F3570|BSSystemUtilitiesStrings
0x006F35C0|BSSystemUtilitiesStrings
0x006F38D0|BSCacheDriveSystemUtility
0x006F3900|BSCacheDriveSystemUtility
0x006F3980|BSGameDataSystemUtility
0x006F39C0|BSGameDataSystemUtility
0x006F3A40|BSDiscBootSystemUtility
0x006F3A80|BSDiscBootSystemUtility
0x006F3B20|BSSysInfoSystemUtility
0x006F3B50|BSSysInfoSystemUtility
0x006F8E60|Archive
0x006FB300|ArchiveFile
0x006FB520|ArchiveFile
0x006FBFE0|CompressedArchiveFile
0x006FC430|CompressedArchiveFile
0x006FCCE0|?$BSSimpleArray@PAVBSHash
0x006FCDC0|?$BSSimpleArray@PAVBSHash
0x006FE9F0|?$BSSimpleArray@PBD$0EAA
0x006FF180|BSFile
0x00700260|BSFile
0x00700E40|BSTaskletManagerCallback
0x00700EC0|BSTaskletData
0x00700F20|BSFileCache
0x00701020|BSFileCache
0x00701C00|BSWin32FileCache
0x00701C20|BSWin32FileCache
0x00701D50|BSWin32TaskletManager
0x00701F00|BSTaskletManager
0x00702720|BSTaskletManager
0x007027C0|BSWin32TaskletGroupData
0x00702860|BSTaskletGroupData
0x007029A0|BSTaskletGroupData
0x007096A0|std::runtime_error
0x00709780|std::runtime_error
0x00710830|std::bad_alloc
0x007108E0|std::bad_alloc
0x00716B00|std::bad_alloc
0x00723980|std::bad_alloc
0x00723AA0|std::bad_alloc
0x00723B50|std::bad_alloc
0x00723BB0|std::bad_alloc
0x0072E4A0|std::bad_alloc
0x00735F00|std::bad_alloc
0x0073B540|std::bad_alloc
0x0073C3B0|std::logic_error
0x0073C440|std::out_of_range
0x0073C910|std::locale::facet
0x0073F030|CIdvCamera
0x0073F0A0|CIdvCamera
0x00742DF0|std::bad_alloc
0x00743638|PosGen
0x007436B0|Random
0x00743AE0|Normal
0x00743CA0|Normal
0x007581C0|NiRefObject
0x00758828|BSStream
0x00760B10|NiRefObject
0x00760B50|NiRefObject
0x00766810|NiRefObject
0x00766850|NiRefObject
0x007668B0|NiRefObject
0x00766A88|NiRefObject
0x0077E300|?$NiTArray@V?$NiPointer@VNiShaderConstantMapEntry
0x0077E330|?$NiTObjectArray@V?$NiPointer@VNiShaderConstantMapEntry
0x0078A8E0|?$NiTArray@W4FilterMode@NiTexturingProperty
0x0079F130|?$BSSimpleArray@PAVNiNode
0x0079FDA0|NiRefObject
0x007A3190|BSCullingProcess
0x007A3390|BSCullingProcess
0x007A6420|?$NiTPrimitiveArray@PAVNiAGDDataBlock@NiAdditionalGeometryData
0x007B33C0|NiRefObject
0x007B34A0|NiRefObject
0x007B3950|NiRefObject
0x007B3B10|NiRefObject
0x0081B5C0|NiParticleSystem
0x0081C280|NiPSysEmitterCtlr
0x0081C390|NiPSysEmitterCtlr
0x0081C5F0|NiPSysEmitterCtlr
0x0081CF20|NiRefObject
0x0081D678|NiRefObject
0x0081F550|?$NiTArray@V?$NiPointer@VNiGeometry
0x0081FFA8|NiPSysSphereEmitter
0x0081FFF8|NiPSysSphereEmitter
0x00821FE0|NiPSysEmitter
0x00824CA0|NiPSysData
0x00824EF0|NiPSysData
0x00825880|NiPSysUpdateTask
0x008258B8|NiTask
0x00825EF0|BSStripPSysData
0x00827108|NiPSysUpdateCtlr
0x00829D88|NiPSysModifierActiveCtlr
0x00829FC0|NiPSysInitialRotSpeedCtlr
0x0082D6A8|NiPSysBoundUpdateModifier
0x00830840|NiPSysAirFieldAirFrictionCtlr
0x008309D0|?$NiTArray@PAV?$NiTObjectArray@V?$NiPointer@VNiAVObject
0x00830C00|?$NiTPrimitiveArray@PAV?$NiTObjectArray@V?$NiPointer@VNiAVObject
0x00831260|NiPSysModifierCtlr
0x008312A0|NiPSysModifierCtlr
0x00831440|NiPSysModifierCtlr
0x00831750|NiPSysModifier
0x00831AF0|NiPSysVolumeEmitter
0x00831BD0|NiPSysVolumeEmitter
0x00832B60|NiPSysModifierBoolCtlr
0x00832D80|NiPSysModifierFloatCtlr
0x00835EB0|BSMultiBound
0x00836310|BSMultiBoundOBB
0x00837EC0|BSMultiBoundAABB
0x00839640|BSMultiBoundRoom
0x00839780|BSMultiBoundRoom
0x0083A220|?$BSSimpleArray@PAVShadowSceneLight
0x0083A620|?$BSSimpleArray@PAVShadowSceneLight
0x0083BAC0|BSNodeReferences
0x0083BB10|?$NiTArray@PAVNiAVObject
0x0083BCF0|MessageHandler
0x0083BDA0|MessageHandler
0x0083C4E0|QueuedChildren
0x0083C520|QueuedChildren
0x0083C540|QueuedParents
0x0083C570|QueuedParents
0x0083C590|QueuedFile
0x0083C620|?$BSTask@_J
0x0083CE60|QueuedFileEntry
0x0083CEA0|QueuedFileEntry
0x0083D930|?$BSSimpleArray@V?$NiPointer@VQueuedFile
0x0083DA50|IOManager
0x0083DB60|IOManager
0x0083E1E8|?$BSTaskManagerIterator@_J
0x0083E2E9|LockFreeMapIterator@?$LockFreeMap@_JV?$NiPointer@V?$BSTask@_J
0x0083E4F0|?$BSTaskManager@_J
0x0083E8B0|?$LockFreePriorityQueue@V?$NiPointer@VIOTask
0x0083EC80|?$LockFreeMap@_JV?$NiPointer@V?$BSTask@_J
0x0083EE88|?$BSTaskManagerThread@_J
0x0083EEB0|?$LockFreeQueue@V?$NiPointer@VIOTask
0x0083F8C0|?$LockFreeMap@_JV?$NiPointer@V?$BSTask@_J
0x0083FA70|?$BSTaskManager@_J
0x00840990|LockFreeMapIterator@?$LockFreeMap@_JV?$NiPointer@V?$BSTask@_J
0x008409E0|?$LockFreePriorityQueue@V?$NiPointer@VIOTask
0x00840AA0|?$LockFreeQueue@V?$NiPointer@VIOTask
0x00841148|LockFreeMapIterator@?$LockFreeMap@_JV?$NiPointer@V?$BSTask@_J
0x00842DD0|BSTaskThread
0x00842F00|BSTaskThread
0x00843070|NiIntegerExtraData
0x00843660|BSValueNode
0x008436A0|BSValueNode
0x00844E20|BSTempNodeManager
0x008450D0|BSRangeNode
0x00846530|?$NiTArray@V?$NiPointer@VNiRefObject
0x00846970|BSMultiBoundNode
0x00846A40|BSMultiBoundNode
0x00846AF0|BSMultiBoundNode
0x00849FE0|?$BSSimpleArray@VNiFrustumPlanes
0x0084A1B0|?$BSSimpleArray@UFunctionOp@BSCompoundFrustum
0x0084A840|?$BSSimpleArray@VNiFrustumPlanes
0x0084A8E0|?$BSSimpleArray@UFunctionOp@BSCompoundFrustum
0x0084CF80|?$BSSimpleArray@I$0EAA
0x0084F460|BSPortalSharedNode
0x0084F550|BSPortalSharedNode
0x0084F8F0|BSPortal
0x0084FB10|BSMultiBoundSphere
0x008503D0|BSParticleSystemManager
0x008504E0|BSParticleSystemManager
0x00850610|BSTasklet
0x00851640|BSTaskletData
0x00851658|UpdateMasterPsysTaskletData
0x008517B0|BSSceneGraph
0x00853DB0|?$NiTPrimitiveArray@PAV?$NiTPrimitiveSet@PAVNiNode
0x00853E40|?$NiTArray@PAV?$NiTPrimitiveSet@PAVNiNode
0x00853FA0|?$NiTArray@VFurnitureMark
0x00854810|?$NiTArray@VFurnitureMark
0x00854C50|?$NiTArray@VFurnitureMark
0x0085A9D0|NiRefObject
0x0085AC00|BSPortalGraph
0x0085C3C0|BSPSysMultiTargetEmitterCtlr
0x0085C440|BSPSysMultiTargetEmitterCtlr
0x0085CEB0|BSScissorTriShape
0x0085CED0|BSScissorTriShape
0x0085CF30|BSScissorTriShape
0x0085CFB0|BSScissorTriShape
0x0085DA70|?$NiTPrimitiveArray@PAVNiParticles
0x0085DB90|BSMasterParticleSystem
0x0085EB60|?$NiTArray@PAVNiParticles
0x0085EC10|?$NiTArray@PAVNiParticles
0x0085ECF0|BSTextureData
0x0085ED60|BSTextureData
0x0085F570|BSNiNode
0x0085F680|BSNiNode
0x0085FAA0|BSNiNode
0x0085FC70|BSPSysStripUpdateModifier
0x0085FD50|BSPSysStripUpdateModifier
0x00860100|BSPSysSimpleColorModifier
0x00860D50|BSMultiBoundCapsule
0x00861330|BSWArray
0x008613A0|NiIntegersExtraData
0x00861A10|?$NiTPrimitiveArray@V?$NiPointer@VNiAVObject
0x00861B10|?$NiTPrimitiveArray@V?$NiPointer@VNiAVObject
0x00862890|?$NiTArray@V?$NiPointer@VNiAVObject
0x00863260|?$NiTArray@V?$NiPointer@VNiAVObject
0x00863340|BSParentVelocityModifier
0x008633B0|BSParentVelocityModifier
0x00863B40|NiIntegerExtraData
0x00864DE0|?$NiTPrimitiveArray@PAVBSAttachPointPair
0x00864E70|?$NiTArray@PAVBSAttachPointPair
0x00865680|?$NiTArray@PAVBSAttachPointPair
0x00865760|?$NiTArray@PAVBSAttachPointPair
0x008665F0|hkpBroadPhaseCastCollector
0x008681C0|bhkWorldCinfo
0x00868230|bhkMemoryAllocator
0x0086ACB0|bhkWorld
0x0086B950|bhkNiCollisionObject
0x0086C2A8|bhkNiCollisionObject
0x0086C7A0|bhkCharacterListener
0x0086C830|hkpCharacterProxyListener
0x0086D1E0|bhkCollisionBox
0x0086E680|hkpClosestRayHitCollector
0x008705C0|bhkCharacterController
0x00872250|hkpAllCdPointCollector
0x00874760|bhkWindListener
0x008747A0|hkaRaycastInterface
0x00875CC0|?$NiTMapBase@V?$DFALL@V?$NiTMapItem@PBDV?$NiPointer@VbhkPoseArray
0x00875D90|?$NiTMap@PBDV?$NiPointer@VbhkPoseArray
0x00875E00|?$NiTMapBase@V?$DFALL@V?$NiTMapItem@PBDV?$NiPointer@VbhkRagdollShareData
0x00875EE0|?$NiTMap@PBDV?$NiPointer@VbhkRagdollShareData
0x00875F80|?$NiTMapBase@V?$DFALL@V?$NiTMapItem@PAVNiAVObject
0x00875FA0|?$NiTMap@PAVNiAVObject
0x0087A630|?$BSSimpleArray@UBoneTransf@bhkRagdollController
0x0087DC00|hkaRaycastInterface
0x0087E3B0|?$NiTMapBase@V?$DFALL@V?$NiTMapItem@PAVNiAVObject
0x0087F060|?$BSSimpleArray@PAVNiAVObject
0x0087FB40|hkConstraintCinfo
0x00880630|?$BSSimpleArray@UAVLevel@bhkUtilFunctions
0x008812D0|?$BSSimpleArray@UAVLevel@bhkUtilFunctions
0x00881550|bhkBlendCollisionObject
0x00881600|bhkBlendCollisionObject
0x00884C50|bhkShape
0x00885790|bhkWorldObject
0x00886530|hkpMotion
0x00886720|bhkUnaryAction
0x00886CB0|bhkMouseSpringAction
0x008877B0|bhkSerializable
0x00887970|bhkAction
0x00887D20|bhkRefObject
0x00888938|WeaponObject
0x00888C58|hkLimitedHingeConstraintCinfo
0x008894D0|WeaponObject
0x00889640|bhkConstraint
0x0088A720|bhkBinaryAction
0x0088ADF0|bhkListShape
0x0088AF98|bhkListShape
0x0088BED0|bhkTransformShape
0x0088E9C0|bhkRigidBody
0x0088FFD0|bhkBlendCollisionObjectAddRotation
0x008903D0|hkBaseObject
0x00890830|hkReferencedObjectLock
0x00890B80|hkpWorldCinfo
0x00890E00|hkpWorldCinfo
0x00891F70|hkpWorldRayCaster
0x00892040|hkpSimpleWorldRayCaster
0x00892478|hkpWorldLinearCaster
0x00893D10|hkpWorld
0x00893E50|hkpWorld
0x00895A80|hkpWorld
0x00899EB0|hkDebugDisplay
0x00899F10|hkDebugDisplay
0x00899F48|hkBaseObject
0x0089AD60|?$NiTLargeArray@UBLENDKEY
0x0089CE00|hkpMaxSizeMotion
0x0089CF60|hkpEntity
0x0089D108|hkpKeyframedRigidMotion
0x0089D130|hkpFixedRigidMotion
0x0089D190|hkpSphereMotion
0x0089D1C0|hkpBoxMotion
0x0089D1F0|hkpThinBoxMotion
0x0089D220|hkpCharacterMotion
0x0089D3B0|hkpWorldObject
0x0089D620|bhkEntity
0x0089D930|hkpBvShape
0x0089D990|hkpSingleShapeContainer
0x0089DB80|hkBaseObject
0x0089DDB0|hkpBoxShape
0x0089E340|hkpSingleShapeContainer
0x0089EA40|hkpShapePhantom
0x0089EB30|bhkShapePhantom
0x0089EEC0|bhkSimpleShapePhantom
0x0089F3B0|bhkPhantom
0x0089F530|bhkAabbPhantom
0x0089FB00|bhkConvexShape
0x0089FD70|bhkBoxShape
0x008A0540|bhkSphereRepShape
0x008A0660|bhkSphereShape
0x008A0C30|hkaRagdollRaycastInterface
0x008A0D40|?$BSSimpleArray@PAUConstrainedSystem@bhkRagdollPenetrationUtil
0x008A0DC0|?$BSSimpleArray@PAUConstrainedSystem@bhkRagdollPenetrationUtil
0x008A2140|hkaRagdollRaycastInterface
0x008A2AD0|?$BSSimpleArray@PAUConstrainedSystem@bhkRagdollPenetrationUtil
0x008A3560|hkBaseObject
0x008A3570|hkPackedNiTriStripsData
0x008A39A0|hkNormalTriangleShape
0x008A39F0|hkPackedNiTriStripsShape
0x008A3B90|hkBaseObject
0x008A4470|?$NiTLargeArray@VhkNiTriStripsData
0x008A44A0|?$NiTLargeArray@VhkNiTriStripsData
0x008A4BC8|?$NiTLargePrimitiveArray@VhkNiTriStripsData
0x008A4DA0|bhkBvTreeShape
0x008A5290|bhkPackedNiTriStripsShape
0x008A5420|bhkPackedNiTriStripsShape
0x008A6590|bhkNiTriStripsShape
0x008A66E0|bhkNiTriStripsShape
0x008A6E68|?$NiTLargeArray@VhkNiTriStripsData
0x008A7838|?$NiTLargePrimitiveArray@VhkNiTriStripsData
0x008A80A0|hkpRigidBody
0x008A8C90|hkpRigidBody
0x008A9240|hkpCharacterMotion
0x008A9270|hkpSphereMotion
0x008A9580|hkpCharacterContext
0x008A95E0|hkpCharacterContext
0x008A9870|bhkMalleableConstraint
0x008A9900|hkBaseObject
0x008A9AA0|hkpMalleableConstraintData
0x008AA140|bhkLimitedHingeConstraint
0x008AAD10|bhkCapsuleShape
0x008ABEC0|ahkpCharacterProxy
0x008ABF60|bhkCharacterProxy
0x008ADA70|hkpCharacterProxy
0x008ADB00|hkpCharacterProxy
0x008AE870|hkpAllCdPointCollector
0x008AFAD0|hkpAllCdPointCollector
0x008AFBF0|hkpAllCdPointCollector
0x008AFD00|hkpAllCdPointCollector
0x008AFF80|bhkTriSampledHeightFieldBvTreeShape
0x008B1600|hkErrStream
0x008B3010|bhkRigidBodyT
0x008B3870|bhkRigidBodyT
0x008B4230|hkpMaxSizeMotion
0x008B75D0|bhkWaterListener
0x008B78B0|bhkMultiSphereShape
0x008B83F0|bhkOrientHingedBodyAction
0x008B8B40|hkBaseObject
0x008B9090|hkpLimitedHingeConstraintData
0x008B9900|bhkFilteredCdBodyCollector
0x008B9FD0|?$BSSimpleArray@PAUhkConstraintCinfo
0x008BA000|?$BSSimpleArray@W4ConstraintType@hkpConstraintData
0x008BA1D0|?$BSSimpleArray@PAUhkConstraintCinfo
0x008BA5A0|hkMalleableConstraintCinfo
0x008BADB0|?$BSSimpleArray@V?$NiPointer@VbhkRagdollTemplateData
0x008BAF90|bhkRagdollTemplate
0x008BAFF8|?$BSSimpleArray@V?$NiPointer@VbhkRagdollTemplateData
0x008BBFE0|hkMemorySystem
0x008BC4A0|hkBaseObject
0x008BC720|?$NiTMapBase@V?$DFALL@V?$NiTMapItem@PAVNiAVObject
0x008BC740|?$NiTMap@PAVNiAVObject
0x008BC920|bhkLiquidAction
0x008BD970|bhkHingeConstraint
0x008BE7B0|hkpHingeConstraintData
0x008BE880|bhkCollisionBox
0x008BF1A0|hkMemoryAllocator
0x008BFBA0|hkpCollisionFilter
0x008C00B0|hkOstream
0x008C00E0|hkBaseObject
0x008C04D0|hkOstream
0x008C0500|hkOstream
0x008C0550|hkOstream
0x008C0580|hkMemoryTrackStreamWriter
0x008C0630|hkOstream
0x008C06F0|hkArrayStreamWriter
0x008C0780|hkBaseObject
0x008C0AE0|hkpHavokSnapshot::ConvertListener
0x008C0B50|hkpHavokSnapshot::ConvertListener
0x008C1520|bhkPoseArray
0x008C1AB0|?$NiTLargeArray@V?$NiPointer@VNiTimeController
0x008C1E40|bhkExtraData
0x008C2358|bhkCachingShapePhantom
0x008C2AC8|bhkSpringAction
0x008C3270|bhkMotorAction
0x008C35D0|bhkMotorAction
0x008C39C0|bhkDashpotAction
0x008C3DF0|bhkDashpotAction
0x008C4180|bhkAngularDashpotAction
0x008C47F0|bhkBreakableConstraint
0x008C5090|bhkWheelConstraint
0x008C58C0|bhkStiffSpringConstraint
0x008C5E60|bhkRagdollLimitsConstraint
0x008C66B0|bhkRagdollConstraint
0x008C7450|bhkPrismaticConstraint
0x008C7D00|bhkFixedConstraint
0x008C7ED0|bhkFixedConstraint
0x008C8148|bhkFixedConstraint
0x008C81C0|hkMalleableConstraintCinfo
0x008C8490|bhkHingeLimitsConstraint
0x008C8570|bhkHingeLimitsConstraint
0x008C8CE0|bhkBallSocketConstraintChain
0x008C9160|bhkBallSocketConstraintChain
0x008C95E0|hkBallSocketChainCinfo
0x008C9648|bhkBallAndSocketConstraint
0x008C9C70|bhkMoppBvTreeShape
0x008C9D00|hkScaledMoppBvTreeShape
0x008C9ED0|bhkMoppBvTreeShape
0x008CA8D0|bhkTriangleShape
0x008CAF70|hkpTriangleShape
0x008CBC00|bhkExtendedMeshShape
0x008CBDA0|bhkExtendedMeshShape
0x008CC740|bhkExtendedMeshShapeData
0x008CCA80|?$NiTPrimitiveArray@G
0x008CD080|bhkCylinderShape
0x008CD120|bhkCylinderShape
0x008CDBC0|bhkConvexVerticesShape
0x008CE900|bhkConvexTransformShape
0x008CF4F0|bhkConvexSweepShape
0x008CF740|bhkConvexListShape
0x008D09D0|hkMemoryBlockServer
0x008D0A60|hkLeakDetectAllocator
0x008D1970|hkVisualDebugger
0x008D1B08|hkBaseObject
0x008D2690|hkpPhysicsContext
0x008D26C0|hkpPhysicsContext
0x008D27C8|hkBaseObject
0x008D27F0|hkProcessContext
0x008D2C50|hkpWorldObject
0x008D2CE0|hkpWorldObject
0x008D2DE0|bhkShapeCollection
0x008D3410|bhkCharacterPointCollector
0x008D3490|bhkCharacterPointCollector
0x008D3F90|bhkCharacterStateInAir
0x008D8160|hkpSphereShape
0x008DF1F0|hkpRagdollConstraintData
0x008DF2F0|hkpRagdollConstraintData
0x008DF578|hkpPositionConstraintMotor
0x008DF720|hkpMalleableConstraintData
0x008DF760|hkpMalleableConstraintData
0x008DF7A0|hkpMalleableConstraintData
0x008E25F0|hkaRagdollInstance
0x008E29E0|hkBaseObject
0x008E4A20|hkaSkeletonMapper
0x008F12E0|hkpMoppCode
0x008F2BF0|hkpAabbPhantom
0x008F3EA0|hkpConstraintInstance
0x008F3F40|hkpConstraintInstance
0x008F40B0|hkBaseObject
0x008F4190|bhkPositionConstraintMotor
0x008F45D0|bhkSpringDamperConstraintMotor
0x008F4D80|hkpAction
0x008F4DE0|hkBaseObject
0x008F56F0|hkpListShape
0x008F5750|hkpListShape
0x008F5990|hkpSingleShapeContainer
0x008F69B0|hkReferencedObject
0x008F86D0|hkBaseObject
0x008F87C0|hkpSimulation
0x008FA860|hkBaseObject
0x008FC030|hkpCollisionDispatcher
0x008FC140|hkpCollisionDispatcher
0x008FC590|hkBaseObject
0x008FD688|hkpSimpleConstraintContactMgr
0x008FD720|hkpSimpleConstraintContactMgr
0x008FDA50|hkpSimpleContactConstraintData
0x008FDAB8|hkBaseObject
0x00902C80|hkpMultiThreadedSimulation::MtBroadPhaseBorderListener
0x00902DA0|hkpMultiThreadedSimulation
0x009065E0|hkpPhysicsSystem
0x00906640|hkpPhysicsSystem
0x00906F70|hkBaseObject
0x00907720|hkpSimulationIsland
0x00907738|hkBaseObject
0x00908130|hkpPhantom
0x00908CF0|hkpAabbTreeWorldManager
0x00908E80|hkpAabbTreeWorldManager
0x0090A4F0|hkpEntityListener
0x0090B180|hkpCollisionCallbackUtil
0x0090B710|hkpBroadPhaseBorder
0x0090BB20|hkpBroadPhaseBorder
0x0090D020|hkpContinuousSimulation
0x00913BD0|hkp3AxisSweep
0x009182E0|hkp3AxisSweep
0x0091DFA0|hkpKeyframedRigidMotion
0x0091DFF0|hkBaseObject
0x0091E160|hkpFixedRigidMotion
0x0091E690|hkpBoxMotion
0x0091F780|hkpSimpleShapePhantom
0x0091FA50|hkaDetectRagdollPenetration
0x0091FE78|hkBaseObject
0x00921410|hkpShapeCollection
0x00921930|hkpThinBoxMotion
0x00922590|hkpCapsuleShape
0x00922DC0|hkDisplayCapsule
0x00924660|hkBaseObject
0x009248A0|hkpSampledHeightFieldShape
0x00926700|hkpTriSampledHeightFieldCollection
0x00926760|hkpTriSampledHeightFieldCollection
0x00926B50|hkpSingleShapeContainer
0x00927460|hkBufferedStreamWriter
0x009274C0|hkBufferedStreamWriter
0x00927520|hkBaseObject
0x0092A760|hkpMultiSphereShape
0x0092B260|hkpAction
0x0092B2B0|hkBaseObject
0x0092B640|hkDefaultError
0x0092B850|hkSocket::WriterAdapter
0x0092BC38|hkBufferedStreamReader
0x0092BC70|hkBufferedStreamReader
0x0092BDA0|hkBaseObject
0x0092BF30|hkStdioStreamWriter
0x0092BFB0|hkBaseObject
0x0092C720|hkThreadMemory
0x0092C7F0|hkpAction
0x0092C868|hkLiquidAction
0x0092C8A0|hkLiquidAction
0x0092CF00|hkCpuJobThreadPool
0x0092CF40|hkBaseObject
0x0092D110|hkCpuJobThreadPool
0x0092DAF0|hkpSymmetricAgentFlipCastCollector
0x0092DEF0|hkpBvTreeStreamAgent
0x0092E8A8|?$hkpSymmetricAgent@VhkpBvTreeStreamAgent
0x0092E980|hkpSymmetricAgentFlipBodyCollector
0x0092E9B0|hkpSymmetricAgentFlipCollector
0x0092E9F0|hkpSymmetricAgentFlipCastCollector
0x0092ED98|hkpSymmetricAgentFlipBodyCollector
0x0092EDD8|hkpSymmetricAgentFlipCollector
0x0092F220|hkpMoppAgent
0x0092F288|?$hkpSymmetricAgent@VhkpMoppAgent
0x0092F380|hkpBvTreeAgent
0x0092F478|hkpSymmetricAgentFlipCastCollector
0x0092F998|hkpBvTreeAgent
0x0092FA18|?$hkpSymmetricAgent@VhkpBvTreeAgent
0x00931748|hkpSymmetricAgentFlipCollector
0x00932070|hkpHeightFieldAgent
0x00932370|hkpSymmetricAgentFlipBodyCollector
0x009323B0|hkpSymmetricAgentFlipCollector
0x009323F0|hkpSymmetricAgentFlipCastCollector
0x00933940|hkpConvexListAgent
0x009345A0|hkpPredGskfAgent
0x00934790|hkpSymmetricAgentFlipBodyCollector
0x009347D0|hkpSymmetricAgentFlipCollector
0x00934810|hkpSymmetricAgentFlipCastCollector
0x00934930|hkpSymmetricAgentFlipBodyCollector
0x00934970|hkpSymmetricAgentFlipCollector
0x009349B0|hkpSymmetricAgentFlipCastCollector
0x00934B60|hkpSymmetricAgentFlipCastCollector
0x00936EC0|hkpSymmetricAgentFlipCastCollector
0x00937860|hkpSymmetricAgentFlipBodyCollector
0x009378A0|hkpSymmetricAgentFlipCollector
0x00937D48|hkBaseObject
0x00937E80|?$hkpSymmetricAgentLinearCast@VhkpMultiSphereTriangleAgent
0x00938AC0|hkpSymmetricAgentFlipBodyCollector
0x00938ED0|hkpSymmetricAgentFlipCollector
0x0093AC80|hkpSymmetricAgentFlipCastCollector
0x0093B1A0|hkpSymmetricAgentFlipBodyCollector
0x0093B1E8|hkpSymmetricAgentFlipCollector
0x0093B240|hkpSymmetricAgentFlipCollector
0x0093CFC0|hkpSymmetricAgentFlipBodyCollector
0x0093D040|hkpSymmetricAgentFlipCollector
0x0093DD50|hkpSymmetricAgentFlipBodyCollector
0x0093E110|hkpSymmetricAgentFlipCollector
0x0093E320|?$hkpSymmetricAgentLinearCast@VhkpSphereCapsuleAgent
0x0093F048|hkpSymmetricAgentFlipBodyCollector
0x0093F4C0|hkpSymmetricAgentFlipCollector
0x009432F0|hkpSymmetricAgentFlipBodyCollector
0x00943330|hkpSymmetricAgentFlipCollector
0x00943370|hkpSymmetricAgentFlipCastCollector
0x009440F0|hkpShapeCollectionAgent
0x00944B00|hkpMultiSphereAgent
0x00944DE0|hkpSymmetricAgentFlipBodyCollector
0x00944E20|hkpSymmetricAgentFlipCollector
0x00944E60|hkpSymmetricAgentFlipCastCollector
0x009453D0|hkpBvAgent
0x00945680|hkpSimpleClosestContactCollector
0x00945B38|hkpFlagCdBodyPairCollector
0x00946010|hkpSymmetricAgentFlipBodyCollector
0x00946050|hkpSymmetricAgentFlipCollector
0x00946090|hkpSymmetricAgentFlipCastCollector
0x00946C30|hkBaseObject
0x009478C0|hkDefaultBuiltinTypeRegistry
0x00948360|hkpPhysicsData
0x00948570|hkBinaryTagfileWriter
0x009485A0|hkBaseObject
0x00948840|hkTypeInfoRegistry
0x00949538|hkpRigidBody
0x00949550|hkpRigidBody
0x009495A0|hkpStorageSampledHeightFieldShape
0x009495F0|hkpStorageSampledHeightFieldShape
0x00949670|hkpStorageSampledHeightFieldShape
0x009496D0|hkpStorageSampledHeightFieldShape
0x00949700|hkpStorageSampledHeightFieldShape
0x00949770|hkpStorageSampledHeightFieldShape
0x00949C40|hkpStorageExtendedMeshShape::ShapeSubpartStorage
0x00949CB0|hkpStorageExtendedMeshShape
0x0094A170|hkpStorageExtendedMeshShape::MeshSubpartStorage
0x0094A180|hkpStorageExtendedMeshShape
0x0094AA70|hkpStorageExtendedMeshShape
0x0094AC70|hkpStorageExtendedMeshShape::ShapeSubpartStorage
0x0094AF60|hkpStorageExtendedMeshShape::MeshSubpartStorage
0x0094B3B0|hkpStorageMeshShape::SubpartStorage
0x0094B400|hkpStorageMeshShape
0x0094BA30|hkpStorageMeshShape
0x0094BAB0|hkpStorageMeshShape
0x0094BC00|hkpStorageMeshShape::SubpartStorage
0x0094BDB0|hkBaseObject
0x0094C220|hkpPhysicsData
0x0094C250|hkpPhysicsData
0x0094CA38|hkpConstraintOwner
0x0094CE60|hkpConstraintOwner
0x0094D980|hkpDashpotAction
0x0094DFC0|hkpBreakableConstraintData
0x0094E000|hkpBreakableConstraintData
0x0094EDC0|hkpWheelConstraintData
0x0094F0F0|hkpStiffSpringConstraintData
0x0094F2A0|hkpRagdollLimitsData
0x0094F8D0|hkBaseObject
0x0094FE80|hkpPrismaticConstraintData
0x00950020|bhkGenericConstraint
0x00950C00|hkpGenericConstraintData
0x00950C50|hkBaseObject
0x00950C90|hkpGenericConstraintData
0x00952FC0|hkpHingeLimitsData
0x00953220|bhkConstraintChain
0x00953DF0|hkpBallSocketChainData
0x00954290|hkpBallAndSocketConstraintData
0x009543E0|hkMoppBvTreeShapeBase
0x009544A8|hkMoppBvTreeShapeBase
0x009544F0|hkpSingleShapeContainer
0x00954960|hkScaledMoppBvTreeShape
0x00954E70|bhkHeightFieldShape
0x009551D0|hkpPlaneShape
0x00955240|hkpPlaneShape
0x009569C0|hkpExtendedMeshShape
0x00956AB0|hkpExtendedMeshShape
0x00956E00|hkpExtendedMeshShape
0x00956F10|hkpExtendedMeshShape
0x00957AA0|hkpCylinderShape
0x00957B20|hkpCylinderShape
0x00958510|hkDisplayCylinder
0x00959760|hkpConvexVerticesShape
0x00959830|hkpShape
0x00959840|hkpConvexVerticesShape
0x00959870|hkpConvexVerticesShape
0x00959BD0|hkpConvexVerticesShape
0x0095D7A0|hkpConvexTransformShape
0x0095E7C0|hkpConvexListShape
0x0095E900|hkSolverAllocator
0x0095E940|hkSolverAllocator
0x0095FFD0|hkFreeListAllocator
0x00960270|hkFreeListAllocator
0x00960500|hkSystemMemoryBlockServer
0x00960590|hkOArchive
0x00960830|hkOArchive
0x00960870|hkOArchive
0x009608A0|hkOArchive
0x00960B40|hkOArchive
0x00960F30|hkCommandRouter
0x009610E0|hkServerProcessHandler
0x00962720|hkpWorldPostSimulationListener
0x00962FE0|hkpWorldSnapshotViewer
0x00963340|hkpWorldMemoryViewer
0x00963CB0|hkpVehicleViewer
0x009648C0|hkpSweptTransformDisplayViewer
0x00964AE0|hkpSimulationIslandViewer
0x00966080|hkpShapeDisplayViewer
0x00966490|hkpPhantomDisplayViewer
0x00966518|hkpPhantomListener
0x00966CD0|hkpMousePickingViewer
0x00967250|hkpRigidBodyInertiaViewer
0x00967FA0|hkpToiCountViewer
0x009682F8|hkpToiContactPointViewer
0x00968350|hkpContactListener
0x00968840|hkpActiveContactPointViewer
0x009690D0|hkpConvexRadiusViewer
0x009698B0|hkpConstraintViewer
0x00969920|hkpConstraintViewer
0x0096A050|hkpRigidBodyCentreOfMassViewer
0x0096A0A0|hkpRigidBodyCentreOfMassViewer
0x0096A280|hkpMidphaseViewer
0x0096A750|hkpMidphaseViewer
0x0096A940|hkpBroadphaseViewer
0x0096AC40|hkpBroadphaseViewer
0x0096ACA0|hkpWorldPostSimulationListener
0x0096AE10|hkpConstraintInstance
0x0096AE50|hkpConstraintInstance
0x009747B0|hkpConvexTranslateShape
0x00976940|hkgpConvexHull
0x00976978|hkBaseObject
0x00976CA0|hkgpConvexHull
0x0097F6A0|?$hkgpAbstractMesh@UEdge@hkgpConvexHullImpl
0x00985178|hkpNullCollisionFilter
0x00986220|hkpSpringDamperConstraintMotor
0x009862D8|hkpSpringDamperConstraintMotor
0x00987BF0|hkpConstraintListener
0x00992F20|hkpSimpleContactConstraintData
0x009933C8|hkpDeferredConstraintOwner
0x009937E7|hkBaseObject
0x00997010|hkpBroadPhase
0x009970C0|hkBaseObject
0x0099A040|hkpAabbTreeCollidableRaycaster
0x0099C110|?$hkAabbTree@UhkAabbTreeAabb@hkAabbTreeData
0x0099C180|?$hkAabbTree@UhkAabbTreeAabb16@hkAabbTreeData
0x0099DF50|hkpCollidableMediator
0x0099E860|hkpEndOfStepCallbackUtil
0x0099F6E0|hkpSimulation
0x0099FB30|hkBaseObject
0x009A0770|hkLocalFrameGroup
0x009A0780|hkLocalFrameGroup
0x009A07D0|hkSimpleLocalFrame
0x009A0910|hkpKeyframedRigidMotion
0x009A0950|hkpMaxSizeMotion
0x009A0B20|hkpSingleShapeContainer
0x009A2560|hkBaseObject
0x009A2930|hkStackTracer
0x009A2960|hkBaseObject
0x009A2B90|hkStackTracer
0x009A3080|hkBaseObject
0x009A30A0|hkBsdSocket
0x009ABF10|hkpGskBaseAgent
0x009ACBD0|hkpGskfAgent
0x009AF560|hkpSimpleClosestContactCollector
0x009AF6E8|hkpSimpleClosestContactCollector
0x009AF8E0|hkpSimpleClosestContactCollector
0x009B7870|hkCrc32StreamWriter
0x009B7C40|hkpPhysicsSystem
0x009B85E0|hkVersionPatchManager
0x009BB360|hkDataWorldNative
0x009BB3F0|hkDataWorldNative
0x009BC670|hkBinaryPackfileWriter
0x009BC6E0|hkBinaryPackfileWriter
0x009BDB10|hkBaseObject
0x009BDF60|hkPackfileWriter
0x009BE4D0|hkPackfileWriter
0x009C0F20|hkNativeResource@?A0x03452e53
0x009C1040|PackfileObjectCopier@?A0xbfa196c0
0x009C5D30|hkBinaryTagfileReader
0x009C8030|hkDataWorldDict
0x009C8080|hkBaseObject
0x009C8CD8|hkDataRefCounted
0x009C96A0|hkDataObjectDict
0x009C9A50|VecArrayImplementation
0x009CA0F0|PointerArrayImplementation
0x009CA1C0|ByteArrayImplementation
0x009CA260|IntArrayImplementation
0x009CA5A0|RealArrayImplementation
0x009CA6B0|CstringArrayImplementation
0x009CABB0|hkDataClassDict
0x009CAEB0|StructArrayImplementation
0x009CB890|StructArrayImplementation
0x009CBFC0|hkDataClassDict
0x009CC130|hkIstream
0x009CC160|hkBaseObject
0x009CC670|hkIstream
0x009CC6A0|hkIstream
0x009CC6F0|hkIstream
0x009CD310|hkpMeshShape
0x009CD380|hkpMeshShape
0x009CECC0|hkpPhysicsSystemWithContacts
0x009D0568|hkpAction
0x009D05C0|hkpConstraintChainInstance
0x009D51A0|hkpMoppCostFunction
0x009D51D0|hkBaseObject
0x009D52A0|hkpMoppShapeMediator
0x009D5D50|hkpMoppCachedShapeMediator
0x009D5D90|hkpMoppCachedShapeMediator
0x009D7EC0|hkFreeListAllocatorServer
0x009D8D40|hkLargeBlockAllocator
0x009D9130|hkIArchive
0x009D9160|hkIArchive
0x009D91A0|hkIArchive
0x009D91F0|hkBaseObject
0x009D9460|hkProcessFactory
0x009D94C0|hkProcessFactory
0x009D9CC0|hkServerDebugDisplayHandler
0x009DA690|hkDisplaySerializeOStream
0x009DB670|hkInspectProcess
0x009DB6E0|hkBaseObject
0x009DBF00|hkStatisticsProcess
0x009DC0B0|hkStatisticsProcess
0x009DCAF0|hkDebugDisplayProcess
0x009DCB50|hkBaseObject
0x009DCC60|hkBaseObject
0x009DCCB0|hkpWorldViewerBase
0x009DF240|hkStreamStatisticsCollector
0x009DFB80|hkpShapeDisplayBuilder
0x009E1190|hkDisplayAABB
0x009E1210|hkDisplayAABB
0x009E1D20|hkDisplayConvex
0x009E1F50|hkDisplayBox
0x009E1FF0|hkDisplayBox
0x009E29B0|hkpContactPointViewer
0x009E2A40|hkpWorldPostSimulationListener
0x009E3060|hkpConvexRadiusBuilder
0x009E49B0|hkDisplaySemiCircle
0x009E4A80|hkDisplaySemiCircle
0x009E4F20|hkDisplayPlane
0x009E4FF0|hkDisplayPlane
0x009E53B0|hkDisplayCone
0x009E5450|hkDisplayCone
0x009EDF10|?$ConstFunction@U?$IFunction@VhkVector4
0x009EE750|hkpPointToPathConstraintData
0x009EE7D0|hkBaseObject
0x009EF160|hkpPairCollisionFilter
0x009EF350|hkpPairCollisionFilter
0x009F67D0|hkSimpleLocalFrame
0x009F6E10|hkpFixedBufferCdPointCollector
0x009F7760|hkpFixedBufferCdPointCollector
0x009F89B0|hkpFixedBufferRayHitCollector
0x009FB2D0|hkpSingleShapeContainer
0x009FB590|hkaWaveletCompressedAnimation
0x009FB8B8|hkaSplineCompressedAnimation
0x009FB8D0|hkaSplineCompressedAnimation
0x009FBA10|hkaSkeleton
0x009FBB70|hkaDeltaCompressedAnimation
0x009FBD30|hkpVehicleLinearCastWheelCollide
0x009FBDF8|hkpVehicleInstance
0x009FBE20|hkpVehicleInstance
0x009FBF60|hkpVehicleDefaultSuspension
0x009FBFA8|hkBaseObject
0x009FC070|hkpVehicleDefaultBrake
0x009FC140|hkpVehicleData
0x009FC290|hkpTyremarksWheel
0x009FC2B0|hkpTyremarksInfo
0x009FC400|hkpSerializedAgentNnEntry
0x009FC480|hkpSerializedDisplayRbTransforms
0x009FC530|hkpPoweredChainMapper
0x009FC630|hkpMoppCode
0x009FC6D0|hkpWheelConstraintData
0x009FC740|hkpStiffSpringConstraintData
0x009FC850|hkpSimpleShapePhantom
0x009FC910|hkpRotationalConstraintData
0x009FC9A0|hkpRagdollLimitsData
0x009FCA30|hkpRagdollConstraintData
0x009FCAA0|hkpPulleyConstraintData
0x009FCB10|hkpPrismaticConstraintData
0x009FCC00|hkpPointToPlaneConstraintData
0x009FCC70|hkpLimitedHingeConstraintData
0x009FCCE0|hkpHingeLimitsData
0x009FCD50|hkpHingeConstraintData
0x009FCEA0|hkpBallAndSocketConstraintData
0x009FCF60|hkpSimpleMeshShape
0x009FD120|hkpMultiRayShape
0x009FD7D0|hkxNode
0x009FD808|hkxNode
0x009FD998|hkxMaterial
0x009FD9B0|hkxMaterial
0x009FDB60|hkxSparselyAnimatedEnum
0x009FDB80|hkxEnum
0x009FDE50|hkTraceStream
0x009FDFC0|hkMonitorStreamColorTable
0x009FE010|hkBaseObject
0x009FE2F0|hkaSkeletonMapper
0x009FE350|hkaInterleavedUncompressedAnimation
0x009FE4A0|hkaFootstepAnalysisInfoContainer
0x009FE510|hkaDefaultAnimatedReferenceFrame
0x009FE5B0|hkaBoneAttachment
0x009FE5E0|hkaBoneAttachment
0x009FE6A0|hkaAnimationPreviewColorContainer
0x009FE710|hkaAnimationContainer
0x009FE9B0|hkaAnimationBinding
0x009FEB70|hkpVehicleRayCastBatchingManager
0x009FEC20|hkpVehicleLinearCastBatchingManager
0x009FEC80|hkpVehicleDriverInputAnalogStatus
0x009FECA0|hkpVehicleDefaultAnalogDriverInput
0x009FECE0|hkpVehicleDefaultVelocityDamper
0x009FED20|hkpVehicleDefaultTransmission
0x009FEE10|hkpVehicleDefaultSteering
0x009FEEB0|hkpVehicleDefaultEngine
0x009FEF40|hkpRejectChassisListener
0x009FEF50|hkpSpringAction
0x009FEF90|hkpSpringAction
0x009FF000|hkpSerializedDisplayMarkerList
0x009FF010|hkpSerializedDisplayMarkerList
0x009FF0E0|hkpSerializedDisplayMarker
0x009FF0F0|hkpReorientAction
0x009FF130|hkpReorientAction
0x009FF1F0|hkpPhysicsSystemWithContacts
0x009FF220|hkpPhysicsSystemWithContacts
0x009FF270|hkpMouseSpringAction
0x009FF2B0|hkpMouseSpringAction
0x009FF340|hkpMotorAction
0x009FF380|hkpMotorAction
0x009FF430|hkpGroupCollisionFilter
0x009FF5F0|hkpDisplayBindingData::RigidBody
0x009FF610|hkpDisplayBindingData::PhysicsSystem
0x009FF630|hkpDisplayBindingData
0x009FF8D0|hkpDisableEntityCollisionFilter
0x009FF9B0|hkpDashpotAction
0x009FFA00|hkpDashpotAction
0x009FFA90|hkpConstrainedSystemFilter
0x009FFBE0|hkpAngularDashpotAction
0x009FFC20|hkpAngularDashpotAction
0x009FFC90|hkpConvexPieceStreamData
0x009FFDB0|hkpVelocityConstraintMotor
0x009FFE10|hkpThinBoxMotion
0x009FFE50|hkpSpringDamperConstraintMotor
0x009FFEB0|hkpSphereMotion
0x009FFEF0|hkpPositionConstraintMotor
0x009FFF50|hkpPointToPathConstraintData
0x009FFFF0|hkpLinearParametricCurve
0x00A00130|hkpFixedRigidMotion
0x00A00150|hkpFixedRigidMotion
0x00A00190|hkpDefaultWorldMemoryWatchDog
0x00A001C0|hkpConstraintChainInstanceAction
0x00A001F0|hkpConstraintChainInstanceAction
0x00A00240|hkpConstraintChainInstance
0x00A00290|hkpConstraintChainInstance
0x00A00320|hkpCharacterMotion
0x00A00360|hkpCallbackConstraintMotor
0x00A003D0|hkpCachingShapePhantom
0x00A00480|hkpBoxMotion
0x00A004F0|hkpAabbPhantom
0x00A005A0|hkpTriangleShape
0x00A00610|hkpShape
0x00A00620|hkpTriSampledHeightFieldCollection
0x00A006D0|hkpSingleShapeContainer
0x00A00780|hkpTransformShape
0x00A007E0|hkpSphereShape
0x00A00820|hkpShapeInfo
0x00A00830|hkpShapeInfo
0x00A00970|hkpRemoveTerminalsMoppModifier
0x00A00A10|hkpPlaneShape
0x00A00A80|hkpNullCollisionFilter
0x00A00B30|hkpMultiSphereShape
0x00A00BA0|hkpGroupFilter
0x00A00CD0|hkpFastMeshShape
0x00A00D20|hkpDefaultConvexListFilter
0x00A00DC0|hkpConvexVerticesConnectivity
0x00A00ED0|hkpConvexTranslateShape
0x00A00F40|hkpConvexTransformShape
0x00A00FB0|hkpConvexPieceMeshShape
0x00A010B0|hkpConvexListShape
0x00A01130|hkpCompressedSampledHeightFieldShape
0x00A01250|hkpCollisionFilterList
0x00A01370|hkpCapsuleShape
0x00A013E0|hkpBvShape
0x00A01440|hkpBoxShape
0x00A01490|hkMemoryMeshShape
0x00A01540|hkxVertexVectorDataChannel
0x00A01580|hkxVertexSelectionChannel
0x00A015C0|hkxVertexIntDataChannel
0x00A01670|hkxVertexFloatDataChannel
0x00A016B0|hkxTriangleSelectionChannel
0x00A016E0|hkxTextureInplace
0x00A01710|hkxTextureInplace
0x00A017F0|hkxTextureFile
0x00A01830|hkxTextureFile
0x00A018F0|hkxSparselyAnimatedString
0x00A01A00|hkxSparselyAnimatedInt
0x00A01A40|hkxSparselyAnimatedBool
0x00A01B20|hkxSkinBinding
0x00A01C30|hkxScene
0x00A01C60|hkxScene
0x00A01D10|hkxNodeSelectionSet
0x00A01E80|hkxMesh::UserChannelInfo
0x00A01EB0|hkxMesh::UserChannelInfo
0x00A01F60|hkxMeshSection
0x00A02140|hkxMaterialShader
0x00A02180|hkxMaterialShader
0x00A022A0|hkxMaterialEffect
0x00A02370|hkxLight
0x00A023B0|hkxIndexBuffer
0x00A02490|hkxEdgeSelectionChannel
0x00A024D0|hkxCamera
0x00A02510|hkxAttributeHolder
0x00A02550|hkxAnimatedVector
0x00A02590|hkxAnimatedQuaternion
0x00A02640|hkxAnimatedMatrix
0x00A026F0|hkxAnimatedFloat
0x00A027A0|hkOstream
0x00A02BB0|hkPlatformObjectWriter
0x00A02C70|hkPlatformObjectWriter
0x00A02EF0|hkOffsetOnlyStreamWriter
0x00A03120|hkObjectCopier
0x00A03160|hkBaseObject
0x00A04F10|hkObjectResource
0x00A04F80|hkBaseObject
0x00A057C0|hkPackfileData
0x00A05B40|hkMemoryStreamReader
0x00A05BB0|hkBaseObject
0x00A05D10|hkpSerializedAgentNnEntry
0x00A065F0|hkpMoppCodeGenerator
0x00A06650|hkpMoppCodeGenerator
0x00A090C0|hkpMoppDefaultAssembler
0x00A09450|hkpMoppDefaultAssembler
0x00A09480|hkBaseObject
0x00A09BA0|hkpMoppDefaultSplitter
0x00A09BD0|hkBaseObject
0x00A0AF50|hkDisplaySphere
0x00A120E0|hkgpMesh::CollideShapeTriangle
0x00A121C0|hkgpMeshInternals::RayCaster
0x00A12260|hkgpMeshInternals::TriangleOverlap
0x00A13210|hkgpMesh::NearestFeaturePolicy
0x00A15268|hkgpMeshInternals::SimpleCollector
0x00A160F0|hkgpMeshInternals::SimpleCollector
0x00A18A50|hkgpMesh
0x00A1AB00|hkgpMeshInternals::SimpleCollector
0x00A1B750|hkgpMesh
0x00A1C940|hkgpMesh::PrismPolicy
0x00A1DB28|TreeTreeNodePairCollector@?$hkAabbTreeQueryUtils@UhkAabbTreeAabb@hkAabbTreeData
0x00A1EFE8|hkBaseObject
0x00A1F888|?$hkgpTriangulatorType@UVertexBase@hkgpTriangulatorBase
0x00A1F8B0|?$hkgpAbstractMesh@UEdge@?$hkgpTriangulatorType@UVertexBase@hkgpTriangulatorBase
0x00A21408|?$hkgpAbstractMesh@UEdge@?$hkgpTriangulatorType@UVertexBase@hkgpTriangulatorBase
0x00A2ABF0|hkpFixedBufferRayHitCollector
0x00A2B070|hkCpuWorldRayCastCollector
0x00A2B510|hkCpuWorldRayCastCollector
0x00A2E9E0|hkMemoryResourceHandle
0x00A2EA20|hkMemoryResourceHandle
0x00A2EA40|hkMemoryResourceHandle
0x00A2EB80|hkMemoryResourceContainer
0x00A2EBC0|hkMemoryResourceContainer
0x00A2EC00|hkMemoryResourceContainer
0x00A2EC90|hkBaseObject
0x00A2F500|hkaAnimation
0x00A32AF0|hkaSplineCompressedAnimation
0x00A345A0|hkaSplineCompressedAnimation
0x00A347C0|hkaMeshBinding
0x00A34800|hkaMeshBinding
0x00A34820|hkaMeshBinding
0x00A360F0|hkBaseObject
0x00A36B80|hkpVehicleLinearCastWheelCollide
0x00A38BF0|hkpVehicleInstance
0x00A3A360|hkpTyremarksInfo
0x00A3A3D0|hkpSerializedDisplayRbTransforms
0x00A3AD80|hkpPoweredChainMapper
0x00A3B060|hkpStiffSpringChainData
0x00A3B0A0|hkpStiffSpringChainData
0x00A3B8F0|hkpPoweredChainData
0x00A3B960|hkpPoweredChainData
0x00A3B9A0|hkpPoweredChainData
0x00A3C680|hkpMultiRayShape
0x00A3DAE0|hkpCompressedMeshShape
0x00A3DBD0|hkpCompressedMeshShape
0x00A3E380|hkxVertexBuffer
0x00A3E950|hkxAttributeHolder
0x00A3EAA0|hkxAttributeHolder
0x00A3ED80|hkxNode
0x00A3F110|hkxMaterial
0x00A3F510|hkxEnvironment
0x00A402E0|hkaInterleavedUncompressedAnimation
0x00A40CA0|hkaFootstepAnalysisInfo
0x00A40CB0|hkaFootstepAnalysisInfo
0x00A40FD0|hkaFootstepAnalysisInfoContainer
0x00A41028|hkBaseObject
0x00A41830|hkaDefaultAnimatedReferenceFrame
0x00A41E20|hkaAnimationPreviewColorContainer
0x00A41FC0|hkBaseObject
0x00A42740|hkpVehicleManager
0x00A44E70|hkBaseObject
0x00A44FC0|hkpProjectileGun
0x00A45010|hkpProjectileGun
0x00A45040|hkpProjectileGun
0x00A45120|hkpMountedBallGun
0x00A45150|hkpMountedBallGun
0x00A45530|hkpGroupCollisionFilter
0x00A46260|hkpGravityGun
0x00A46300|hkpGravityGun
0x00A46518|hkpClosestCdPointCollector
0x00A46660|hkpFirstPersonGun
0x00A466A0|hkpFirstPersonGun
0x00A466E0|hkpFirstPersonGun
0x00A468B0|hkpDisableEntityCollisionFilter
0x00A46900|hkpDisableEntityCollisionFilter
0x00A46B30|hkpConstrainedSystemFilter
0x00A46B80|hkpConstrainedSystemFilter
0x00A46BB8|hkBaseObject
0x00A46F20|hkpBallGun
0x00A46F90|hkpBallGun
0x00A47020|hkpBallGun
0x00A485D0|hkpRemoveTerminalsMoppModifier
0x00A48740|hkpRemoveTerminalsMoppModifier
0x00A487A0|hkpRemoveTerminalsMoppModifier2
0x00A489B0|hkpGroupFilter
0x00A48A80|hkBaseObject
0x00A490D0|hkpConvexPieceMeshShape
0x00A499D0|hkpCompressedSampledHeightFieldShape
0x00A49E50|hkpCollisionFilterList
0x00A49F40|hkpCollisionFilterList
0x00A49FE0|hkpCollisionFilterList
0x00A4A460|hkMemoryMeshShape
0x00A4A6A0|hkxScene
0x00A4A750|hkxScene
0x00A4AD00|hkxMesh
0x00A4AD10|hkxMesh
0x00A4AE80|hkxMaterialShaderSet
0x00A4AF60|hkAlignSceneToNodeOptions
0x00A4AF80|hkAlignSceneToNodeOptions
0x00A4DDE0|hkKdTreeCpuBroadphaseBundleCastCollector
0x00A607C0|hkpConvexPieceShape
0x00A61720|hkxMeshSection
0x00A68830|NiDX9SourceTextureData
0x00A754A0|?$NiTMapBase@V?$NiTPointerAllocator@I
0x00A75728|?$NiTMapBase@V?$DFALL@V?$NiTMapItem@W4_D3DFORMAT
0x00A75A70|NiDX9Renderer
0x00A78840|NiD3DShaderDeclaration
0x00A78BE0|NiD3DShaderDeclaration
0x00A7A6A0|?$NiTArray@P6AIAAVPackingParameters@NiD3DShaderDeclaration
0x00A7A888|?$NiTPrimitiveArray@PAVNiPackerEntry@NiD3DShaderDeclaration
0x00A7B040|?$NiTPointerMap@W4_D3DFORMAT
0x00A7B260|?$NiTMapBase@V?$NiTPointerAllocator@I
0x00A7B7D0|?$NiTArray@PAVModeDesc@NiDX9AdapterDesc
0x00A7BB50|?$NiTArray@PAVModeDesc@NiDX9AdapterDesc
0x00A7BC90|?$NiTPrimitiveArray@PAVNiDX9AdapterDesc
0x00A7C540|NiD3DDefaultShader
0x00A7C6B0|NiD3DDefaultShader
0x00A7D1B0|NiDX92DBufferData
0x00A7D4E0|NiDX92DBufferData
0x00A7D8D0|NiDX9ImplicitDepthStencilBufferData
0x00A7D940|NiRefObject
0x00A7DBC0|NiDX9AdditionalDepthStencilBufferData
0x00A7FEA0|NiD3DPass
0x00A80020|?$NiTObjectArray@V?$NiPointer@VNiD3DTextureStage
0x00A800F0|NiD3DPass
0x00A806C0|NiD3DShader
0x00A818A0|NiD3DShaderInterface
0x00A81A50|NiD3DShaderInterface
0x00A81BA0|NiRefObject
0x00A81C00|NiRefObject
0x00A87690|NiD3DShaderConstantMap
0x00A877A0|?$NiTArray@V?$NiPointer@VNiShaderConstantMapEntry
0x00A877C8|?$NiTArray@V?$NiPointer@VNiShaderConstantMapEntry
0x00A877D8|NiRefObject
0x00A881A0|NiRefObject
0x00A88B00|NiRefObject
0x00A88D60|NiD3DGeometryGroupManager
0x00A897D0|NiRefObject
0x00A89840|NiD3DShaderProgram
0x00A89970|NiD3DPixelShader
0x00A8A2B0|NiTexture::RendererData
0x00A8AA08|NiTexture::RendererData
0x00A8B630|?$NiTPointerMap@PAVNiLight
0x00A8BAE0|?$NiTMapBase@V?$NiTPointerAllocator@I
0x00A8CEB0|NiDX9VertexBufferManager
0x00A8D0E0|NiRefObject
0x00A8DB90|NiFragmentShaderInstanceDescriptor
0x00A8E4B0|NiD3DGPUProgramCache
0x00A8EAD0|NiRefObject
0x00A8F0F0|NiGeometryBufferData
0x00A8F840|NiDX9IndexBufferManager
0x00A8FB20|NiRefObject
0x00A8FD80|NiDX9RenderedTextureData
0x00A90A80|NiRefObject
0x00A92520|?$NiTPointerMap@PBDPAVNiShader
0x00A925A0|?$NiTPointerMap@PBDV?$NiPointer@VNiShaderLibrary
0x00A92CF0|NiD3DShaderFactory
0x00A92DC0|NiD3DShaderFactory
0x00A93400|?$NiTPointerMap@PBDPAVNiD3DVertexShader
0x00A934D0|?$NiTPointerMap@PBDPAVNiD3DPixelShader
0x00A93540|?$NiTPointerMap@PBDPAVNiD3DShaderProgramCreator
0x00A93AD0|NiRefObject
0x00A93E00|NiD3DShaderProgramFactory
0x00A93E18|NiRefObject
0x00A943F0|?$NiTArray@PAVNiVBBlock
0x00A94AB0|?$NiTMapBase@V?$NiTPointerAllocator@I
0x00A957B0|?$NiTMapBase@V?$NiTPointerAllocator@I
0x00A95880|NiDynamicGeometryGroup
0x00A96C90|NiD3DHLSLPixelShader
0x00A971D0|NiD3DHLSLVertexShader
0x00A97790|NiDX9ShaderConstantManager
0x00A97C80|NiD3DPixelShader
0x00A98640|?$NiTArray@PAVNiVBChip
0x00A986F0|NiGeometryGroup
0x00A98710|NiGeometryGroup
0x00A98910|NiRefObject
0x00A989C0|NiD3DShaderConstantManager
0x00A98DB0|?$NiTPrimitiveArray@PAVRecord@NiPick
0x00A98E90|?$NiTArray@PAVRecord@NiPick
0x00A98F20|NiPick::Results
0x00A9E680|NiHalfSpaceBV
0x00A9EDD0|?$NiTArray@PAVNiBoundingVolume
0x00AAB8A0|NiSphereBV
0x00AACDE0|NiCollisionData
0x00AAE6D0|NiIntersector
0x00AAE720|NiIntersector
0x00AAE9E0|NiCapsuleSphereIntersector
0x00AAEDC0|NiCapsuleCapsuleIntersector
0x00AB3750|NiCapsuleTriIntersector
0x00AB5E30|NiSphereTriIntersector
0x00AB8AB0|NiOBBNode
0x00ABA1C0|NiOBBNode
0x00AC1AB0|?$NiTMapBase@V?$DFALL@V?$NiTMapItem@PBDPAD
0x00AC1B80|?$NiTMapBase@V?$DFALL@V?$NiTMapItem@PBDPAD
0x00AC1BB0|?$NiTMapBase@V?$DFALL@V?$NiTMapItem@PBDPAD
0x00AC20C0|?$BSTCaseInsensitiveStringMap@PAD
0x00AC3020|?$NiTMapBase@V?$DFALL@V?$NiTMapItem@PBDPAD
0x00AC3093|std::out_of_range
0x00AC35FF|std::locale::_Locimp
0x00AC3648|std::locale::_Locimp
0x00AC3A4F|?$basic_filebuf@DU?$char_traits@D@std
0x00AC409B|type_info
0x00AC78E0|std::exception
0x00AC78F1|std::exception
0x00AC7944|std::exception
0x00AC79A1|std::exception
0x00AC79C4|std::bad_cast
0x00AC79E2|std::bad_cast
0x00AC7A28|std::bad_typeid
0x00AC7A62|std::__non_rtti_object
0x00ACE2D2|std::bad_exception
0x00ACEE9B|std::bad_exception
0x00AE8248|NiRenderedCubeMap
0x00AE82B0|NiTexture
0x00AE8560|NiRenderTargetGroup
0x00AE88D0|NiShaderDeclaration
0x00AE9A60|?$NiTFixedStringMapBase@V?$DFALL@V?$NiTMapItem@VNiFixedString
0x00AE9BF0|NiRefObject
0x00AEA580|NiRefObject
0x00AEA5E0|NiRefObject
0x00BB3250|Tile::MenuStringMap
0x00BB32B0|?$NiTPointerMap@HH
0x00BB33C0|?$NiTPointerMap@PAUValue@Tile
0x00BB33F0|?$SettingT@VINISettingCollection
0x00BB3570|?$SettingT@VINISettingCollection
0x00BB3668|?$SettingT@VINISettingCollection
0x00BB3818|?$SettingT@VINISettingCollection
0x00BB3958|?$SettingT@VINISettingCollection
0x00BB3A18|?$SettingT@VINISettingCollection
0x00BB3A70|?$SettingT@VINISettingCollection
0x00BB3B10|Setting
0x00BB3B40|?$SettingT@VINISettingCollection
0x00BB3BB0|?$SettingT@VINISettingCollection
0x00BB3DC0|?$NiTStringPointerMap@PAVXMLStorage
0x00BB3E10|?$NiTStringPointerMap@PAVBuildStorage@Tile
0x00BB3E60|?$NiTPrimitiveArray@PAVTile
0x00BB4390|?$SettingT@VINISettingCollection
0x00BB4430|?$SettingT@VINISettingCollection
0x00BB44D0|?$SettingT@VINISettingCollection
0x00BB4570|?$SettingT@VINISettingCollection
0x00BB4610|Setting
0x00BB4648|?$SettingT@VINISettingCollection
0x00BB46B0|Setting
0x00BB4760|?$SettingT@VINISettingCollection
0x00BB47F0|?$SettingT@VINISettingCollection
0x00BB4930|?$SettingT@VINISettingCollection
0x00BB6C30|?$SettingT@VINISettingCollection
0x00BB6CD0|?$SettingT@VINISettingCollection
0x00BB6D80|?$SettingT@VINISettingCollection
0x00BB6E00|?$SettingT@VINISettingCollection
0x00BB6EA0|?$SettingT@VINISettingCollection
0x00BB6F40|?$SettingT@VINISettingCollection
0x00BB6FE0|?$SettingT@VINISettingCollection
0x00BB70B0|?$SettingT@VINISettingCollection
0x00BB7150|?$SettingT@VINIPrefSettingCollection
0x00BB71F0|?$SettingT@VINIPrefSettingCollection
0x00BB7290|?$SettingT@VINIPrefSettingCollection
0x00BB7330|Setting
0x00BB7360|?$SettingT@VINIPrefSettingCollection
0x00BB73F8|?$SettingT@VINIPrefSettingCollection
0x00BB7490|?$SettingT@VINIPrefSettingCollection
0x00BB75B0|?$SettingT@VINISettingCollection
0x00BB7738|?$SettingT@VINISettingCollection
0x00BB7790|Setting
0x00BB77C8|?$SettingT@VINISettingCollection
0x00BB7978|?$SettingT@VINISettingCollection
0x00BB7A10|?$SettingT@VINISettingCollection
0x00BB7AB0|?$SettingT@VINISettingCollection
0x00BB7B50|?$SettingT@VINISettingCollection
0x00BB7BF0|?$SettingT@VINISettingCollection
0x00BB7C50|?$SettingT@VINISettingCollection
0x00BB7C90|Setting
0x00BB7D30|?$SettingT@VINISettingCollection
0x00BB7DD0|?$SettingT@VINISettingCollection
0x00BB7E70|?$SettingT@VINISettingCollection
0x00BB7F38|?$SettingT@VINISettingCollection
0x00BB7FB8|?$SettingT@VINISettingCollection
0x00BB92A0|Uniform
0x00BBB7F0|?$SettingT@VINISettingCollection
0x00BBB8A8|?$SettingT@VINISettingCollection
0x00BBB920|?$SettingT@VINISettingCollection
0x00BBB9C0|?$SettingT@VINISettingCollection
0x00BBBB00|?$NiTObjectArray@V?$NiPointer@VNiRefObject
0x00BBBDA0|?$SettingT@VINISettingCollection
0x00BBBE40|Setting
0x00BBBEE0|Setting
0x00BBBF28|?$SettingT@VINISettingCollection
0x00BBBF80|?$SettingT@VINISettingCollection
0x00BBC020|?$SettingT@VINISettingCollection
0x00BBC0C0|?$SettingT@VINISettingCollection
0x00BBC160|?$SettingT@VINISettingCollection
0x00BBC200|?$SettingT@VINISettingCollection
0x00BBC2C0|?$SettingT@VINISettingCollection
0x00BBC360|?$SettingT@VINISettingCollection
0x00BBC400|?$SettingT@VINISettingCollection
0x00BBC4A0|?$SettingT@VINISettingCollection
0x00BC76D8|?$SettingT@VINISettingCollection
0x00BC7770|?$SettingT@VINISettingCollection
0x00BC7810|?$SettingT@VINISettingCollection
0x00BDA000|Tile::MenuStringMap
0x00BDA020|?$NiTMapBase@V?$NiTPointerAllocator@I
0x00BDA1A0|?$NiTMapBase@V?$NiTPointerAllocator@I
0x00BDA210|?$SettingT@VINISettingCollection
0x00BDA440|?$SettingT@VINISettingCollection
0x00BDA4C0|?$SettingT@VINISettingCollection
0x00BDA540|?$SettingT@VINISettingCollection
0x00BDA5C0|?$SettingT@VINISettingCollection
0x00BDA640|?$SettingT@VINISettingCollection
0x00BDA6C0|?$SettingT@VINISettingCollection
0x00BDA740|?$SettingT@VINISettingCollection
0x00BDA800|?$NiTArray@PAVTile
0x00BDA830|?$SettingT@VINISettingCollection
0x00BDA8B0|?$SettingT@VINISettingCollection
0x00BDA930|?$SettingT@VINISettingCollection
0x00BDA9B0|?$SettingT@VINISettingCollection
0x00BDAA30|?$SettingT@VINISettingCollection
0x00BDAAB0|?$SettingT@VINISettingCollection
0x00BDAB30|?$SettingT@VINISettingCollection
0x00BDABB0|?$SettingT@VINISettingCollection
0x00BDAC30|?$SettingT@VINISettingCollection
0x00BDACB0|?$SettingT@VINISettingCollection
0x00BDB2C0|?$SettingT@VINISettingCollection
0x00BDB340|?$SettingT@VINISettingCollection
0x00BDB3C0|?$SettingT@VINISettingCollection
0x00BDB440|?$SettingT@VINISettingCollection
0x00BDB540|?$SettingT@VINISettingCollection
0x00BDB5D0|?$SettingT@VINISettingCollection
0x00BDB650|?$SettingT@VINISettingCollection
0x00BDB6D0|?$SettingT@VINIPrefSettingCollection
0x00BDB750|?$SettingT@VINIPrefSettingCollection
0x00BDB7D0|?$SettingT@VINIPrefSettingCollection
0x00BDB850|?$SettingT@VINIPrefSettingCollection
0x00BDB8E0|?$SettingT@VINIPrefSettingCollection
0x00BDB950|?$SettingT@VINIPrefSettingCollection
0x00BDB9D0|?$SettingT@VINISettingCollection
0x00BDBA50|?$SettingT@VINISettingCollection
0x00BDBAD0|?$SettingT@VINISettingCollection
0x00BDBBD0|?$SettingT@VINISettingCollection
0x00BDBC50|?$SettingT@VINISettingCollection
0x00BDBCD0|?$SettingT@VINISettingCollection
0x00BDBD60|?$SettingT@VINISettingCollection
0x00BDBDD0|?$SettingT@VINISettingCollection
0x00BDBE50|?$SettingT@VINISettingCollection
0x00BDBED0|?$SettingT@VINISettingCollection
0x00BDBF50|?$SettingT@VINISettingCollection
0x00BDBFF0|?$SettingT@VINISettingCollection
0x00BDC070|?$SettingT@VINISettingCollection
0x00BDC0F0|?$SettingT@VINISettingCollection
0x00BDC170|?$SettingT@VINISettingCollection
0x00BDC1F0|?$SettingT@VINISettingCollection
0x00BDC270|?$SettingT@VINISettingCollection
0x00BDC720|Random
0x00BDD440|?$SettingT@VINISettingCollection
0x00BDD4C0|?$SettingT@VINISettingCollection
0x00BDD540|?$SettingT@VINISettingCollection
0x00BDD5C0|?$SettingT@VINISettingCollection
0x00BDD640|?$NiTArray@V?$NiPointer@VNiRefObject
0x00BDD6D0|?$SettingT@VINISettingCollection
0x00BDD750|?$SettingT@VINISettingCollection
0x00BDD7D0|?$SettingT@VINISettingCollection
0x00BDD850|?$SettingT@VINISettingCollection
0x00BDD8D0|?$SettingT@VINISettingCollection
0x00BDD950|?$SettingT@VINISettingCollection
0x00BDD9D0|?$SettingT@VINISettingCollection
0x00BDDA50|?$SettingT@VINISettingCollection
0x00BDDAD0|?$SettingT@VINISettingCollection
0x00BDDB50|?$SettingT@VINISettingCollection
0x00BDDBD0|?$SettingT@VINISettingCollection
0x00BDDC50|?$SettingT@VINISettingCollection
0x00BDE3D0|?$SettingT@VINISettingCollection
0x00BDE450|?$SettingT@VINISettingCollection
0x00BDE4D0|?$SettingT@VINISettingCollection
0x00D8BB08|type_info
0x00D8BBA0|type_info
0x00D8BEC0|type_info
0x00D8C528|type_info
0x00D9DCB8|type_info
0x00D9FAA0|type_info
0x00D9FAF0|type_info
0x00DA0148|type_info
0x00DA01F0|type_info
0x00DA0258|type_info
0x00DA0AA0|type_info
0x00DA1D10|type_info
0x00DA2970|type_info
0x00DA29B8|type_info
0x00DA6E48|type_info
0x00DB12E8|type_info
0x00DBDEE0|IConvexOverlapImpl
0x00DBFBB8|type_info
0x00DC0860|type_info
