# iterative call-graph alignment: 0xRVA|qualified_name|votes
0x00001020|MemoryManager::Instance|1
0x00001050|NiControllerSequence::IDTag::GetCtlrType|1
0x00001500|TESForm::QEndianSwapOnSave|29
0x00001660|TESFile::GetChunkSize|27
0x000018B0|AILinearTaskThread::AILinearTaskThread|1
0x00001930|BSLinearTaskThread::BSLinearTaskThread|1
0x00001970|NiObjectGarbage::Add|1
0x000019A0|ExtraCell3D::~ExtraCell3D|1
0x000024E0|TESForm::GetFormByEditorID|1
0x00002BC0|BGSEquipType::BGSEquipType|1
0x00002EA0|AlchemyItem::InitializeData|1
0x00002EF0|MagicItemObject::MagicItemObject|2
0x000030D0|PathingRequestCover::SetMaxHeightChange|1
0x00003570|CombatStyleData::Endian|1
0x000036B0|PathingRequestSafeStraightLine::GetTarget|1
0x000037B0|BSStringT<char>::BSStringT<char>|25
0x00003970|BSStringT<char>::Init|1
0x000039C0|BSStringT<char>::SetLength|1
0x00003A00|BSStringT<char>::SetMaxLength|1
0x00003E60|EffectSetting::IsFlagSet|3
0x00003EA0|EffectItem::GetActorValueIndex|1
0x00004010|BSShaderManager::IsRefractionEnabled|4
0x00004040|Setting::Float|1
0x000044D0|EffectItem::GetDuration|1
0x000045E0|EffectItem::GetScript|1
0x00004820|BSFile::Flush|1
0x000048E0|BSStringT<char>::Length|2
0x00004D00|SettingCollection<Setting>::SettingCollection<Setting>|2
0x00004D30|SettingCollection<Setting>::WriteSettings|2
0x00004D50|BSTCaseInsensitiveStringMap<Setting *>::BSTCaseInsensitiveStringMap<Setting *>|1
0x00004DC0|std::vector<FffTriDiffMorphS,std::allocator<FffTriDiffMorphS> >::operator[]|4
0x00004EB0|AutoMemContext::AutoMemContext|2
0x000056A0|EffectItemList::EffectItemList|1
0x00006340|TESFullName::TESFullName|1
0x000077C0|TESForm::GetTemporary|5
0x000077E0|Tile::TextToTrait|1
0x00007820|EffectSetting::GetEffectShader|1
0x00007A90|TESForm::GetFormID|2
0x00008820|Tile::Poke|2
0x00008970|ModelLoader::QueueModel|1
0x00008A20|TESModel::GetModelLength|1
0x00008A80|BSStringT<char>::StrCmp|1
0x00008D60|Setting::Bool|2
0x00009210|TESForm::SetFormType|2
0x00009310|EnchantmentItem::InitializeData|1
0x00009340|MagicItemForm::MagicItemForm|2
0x00009C40|IngredientItem::InitializeData|1
0x0000A1C0|EffectItemList::EffectItemList|1
0x0000A250|MagicItem::GetMagicItemByNumericID|1
0x0000AB70|MagicItem::FinishedLoading|1
0x0000B460|BSTask<__int64>::GetTaskCanceled|1
0x0000C0E0|BSStringT<char>::BSStringT<char>|1
0x0000C110|NiPointer<Model>::~NiPointer<Model>|1
0x0000E330|BSExtraData::GetExtraType|1
0x0000E9C0|BaseFormComponent::BaseFormComponent|1
0x0000EBD0|BSRandom::UnsignedInt|1
0x0000F2A0|BSExtraData::BSExtraData|1
0x0000F6E0|NiControllerSequence::GetName|1
0x0000FE80|BaseExtraList::HasExtra|1
0x000141E0|TESForm::QEndianSwapOnSave|1
0x00014430|NiColorA::NiColorA|1
0x00016870|NiColor::NiColor|2
0x00016B40|RADIO_DATA::RADIO_DATA|1
0x00018900|ListBox<PerkRankData *>::~ListBox<PerkRankData *>|1
0x00018F10|BSExtraData::BSExtraData|1
0x00019220|BSExtraData::BSExtraData|1
0x00019480|BSExtraData::BSExtraData|1
0x0001A250|BSSoundHandle::BSSoundHandle|11
0x0001BCE0|BSSpinLock::BSSpinLock|1
0x0001CA90|TESPackage::GetPackType|5
0x0001FD00|BSSoundHandle::BSSoundHandle|1
0x00020410|BaseExtraList::RemoveExtra|1
0x00020DD0|ExtraSavedAnimation::DeleteBuffer|1
0x00024940|NiPointer<BSShaderAccumulator>::operator->|1
0x00025FF0|BSExtraData::BSExtraData|1
0x000280F0|BGSChangeFlags::CheckFlags|7
0x0002CE30|BGSLoadFormBuffer::GetOldChangeFlags|2
0x0002F5D0|TESForm::AddChunk|1
0x0002F730|NiPointer<ActorCause>::NiPointer<ActorCause>|1
0x0002F760|NiPointer<ActorCause>::NiPointer<ActorCause>|1
0x0002F780|BSExtraData::BSExtraData|1
0x0002FA40|AStarNode<NavMeshSearchNode,NavMeshSearchLink>::GetNodeData|1
0x0002FB00|PathingRequest::GetDestination|1
0x00030830|TESObjectREFR::GetAngleOnReference|2
0x00030A10|TESForm::GetFormType|1
0x00031920|BSExtraData::BSExtraData|1
0x00032DA0|BSExtraData::BSExtraData|1
0x00033750|BSExtraData::BSExtraData|2
0x00035E00|CombatTimer::ElapsedTime|4
0x00036780|ExtraTalkingActor::CreateLocalMobileObjectCopy|1
0x00036AA0|TESForm::GetFile|1
0x00037B90|TESForm::GetDisabledOrDeleted|1
0x00037BF0|Actor::GetDetectionLevelValue|1
0x00038210|AutoMemContext::AutoMemContext|1
0x00038220|Tile::GetFloat|1
0x00038390|TESForm::SetFormEditorID|1
0x00038470|TESForm::GetInitialized|1
0x00038B90|BSCoreMessage::QInstance|1
0x00038BF0|TESObjectCELL::GetWorldSpace|1
0x00039090|NiPoint3::operator!=|12
0x000390C0|NiPoint3::operator==|2
0x00039260|NiProperty::NiProperty|2
0x00039340|NiAlphaProperty::SetSrcBlendMode|1
0x00039390|NiAlphaProperty::SetDestBlendMode|1
0x000393C0|NiAlphaProperty::SetAlphaTesting|1
0x000393E0|NiAlphaProperty::SetTestMode|1
0x00039EF0|NiPoint3::operator-|2
0x0003A2B0|BSCoreMessage::QInstance|1
0x0003AAF0|Model::Model|1
0x0003ACB0|BSAutoEvent::BSAutoEvent|1
0x0003B2B0|MessageHandler::IncDisableWarningCount|5
0x0003B410|QueuedKF::QueuedKF|1
0x0003B460|QueuedFileEntry::QueuedFileEntry|1
0x0003B480|NiNode::GetArrayCount|1
0x0003B4A0|NiNode::GetAt|1
0x0003BA10|NiShaderConstantMapEntry::IsMatrix4|1
0x0003BAC0|AutoMemContext::AutoMemContext|1
0x0003C130|Actor::IsCrippled|1
0x0003C470|NiPointer<KFModel>::operator=|1
0x0003C490|ModelLoader::FindKFModel|1
0x0003CAA0|QueuedFile::GetAllChildrenFinished|8
0x0003CAF0|QueuedModel::GetFinishedQueuing|1
0x0003CC60|IOTask::GetIOTaskPriority|7
0x0003CC80|IOTask::GetPriority|1
0x0003CCC0|ModelLoader::QueueTexture|1
0x0003CFD0|BSStream::BSStream|1
0x0003D100|NiStream::NiStream|1
0x0003D450|Animation::SpecialIdleWorking|1
0x0003D640|QueuedTexture::QueuedTexture|1
0x0003D690|IOTask::AddToPostProcessQueue|2
0x0003DBB0|IOTask::SetKey|1
0x0003DC10|IOTask::GetNextCounter|1
0x0003E530|QueuedTexture::GetAlreadyInPalette|1
0x0003EA90|ModelLoader::RemoveReplacementKFListFromMap|1
0x0003F1F0|QueuedHelmet::SetFinishedQueuing|1
0x0003F220|BipedAnim::GetBipObject|1
0x0003FAB0|QueuedHelmet::GetFinishedQueuing|1
0x0003FB50|ModelLoader::RemoveHelmetFromMap|1
0x0003FCD0|TESObjectREFR::Get3D|4
0x00040460|NiAVObject::SetTranslate|2
0x000405B0|IOTask::SetIOTaskPriority|1
0x00040DA0|BSSimpleList<FalloutRadio::FORadioStation *>::GetNext|1
0x00040E30|BSCoreMessage::QInstance|1
0x00041290|QueuedReference::QueueMe|1
0x000424C0|BSTaskThread::WaitSemaphore|1
0x000424E0|BSSemaphore::Wait|1
0x00042550|BSSemaphore::Signal|1
0x00043190|AutoMemContext::AutoMemContext|1
0x000431B0|BSTreeManager::AddBackgroundLoadedTree|1
0x00043240|AutoMemContext::~AutoMemContext|1
0x000436C0|ModelLoader::QueueTexture|4
0x00043DC0|ModelLoader::QueueModel|1
0x00044D20|BSSimpleArray<CombatProcedure *,1024>::BSSimpleArray<CombatProcedure *,1024>|1
0x00044ED0|TESObject::GetModelFileName|1
0x000454D0|NiRefObject::~NiRefObject|1
0x00045670|ModelLoader::CancelReferencesForCell|1
0x00046390|BGSProjectile::GetExplosion|1
0x00046EF0|MemoryLevelManager::QInstance|1
0x00047BF0|ModelLoader::QueueEGMFile|1
0x000483A0|std::basic_string<char,std::char_traits<char>,std::allocator<char> >::c_str|1
0x00048920|QueuedKF::Run|1
0x00049050|BSTask<__int64>::SetTaskFinished|1
0x00049110|BSTask<__int64>::GetTaskFinished|3
0x00049130|BSTask<__int64>::GetTaskCanceled|4
0x00049150|BSTask<__int64>::SetTaskFinished|1
0x0004A170|NiRefObject::~NiRefObject|1
0x0004A580|std::basic_string<char,std::char_traits<char>,std::allocator<char> >::~basic_string<char,std::char_traits<char>,std::allocator<char> >|1
0x0004ADF0|NiTArray<NiParticles *,NiTMallocInterface<NiParticles *> >::GetSize|1
0x0004AFE0|NiPointer<KFModel>::NiPointer<KFModel>|2
0x0004B0F0|ModelLoader::GetLoadedFileFromMap|1
0x0004B130|BSCriticalSection::TryLock|1
0x0004B180|LoadedFile::DecRefCount|1
0x0004B220|NiPointer<LoadedFile>::operator=|1
0x0004C640|BSReadWriteLock::UnlockWrite|1
0x0004CBF0|NiPointer<AttachDistant3DTask>::~NiPointer<AttachDistant3DTask>|1
0x0004CC10|LockFreeMap<TESObjectREFR *,NiPointer<QueuedReference> >::LockFreeMapIterator::LockFreeMapIterator|1
0x0004DD60|LowProcess::LoadGame|1
0x0004DEE0|BGSChangeFlags::BGSChangeFlags|2
0x0004F560|SettingT<INISettingCollection>::QCollection|3
0x0004F570|SettingT<INISettingCollection>::QCollection|1
0x0004FAA0|SettingCollectionList<Setting>::Head|1
0x00050410|StartMenu::OptionListBox::OptionListBox|1
0x000506A0|BSSimpleList<NiPointer<ImageSpaceModifierInstance> >::BSSimpleList<NiPointer<ImageSpaceModifierInstance> >|1
0x00050B40|BSSimpleList<TESObjectCELL *>::BSSimpleList<TESObjectCELL *>|1
0x00050B60|NiPointer<LoadedAreaBound>::NiPointer<LoadedAreaBound>|1
0x00050B90|bhkWorld::SetChaseDeltaMult|1
0x00050D00|Setting::Float|1
0x00050FD0|TESObjectCELL::GetState|1
0x000511E0|TES::IsCellLoaded|1
0x000512A0|TESObjectCELL::SetState|1
0x000516B0|TESDataHandler::GetSaveLoad|1
0x00052530|NiTArray<Animation *,NiTNewInterface<Animation *> >::GetAt|1
0x00052DC0|TESForm::GetInitialized|1
0x00052E50|TES::SetUpdateGridString|1
0x000538A0|BSCriticalSection::Enter|7
0x000538C0|BSCriticalSection::Leave|8
0x000539A0|NiPointer<QueuedFile>::NiPointer<QueuedFile>|1
0x000543C0|BSStringT<char>::Set|1
0x00054B10|TESObjectREFR::GetInterior|1
0x00054B90|TES::AddToBuffer|1
0x00055620|TES::GetDeadCount|1
0x00056610|NiAVObject::GetAppCulled|1
0x00057BA0|ModelLoader::ReleaseFile|1
0x00058620|hkTransform::hkTransform|1
0x000587D0|hkMatrix3::getColumn|2
0x00058BE0|TES::GetCellPriority|1
0x00058F90|AutoMemContext::AutoMemContext|1
0x0005A1C0|bhkWorld::SetUpdateType|1
0x0005A350|bhkWorld::SetRecFunction|1
0x0005A5E0|Tile::AddUserTrait|2
0x0005BB80|RaceSexMenu::MenuOptionList::InsertMenuOption|1
0x0005BC00|BGSDistantTreeBlock::ReadTypes|1
0x0005C520|BSSimpleArray<ShadowSceneLight *,1024>::BSSimpleArray<ShadowSceneLight *,1024>|1
0x0005C650|TESForm::GetFormByNumericID|1
0x0005C670|Interface::PrintLine|1
0x0005C6B0|TESObjectREFR::GetObjectReference|1
0x0005DFE0|bhkWorld::SetDebrisMaxVelocity|1
0x00060140|BGSNote::GetNoteSound|1
0x00060340|TESForm::GetAltered|2
0x000610D0|BSCoreMessage::QInstance|1
0x000610F0|MobileObject::MobileObject|1
0x00061330|TESDataHandler::NewCell|1
0x00061580|TESRaceForm::TESRaceForm|1
0x00061630|NiTLargeArray<TESForm *,NiTMallocInterface<TESForm *> >::GetSize|1
0x00061930|TESBoundObject::TESBoundObject|1
0x00061BC0|TESRegionPoint::TESRegionPoint|1
0x00064E10|BSSimpleList<ListBoxItem<BGSPerk *> *>::GetItem|1
0x00069860|BSSimpleArray<char *,1024>::BSSimpleArray<char *,1024>|1
0x0006A010|ProcessLists::GetSystemTimeClock|1
0x0006E8A0|MessageHandler::QWarningCount|5
0x0006FB20|Menu::Menu|1
0x000705C0|NiTPointerListBase<DFALL<NiTListItem<BSAnimGroupSequence const *> >,BSAnimGroupSequence const *>::NewItem|1
0x00070650|FORM::Endian|1
0x00071C20|TESObjectCELL::GetInterior|1
0x000720D0|TESForm::GetFormByNumericID|1
0x000723A0|TESObjectCELL::GetPersistentCell|1
0x00072660|TESFile::GetTESForm|18
0x000727D0|TESForm::GetFormType|1
0x00072840|TESFile::GetChunkData|1
0x00072BC0|TESFile::ReadFormHeader|1
0x00072FE0|TESFile::AddTESForm|1
0x00073070|TESForm::GetFormBuffer|2
0x00073080|TESForm::GetFormBufferSize|2
0x00073110|TESFile::EasyWrite|1
0x00073180|TESDataHandler::IsFormIDCreated|1
0x00073250|TESFile::GetCompileIndex|2
0x000732F0|TESFile::GetGroupList|1
0x00073660|ExtraDataList::GetCanopyShadowMask|1
0x000736C0|TESFile::StartAndEndGroupsForForm|1
0x00073930|TESForm::GetFormType|1
0x00074A40|Tile::GetTileByName|1
0x00074CB0|TESForm::GetFormEditorIDLength|2
0x000750B0|BGSClipRoundsForm::BGSClipRoundsForm|2
0x000753D0|BGSDestructibleObjectForm::IsDestructible|1
0x00075400|BGSDestructibleObjectForm::GetDestructionForm|1
0x00075A00|BGSDestructibleObjectForm::HasValidStages|1
0x000768C0|NiCollisionObject::GetSceneGraphObject|1
0x000781E0|EffectSetting::QueueEffectFinished|1
0x00079320|BGSEquipType::BGSEquipType|5
0x00079C40|TESFile::QEndian|1
0x0007CB90|ACTOR_BASE_DATA::Endian|1
0x0007D800|TESActorBaseData::SetFactionRank|1
0x0007DD50|TESActorBaseData::SetFlagBit|1
0x0007E2A0|BSCoreMessage::QInstance|1
0x0007EE00|TESAIForm::SetAggression|1
0x0007EED0|TESAIForm::SetConfidence|1
0x0007EF00|TESAIForm::SetEnergy|1
0x0007EF50|TESAIForm::SetResponsibility|1
0x0007F060|BSSoundHandle::Play|1
0x000802F0|TESBipedModelForm::TESBipedModelForm|2
0x00080DB0|ListBox<ItemChange *>::NumItems|1
0x00082CB0|NiAVObject::GetParent|1
0x00082F20|TESDataHandler::GetLoadingFiles|1
0x00082F40|TESDescription::LoadDescription|1
0x00083370|TESForm::TESForm|52
0x000839C0|TESForm::GetFormByNumericID|30
0x000846A0|TESForm::SetDestructible|1
0x00084AB0|TESForm::SetInitialized|23
0x00084B40|TESForm::IsDefaultForm|1
0x00084D00|BSSimpleArray<SpectatorThreatInfo,1024>::GetSize|1
0x00084E60|TESForm::GetFile|12
0x00085110|TESForm::LoadForm|20
0x000855A0|TESForm::StartForm|19
0x00085680|TESForm::CloseForm|9
0x000856D0|TESForm::AddChunk|3
0x000856F0|TESForm::AddChunkArray|1
0x00085710|TESForm::AddChunkArray|1
0x000858F0|TESForm::AddChunk|2
0x00085910|TESForm::AddChunk|4
0x00085990|TESForm::__AddChunkData|12
0x00085B30|TESForm::FreeFormBuffer|1
0x00085D50|TESForm::AddCompileIndex|11
0x00085E20|TESForm::__SaveData|2
0x00086890|TESForm::GetFormType|1
0x00087010|Interface::PrintLine|1
0x00087050|BGSSaveGameBuffer::SaveData|1
0x000872E0|Tile::GetTileByName|1
0x00088FD0|TESTextureList::TESTextureList|1
0x00088FF0|BSStringT<char>::BSStringT<char>|1
0x000891D0|TESModel::Save|1
0x00089280|BGSLoadGameBuffer::LoadVariableSizedValue|1
0x000892D0|MagicItem::GetAVEffect|1
0x000893E0|EffectItem::GetRange|1
0x00089620|TESForm::GetFile|1
0x0008ADE0|TESModelTextureSwap::ClearTexSwapList|1
0x0008AE30|BGSChangeFlags::CheckFlags|1
0x0008B4C0|TESSpellList::GetSpellList|1
0x0008BB70|BGSBodyPartData::GetBodyPart|1
0x0008D150|PathingRequest::GetOrigin|2
0x0008D330|Actor::GetActorBase|1
0x0008EE50|PathingRequestOptimalLocation::GetAbsoluteMinDistance|1
0x0008F200|NiTPointerList<Tile *>::NiTPointerList<Tile *>|6
0x0008F370|NiTPointerListBase<DFALL<NiTListItem<BSAnimGroupSequence const *> >,BSAnimGroupSequence const *>::Remove|1
0x00091040|Animation::GetCurrentSequence|1
0x00093830|TESObjectWEAP::GetWeaponType|1
0x000938C0|AutoMemContext::AutoMemContext|1
0x00093BB0|Actor::IsInCombat|6
0x000949A0|Setting::Bool|1
0x00095460|ActiveEffect::GetMagnitude|4
0x00095D00|Tile::AddUserTrait|1
0x00095F30|AnimIdle::AnimIdle|1
0x00096080|TESSaveLoadGame::UseSaveGameBlocks|1
0x00096940|BGSDehydrationStage::FindStageForRadLevel|1
0x00096A50|NiRefObject::NiRefObject|1
0x000985F0|Animation::SpecialIdleDonePlaying|1
0x00098F80|TESObjectREFR::GetExtra|1
0x000997B0|TESIdleManager::GetUsedItem|1
0x00099B70|BGSDehydrationStage::GetSickness|1
0x0009C0B0|NiObjectGarbage::Add|1
0x0009C390|AnimIdle::GetSaveSize|1
0x0009C5D0|NiPointer<NiRefObject>::NiPointer<NiRefObject>|1
0x0009C680|BSSpinLock::Lock|1
0x0009DA80|NiCullingProcess::GetCamera|1
0x0009ED90|NiAlphaProperty::SetAlphaBlending|1
0x0009EDB0|NiStencilProperty::SetStencilFunction|1
0x0009EEA0|TESSaveLoadGame::UseSaveGameBlocks|1
0x000A0370|NiXenonRenderer::LockRenderer|1
0x000A03A0|NiRenderer::LockCount|2
0x000A03C0|NiXenonRenderer::UnlockRenderer|1
0x000A0BD0|NiObjectNET::GetName|1
0x000A0EA0|NiXenonRenderer::GetRenderer|1
0x000A1A30|BSFaceGenKeyframeMultiple::BSFaceGenKeyframeMultiple|3
0x000A3970|hkConstraintCinfo::GetViewerStrings|3
0x000A3B50|hkpRayHitCollector::reset|2
0x000A3B70|hkpAllRayHitCollector::reset|1
0x000A3D00|hkpWorldRayCastOutput::hkpWorldRayCastOutput|1
0x000A4040|StartMenu::PauseMenuIsActive|1
0x000A4460|BSSimpleList<NiPointer<BSTempEffect> >::IsEmpty|1
0x000A4730|hkInplaceArray<hkpWorldRayCastOutput,8,hkContainerHeapAllocator>::hkInplaceArray<hkpWorldRayCastOutput,8,hkContainerHeapAllocator>|1
0x000A4AC0|BGSPrimitive::BGSPrimitive|1
0x000A4C50|NiColorA::NiColorA|1
0x000A4C90|NiColorA::operator!=|3
0x000A4CC0|NiColorA::operator==|3
0x000A51B0|NiPoint3::operator[]|1
0x000A9B50|BSSimpleArray<NavMeshInfo *,1024>::BSSimpleArray<NavMeshInfo *,1024>|1
0x000AC110|TESObjectREFR::GetObjectReference|2
0x000AD050|NiPointer<Model>::~NiPointer<Model>|1
0x000AE700|bhkWorldObject::GetCollidable|1
0x000AE750|bhkRigidBody::operator*|2
0x000AE8A0|BipedAnim::IsFaceGenObject|1
0x000AFC50|NiPSysModifierCtlr::NiPSysModifierCtlr|1
0x000B0460|BGSSaveGameBuffer::SaveData|1
0x000B07E0|NiTPrimitiveArray<BSAnimNoteReceiver::BSAnimNoteReceiverType *>::NiTPrimitiveArray<BSAnimNoteReceiver::BSAnimNoteReceiverType *>|1
0x000B0EF0|Setting::Float|1
0x000B2960|NiAVObject::IsVisualObject|1
0x000B4500|NiAVObject::GetWorldTransform|1
0x000B46A0|NiPointer<NiGeometryData>::operator->|1
0x000B5A20|bhkCollisionObject::Getbhk|2
0x000B5A80|bhkEntity::Getbhk|2
0x000B5B20|Animation::GetControllerManager|1
0x000B6190|NiPlane::Distance|1
0x000B66D0|TESObjectREFR::GetObjectReference|1
0x000B7210|InterfaceManager::Instance|62
0x000B7660|NiCamera::NiCamera|1
0x000BA490|GridCellArray::Get|4
0x000BA4E0|GridCellArray::Set|3
0x000BAEC0|NiPoint3::NiPoint3|1
0x000BC1F0|NiAVObject::SetTranslate|1
0x000BC3F0|Renderer::GetNIRenderer|4
0x000BCDB0|ListBox<BGSPerk *>::Initialize|1
0x000BED00|ModelLoader::QueueModel|1
0x000BF150|BSExtraData::~BSExtraData|1
0x000C69F0|ListBox<StartMenu::Option *>::Traverse|1
0x000C6BA0|AutoMemContext::AutoMemContext|1
0x000C8F30|Interface::PrintLine|1
0x000D5C60|MiscStatManager::Increment|1
0x000D5D50|bhkWorld::SetAddBipedWhenKeyframed|1
0x000D5E00|MenuManager::Instance|1
0x000D9380|BSExtraData::~BSExtraData|1
0x000D9AE0|NiMatrix3::operator!=|2
0x000DC020|BSTimer::GetSeconds|1
0x000DC060|BSShaderManager::GetShaderLevel|1
0x000DC0A0|BSShaderManager::GetUseRefractionShader|1
0x000DC1F0|NiPoint3::NiPoint3|1
0x000DC200|NiPoint4::SetVector|1
0x000DE490|SettingT<INIPrefSettingCollection>::QCollection|2
0x000DE890|BSCustomSplatterExtraData::Tag|1
0x000E0320|BSSplatterExtraData::Tag|1
0x000E3270|BSShaderManager::GetImageSpaceManager|3
0x000E9530|NiRenderer::GetFrameState|1
0x000E9BB0|BSShaderProperty::SetFlag|1
0x000EA950|BGSProjectile::GetData|1
0x000EAF60|PlayerCharacter::Is3rdPerson|3
0x000EBB30|NiTPrimitiveArray<enum NiTexturingProperty::FilterMode>::NiTPrimitiveArray<enum NiTexturingProperty::FilterMode>|1
0x000EBB50|NiTPrimitiveArray<enum BSTextureManager::eTextureType>::NiTPrimitiveArray<enum BSTextureManager::eTextureType>|1
0x000EBBC0|BSCoreMessage::QInstance|1
0x000EE390|BGSDecalNode::Init|2
0x000EE4B0|BSShaderProperty::SetDepthBias|1
0x000EE810|BSSimpleList<NiPointer<ImageSpaceModifierInstance> >::BSSimpleList<NiPointer<ImageSpaceModifierInstance> >|1
0x000EE840|BSSimpleList<NiPointer<bhkSerializable> >::BSSimpleList<NiPointer<bhkSerializable> >|1
0x000EE920|AutoMemContext::AutoMemContext|1
0x000EFF50|NiSwitchNode::GetUpdateOnlyActiveChild|2
0x000F0140|Setting::Float|1
0x000F0180|bhkRigidBody::QOkToMove|1
0x000F09E0|TESForm::TESForm|1
0x000F1540|TESRegionData::GetOverride|23
0x000F15A0|TESForm::SetFormType|59
0x000F15C0|TESRegionData::SetPriority|18
0x000F3360|BaseFormComponent::BaseFormComponent|1
0x000F3400|TESRegionDataList::Clear|1
0x000F4280|BSStringT<char>::ByteLengthWithNull|1
0x000F43C0|TESRegionSounds::TESRegionSounds|2
0x000F4BAD|TESFile::GetChunkData|2
0x000F4BB3|TESForm::GetFormByNumericID|1
0x000F5EF0|TESRegionGrassObjectList::Clear|3
0x000F6060|TESRegionGrassObjectList::Copy|4
0x000F61D0|TESRegionGrassObjectList::MergeLists|1
0x000F6640|BSSimpleList<TESRegion *>::BSSimpleList<TESRegion *>|1
0x000F79F0|TESFile::GetChunkData|1
0x000F7DD0|TESForm::GetInitialized|1
0x000F8220|TESForm::LoadForm|1
0x000F8A60|SettingCollection<Setting>::SetFileHandle|1
0x000F8C50|BGSAddonNode::InitializeData|1
0x000F9230|BGSAddonNodeSoundHandleExtra::Tag|1
0x000F9570|BGSConstructibleObject::InitializeData|1
0x000F9E30|TESForm::TESForm|1
0x000FAA00|BGSExplosionData::BGSExplosionData|1
0x000FAA20|BGSExplosionData::Initialize|1
0x000FADC0|BGSExplosion::GetData|1
0x000FADE0|BGSExplosion::InitializeData|1
0x000FC2E0|BGSPlaceableWater::InitializeData|1
0x000FC360|BGSPlaceableWater::SetReflectionEnabled|1
0x000FC380|BGSPlaceableWater::SetReflectsLand|1
0x000FC3A0|BGSPlaceableWater::SetReflectsLODLand|1
0x000FC3C0|BGSPlaceableWater::SetReflectsSky|1
0x000FC3E0|BGSPlaceableWater::SetRefractionEnabled|1
0x000FC400|BGSPlaceableWater::SetRefractsLand|1
0x000FC420|BGSPlaceableWater::EnableUnderwaterFoggingPass|1
0x000FC450|BGSPlaceableWater::SetAutomaticWater|1
0x000FC470|BGSPlaceableWater::SetObjectTexCoordsEnabled|1
0x000FC490|BGSPlaceableWater::SetDepthEnabled|1
0x000FCC00|BGSProjectileData::BGSProjectileData|1
0x000FCC20|BGSProjectileData::Initialize|1
0x000FD050|BGSProjectile::InitializeData|1
0x000FD090|TESBoundObject::TESBoundObject|1
0x000FD380|MobileObject::GetDialogueItemTarget|2
0x000FD3C0|BGSProjectile::GetExplosion|1
0x000FD3E0|EffectSetting::GetHitSound|1
0x000FE7A0|BGSTalkingActivator::InitializeData|1
0x000FFC90|TESObjectACTI::TESObjectACTI|1
0x000FFFE0|MessageHandler::SetWarningCount|2
0x00101830|ComputersMenu::AnimatingTextManager::AddItem|1
0x00101E50|AStarSearch<NavMeshSearchNode,NavMeshSearchLink>::AStarSearch<NavMeshSearchNode,NavMeshSearchLink>|1
0x00103650|RaceSexMenu::MenuOption::GetID|1
0x00103E70|TESCasinoChips::InitializeData|1
0x00104620|TESForm::TESForm|1
0x00105000|TESCombatStyle::GetDefaultCombatStyle|1
0x00105610|SimpleCombatStyleData::Endian|2
0x001057A0|AdvancedCombatStyleData::Endian|2
0x001059C0|CombatStyleData::Endian|2
0x001064D0|EffectShaderData::EffectShaderData|1
0x00107610|PathingRequest::CopyTo|3
0x001076C0|PathingRequestCover::SetThreat|1
0x00108070|MissileProjectile::Initialize3D|1
0x00108120|BSPlayerDistanceCheckController::GetCheckDistance|1
0x00108D70|TESForm::GetHasResults|1
0x00108F70|TESFurniture::InitializeData|1
0x00109EE0|TESGrass::InitializeData|1
0x0010D4A0|TESObject::GetScaledModelFileName|1
0x0010E8B0|NiNPShortPoint3::operator=|2
0x0010E8F0|NiNPShortPoint3::GetZERO|2
0x0010E9C0|TESBoundObject::BOUND_DATA::BOUND_DATA|1
0x0010ED30|TESBoundObject::BOUND_DATA::Endian|2
0x0010FD90|BSAutoEvent::BSAutoEvent|1
0x00110130|TESForm::TESForm|1
0x00110710|TESObjectACTI::InitializeData|1
0x00112010|TESObjectARMA::InitializeData|1
0x00112E10|TESObjectARMO::InitializeData|1
0x00114830|TESObjectBOOK::InitializeData|1
0x001156B0|TESObjectCLOT::InitializeData|1
0x00119B00|TESParameters::GetParamCount|1
0x0011A980|TESObjectMISC::InitializeData|1
0x0011B840|PathingRequest::SetActorHeight|1
0x0011B860|PathingRequest::GetGoalZDelta|2
0x0011B8E0|PathingRequest::GetSmoothingRandomness|1
0x0011D000|NiBillboardNode::SetMode|1
0x0011D060|NiBillboardNode::SetUpdateControllers|1
0x0011D190|BSTextureSet::BSTextureSet|1
0x0011D250|TESForm::GetInitialized|1
0x0011D400|QueuedFileEntry::QueuedFileEntry|1
0x0011D740|BSTreeManager::CanTreesLoad|1
0x0011DDF0|TESObjectWEAP::InitializeData|1
0x0011E300|TESBoundObject::TESBoundObject|1
0x001224A0|TESForm::GetFormByNumericID|1
0x00125340|NiPoint3::operator-|1
0x00125430|VATS::IsInVats|2
0x00126640|INTERIOR_DATA::INTERIOR_DATA|1
0x00126790|INTERIOR_DATA::Endian|2
0x00127080|TESObjectREFR::GetObjectReference|1
0x00127F40|BSSimpleList<DeadCountObject *>::BSSimpleList<DeadCountObject *>|1
0x00128560|ExteriorCellLoader::RemoveCell|2
0x00128620|ExteriorCellLoader::LoadCellData|1
0x001287B0|ExteriorCellLoader::AttachLoadedCell|1
0x001293F0|Menu::Menu|1
0x00129540|ImageSpaceModifierInstance::ImageSpaceModifierInstance|2
0x00129990|TESImageSpaceModifier::GetTickCount|4
0x0012AC50|TESClimate::SetMoonPhaseDays|1
0x0012B260|TESClimate::SetUsesMasser|1
0x0012B2C0|TESClimate::SetUsesSecunda|1
0x0012BAD0|TESImageSpaceModifier::ImageSpaceModifierData::ImageSpaceModifierData|1
0x0012BB10|NiFloatInterpolator::NiFloatInterpolator|7
0x0012BB70|NiFloatInterpolator::NiFloatInterpolator|2
0x0012D3B0|NiColorInterpolator::SetColorData|2
0x0012EAE7|TESFile::GetChunkSize|1
0x0012ED90|TESImageSpaceModifier::FlushData|1
0x00131D20|TESImageSpaceModifier::BlendApply|1
0x00134550|BSFaceGenBaseMorphExtraData::GetMorphModelData|1
0x00136D80|TESForm::TESForm|1
0x00137100|TESDataHandler::GetNextID|1
0x00137130|BSSpinLock::Lock|1
0x00137BD0|BGSDehydrationStage::FindStageForRadLevel|1
0x00137D60|NiGeometryBufferData::GetMaxVertCount|1
0x00137E90|CombatPlannerData::SetPlanner|1
0x00137EB0|BSStringT<char>::BSStringT<char>|1
0x001394C0|BaseFormComponent::BaseFormComponent|1
0x00140720|ActorLockData::ActorLockData|2
0x001407B0|StartMenu::SetSaveGameScreenshot|1
0x00141A30|TESTexture::TESTexture|1
0x00141A60|BaseFormComponent::BaseFormComponent|1
0x00141AE0|TESFile::GetTESChunk|1
0x00141B00|TESForm::SetInitialized|1
0x00141B80|TESObjectCELL::InitStatics|1
0x00141C00|TESObjectCELL::KillStatics|1
0x00141C80|TESObjectCELL::GetInterior|1
0x001442C0|TESForm::GetFileList|1
0x00145C10|TESForm::TESForm|1
0x00145CB0|TESObjectCELL::Get3D|1
0x00145CF0|TESObjectCELL::Load3D|1
0x001467E0|BSMultiBoundNode::QMultiBound|1
0x00146AF0|Interface::QueueMenuCreate|1
0x00146FB0|TESObjectCELL::GetLand|1
0x001495F0|NiGeometry::GetModelData|2
0x0014BA80|TESObjectCELL::AttachLights|1
0x0014CD20|ExtraDataList::ExtraDataList|1
0x0014DA00|NiTPointerListBase<DFALL<NiTListItem<BSAnimGroupSequence const *> >,BSAnimGroupSequence const *>::FindPos|1
0x0014EE20|BSTreeManager::AreTreesVisible|1
0x001510B0|TESForm::SetFormType|1
0x001516C0|TESFile::GetTESForm|1
0x00152BD0|TESObjectCELL::Detach|1
0x001533C0|TESObjectCELL::GetAttached|1
0x00154010|TESObjectCELL::CreateWorld|1
0x001545F0|hkpPhantomListener::hkpPhantomListener|1
0x001546A0|TESObjectCELL::MoveExteriorWorld|1
0x001548A0|TESObjectLAND::GetCoordData|1
0x001571A0|TESObjectCELL::QueueReferences|1
0x001576C0|ExtraDataList::~ExtraDataList|1
0x00157C40|TESObjectCELL::FadeToLowDetail|1
0x00158200|NavMesh::GetTriangleCount|1
0x00158220|DoorLock::DoorLock|1
0x001582D0|TESObjectREFR::GetTeleport|1
0x001582F0|NavMesh::GetTriangle|3
0x00158310|Sky::IsRaining|1
0x00158DD0|BSSimpleArray<NavMeshTriangle,1024>::operator[]|2
0x001597D0|NiTPointerListBase<DFALL<NiTListItem<BSAnimGroupSequence const *> >,BSAnimGroupSequence const *>::AddTail|1
0x00159A40|NiPointer<PathingSolution>::NiPointer<PathingSolution>|2
0x00159A70|NiTListBase<DFALL<NiTListItem<BSAnimGroupSequence const *> >,BSAnimGroupSequence const *>::AddNodeTail|1
0x0015A2F0|TESObjectREFR::TESObjectREFR|1
0x0015A400|OBJ_REFR::OBJ_REFR|1
0x0015AC90|TESObjectREFR::InitializeData|1
0x0015B980|QueuedFileEntry::GetFileEntry|2
0x0015E200|TESActorBaseData::GetRunsInLow|1
0x0015F5B0|TESSaveLoadGame::GetRevertBefore|1
0x00160C20|bhkRigidBody::operator*|1
0x001611C0|bhkBlendCollisionObject::QHeirGain|1
0x001615D0|NiMatrix3::NiMatrix3|1
0x00161690|bhkWorld::QDeltaTime|1
0x001616D0|hkTransform::getTranslation|1
0x00161730|TESObjectREFR::GetObjectReference|1
0x00163200|bhkWorldObject::GetFlags|2
0x001653D0|BSCoreMessage::QInstance|1
0x00168AB0|Actor::EndInterruptPackage|1
0x00168E50|TESObjectREFR::GetWorldSpace|1
0x00169060|Tile::AddUserTrait|1
0x0016C7F0|Tile::GetFloat|1
0x0016DF00|NiPointer<NiTriShape>::operator=|1
0x0016DFF0|bhkNiCollisionObject::QSyncMode|1
0x0016E350|bhkPhantom::ResetPhantomFlags|1
0x0016E810|hkVector4::hkVector4|1
0x0016EA00|bhkSphereShape::Init|1
0x0016F930|TESObjectREFR::FindReferenceFor3D|2
0x0016FA00|TESObjectREFR::GetOrientation|1
0x00171B50|Animation::GetControllerManager|1
0x001722C0|Animation::GetAnimsLoading|1
0x00172380|TESObjectREFR::GetDistanceFromPoint|1
0x00173050|BSSimpleList<FACTION_RANK *>::GetItem|1
0x001730D0|TESReputation::GetReputationThreshold|1
0x00174900|ChangeData::GetFlags|1
0x00175690|TESObjectREFR::SetObjectReference|1
0x00175830|TESObjectREFR::SetLocationOnReference|2
0x00175D10|TESObjectREFR::GetParentCell|1
0x00176760|MagicCaster::MagicCaster|1
0x00178400|PlayerCharacter::IsActionInList|1
0x00179670|Actor::IsSleeping|1
0x0017B520|TESObjectREFR::RemoveFromAllWater|1
0x0017B730|ZoneEntry::GetTargetEntry|1
0x0017BD60|MobileObject::SetDialogueItemTarget|1
0x0017C530|hkPointerMap<int,int,hkContainerHeapAllocator>::hkPointerMap<int,int,hkContainerHeapAllocator>|1
0x0017CD10|TESTerrainLODManager::TESTerrainLODManager|1
0x0017CE60|TESObjectLAND::GetGrassEvalSize|1
0x00181BE0|TESForm::TESForm|1
0x00182000|TESImageSpaceModifiableCountForm<6>::InitializeDataComponent|1
0x001822C0|TESWeatherList::TESWeatherList|2
0x00182380|TESWeatherList::Save|2
0x001825A0|TESWeatherList::CopyComponent|5
0x00182780|TESWeatherList::FlushList|1
0x00182940|MessageHandler::QWarningCount|1
0x00183040|TESTerrainLODManager::TESTerrainLODManager|1
0x00183180|NiTPointerMap<unsigned int,BSSimpleList<TESObjectREFR *> *>::NiTPointerMap<unsigned int,BSSimpleList<TESObjectREFR *> *>|1
0x00185B30|TESWorldSpace::LoadCell|1
0x00186150|CombatController::GetCombatState|12
0x00187760|NiPointer<NiNode>::NiPointer<NiNode>|1
0x001877E0|BSSimpleList<TESObjectREFR *>::BSSimpleList<TESObjectREFR *>|1
0x00187BB0|TESFullName::TESFullName|1
0x00187C80|BSCoreMessage::QInstance|1
0x00187F40|TESForm::TESForm|1
0x00188C80|NiPointer<BSPortalGraph>::NiPointer<BSPortalGraph>|1
0x0018B600|TESForm::SetFormType|1
0x0018B630|BGSCameraPath::InitializeData|1
0x0018B960|BGSCameraPathManager::GetDefaultPath|1
0x0018CB00|NiTransformInterpolator::GetPosData|1
0x0018DB10|BSSimpleList<ExtraDataList *>::GetItem|1
0x0018DC90|BGSImpactData::InitializeData|1
0x0018EB10|BGSImpactDataSet::InitializeData|1
0x0018F010|BSExtraData::~BSExtraData|1
0x0018FF60|Tile::Set|1
0x001906D0|TESForm::TESForm|1
0x001913B0|TESForm::TESForm|1
0x001924D0|TESBoundObject::TESBoundObject|1
0x00193240|DecalData::DecalData|1
0x001977D0|MediaSet::MediaLayer::MediaLayer|6
0x00197850|MediaSet::MediaLayer::Clear|1
0x00198040|AutoMemContext::AutoMemContext|1
0x0019B0E0|TESBoundObject::TESBoundObject|1
0x0019B9C0|TESForm::TESForm|1
0x0019B9F0|TESCaravanDeck::InitializeData|1
0x0019BB30|ActiveEffect::GetTarget|93
0x001A2030|Actor::IsSwimming|1
0x001A29B0|PlayerCharacter::GetTeammateCount|1
0x001A3370|Tile::AddUserTrait|1
0x001A5F40|CompanionWheelMenu::PlayReactivityBark|1
0x001A6880|TESForm::TESForm|1
0x001A6E50|BaseFormComponent::BaseFormComponent|1
0x001A7130|BSThread::SetName|1
0x001A71D0|LoadScreenType_Data::LoadScreenType_Data|1
0x001A7220|DisplayData::DisplayData|2
0x001A7400|LoadScreenType_Data::Endian|2
0x001A7840|TESRecipeCategory::ResetFlag|1
0x001A8080|BGSLoadFormBuffer::GetChangeFlags|1
0x001A80A0|TESForm::TESForm|1
0x001A8EA0|ScriptCompiler::CompilePartialScript|1
0x001A9D00|ScriptLocals::Revert|1
0x001AB400|Script::InitItem|1
0x001ABF60|Script::CloneLocals|1
0x001AC020|TESObjectREFR::GetScriptVariables|1
0x001AC340|Script::RunScriptEffectStart|1
0x001AC380|Script::RunScriptEffectFinish|1
0x001AC3C0|Script::RunScriptEffectUpdate|1
0x001AE3D0|NiUpdateData::NiUpdateData|1
0x001B9B00|BSShaderManager::IsRefractionEnabled|6
0x001BC130|Script::ParseParameters|1
0x001BD5B0|Tile::GetMenuByClass|1
0x001BD5C0|BSSimpleList<Explosion::ExplosionTarget *>::IsEmpty|1
0x001C1A00|Tile::Set|1
0x001C4210|Script::ParseParameters|1
0x001C8A30|BSSoundHandle::BSSoundHandle|1
0x001C9B50|PlayerCharacter::GetActiveQuest|1
0x001D1260|BSAudio::QInstance|1
0x001D9660|Tile::GetFloat|1
0x001DC960|TESObjectREFR::Get3D|1
0x001DC980|BSCoreMessage::QInstance|1
0x001DD4E0|BSFaceGenKeyframeMultiple::GetQuantity|3
0x001DD830|BSFaceGenManager::GetFaceGenExpressionText|1
0x001DD840|BSFaceGenMorphDifferential::GetVertices|2
0x001DD850|std::vector<FffTriDiffMorphS,std::allocator<FffTriDiffMorphS> >::operator[]|1
0x001DFA10|ListBox<StartMenu::Option *>::IsEnabled|1
0x001E0B40|TESSound::GetPassThroughSoundName|1
0x001E0BA0|NiPointer<NiAVObject>::NiPointer<NiAVObject>|1
0x001E2590|ScriptRunManager::Instance|3
0x001E2EF0|TESSound::~TESSound|1
0x001E3020|BGSBodyPart::BGSBodyPart|1
0x001E3510|TESForm::GetFormID|1
0x001E3FC0|CombatWorldState::GetValue|1
0x001E4C70|TESForm::TESForm|1
0x001E6250|BGSEntryPointFunctionData::StartFunctionData|4
0x001E6C60|BGSEntryPointFunctionData::BGSEntryPointFunctionData|1
0x001E7460|TESForm::TESForm|1
0x001E9160|Tile::Set|1
0x001E9620|BGSPerkEntry::StartPerkEntry|3
0x001E9690|BGSPerkEntry::FinishPerkEntry|2
0x001EACA0|TESForm::TESForm|1
0x001EC1F0|BSStringT<char>::BSStringT<char>|1
0x001ED760|RagdollFeedbackData::RagdollFeedbackData|1
0x001ED790|RagdollFeedbackData::RagdollFeedbackSystemData::RagdollFeedbackSystemData|1
0x001ED850|FootIK_DATA::FootIK_DATA|1
0x001ED8C0|FootIK_DATA::FootIKSystem_DATA::FootIKSystem_DATA|1
0x001ED910|LookIK_DATA::LookIK_DATA|1
0x001ED980|GrabIK_DATA::GrabIK_DATA|1
0x001ED9F0|PoseMatching_DATA::PoseMatching_DATA|1
0x001EDA60|PoseMatching_DATA::PoseMatching_System_DATA::PoseMatching_System_DATA|1
0x001EDAF0|GrabIK_DATA::GrabIK_DATA|1
0x001EDB10|LookIK_DATA::LookIK_DATA|1
0x001EDB70|FootIK_DATA::FootIK_DATA|1
0x001EDBD0|RagdollFeedbackData::RagdollFeedbackData|1
0x001EDD00|BGSRagdoll::InitializeData|1
0x001EDFB0|TESForm::TESForm|1
0x001EFE70|TESForm::GetFormID|1
0x001F4BB0|BGSCameraPath::~BGSCameraPath|1
0x001F4FD0|TESChallenge::InitializeData|1
0x001F65D0|NiTArray<Actor *,NiTMallocInterface<Actor *> >::RemoveAt|1
0x001F67C0|TESClass::InitializeData|1
0x001F75E0|TESActorBase::TESActorBase|1
0x001F7A40|TESCreature::InitializeData|1
0x001F7B50|TESAIForm::InitItem|1
0x001FC1B0|TESEyes::InitializeData|1
0x001FC530|Interface::SetCurrentFocusTarget|1
0x001FC5F0|RaceSexMenu::MenuOptionList::RemoveMenuOption|1
0x001FC840|TESForm::TESForm|1
0x001FDC30|TESHair::InitializeData|1
0x001FDFA0|TESActorBase::GetSex|1
0x001FE160|TESModelAnim::TESModelAnim|1
0x00200930|Actor::IsContinuingPackageforPC|1
0x002013A0|NiPointer<BSFaceGenNiNode>::NiPointer<BSFaceGenNiNode>|1
0x00201750|TESActorBase::TESActorBase|1
0x00201800|TESActorBaseData::GetFlagBit|1
0x00202170|RaceSexMenu::MenuOption::GetID|1
0x00203B50|RaceSexMenu::MenuOptionList::Find|1
0x00203BB0|TESForm::GetFormID|1
0x00207340|BSFaceGenModelExtraData::Tag|1
0x00208D80|PlayerCharacter::Is3rdPerson|1
0x0020BEF0|NiTArray<NiPointer<NiAVObject>,NiTNewInterface<NiPointer<NiAVObject> > >::SetSize|3
0x0020C760|TESQuest::GetObjectiveList|1
0x0020D4B0|LockFreeMap<PathingRequest *,PathingTaskData *>::LockFreeMapIterator::LockFreeMapIterator|1
0x002101B0|TESForm::GetFormID|1
0x00210AC0|TESForm::TESForm|1
0x00211DB0|NiNode::GetArrayCount|1
0x00213850|BaseFormComponent::BaseFormComponent|1
0x00213870|BSStringT<char>::SPrintF|1
0x00213950|BSStringT<char>::BSStringT<char>|1
0x00213FB0|PathingRequestCoveredMove::SetCoverLocation|1
0x002166E0|Tile::GetFloat|1
0x00216DC0|BSAutoEvent::BSAutoEvent|1
0x0021A2D0|BSSimpleList<FalloutRadio::FORadioStation *>::GetItem|1
0x0021A310|TESTopic::GetOwnerTopic|1
0x0021B320|TESTopic::CreateDialogueItem|1
0x0021CC40|LowProcess::GetActorValue|1
0x0021F4D0|bhkEntityListener::bhkEntityListener|1
0x0021F6C0|PlayerCharacter::QCameraRigidBody|2
0x0021FBA0|TargetEntry::TargetEntry|1
0x0021FFB0|BGSZoneTargetListener::BGSZoneTargetListener|3
0x00220760|bhkTTNode<TESObjectREFR>::SetFlags|1
0x00220B80|ComputersMenu::AnimatingTextManager::GetCount|1
0x00221060|hkpCdPointCollector::hkpCdPointCollector|1
0x00221B00|BSTempEffect::GetAge|1
0x00221E40|NiTObjectArray<NiPointer<bhkRigidBody> >::NiTObjectArray<NiPointer<bhkRigidBody> >|1
0x00221E60|NiRefObject::NiRefObject|1
0x00222570|hkBool::hkBool|43
0x00223C50|bhkContactListener::bhkContactListener|1
0x002240D0|NiPointer<BSMultiBoundNode>::NiPointer<BSMultiBoundNode>|1
0x00224700|BGSPlaceableWater::GetData|1
0x00224B10|AutoMemContext::AutoMemContext|1
0x00225BD0|hkArray<HavokError::hkFileLine,hkContainerHeapAllocator>::hkArray<HavokError::hkFileLine,hkContainerHeapAllocator>|1
0x00225BF0|hkError::hkError|1
0x00225C50|HavokError::isReportEnabled|1
0x00225F10|hkError::hkError|1
0x00225FE0|hkStreamWriter::hkStreamWriter|1
0x00226000|HavokFileStreambufReader::HavokFileStreambufReader|1
0x00226450|hkPointerMap<int,int,hkContainerHeapAllocator>::hkPointerMap<int,int,hkContainerHeapAllocator>|1
0x00226470|hkPointerMap<int,int,hkContainerHeapAllocator>::insert|1
0x00226490|hkPointerMap<int,int,hkContainerHeapAllocator>::getWithDefault|1
0x002264B0|hkPointerMap<int,int,hkContainerHeapAllocator>::remove|1
0x00226870|hkArrayBase<hkpRootCdBodyPair>::clear|1
0x00226CB0|bhkWorldObject::GetCollisionFilter|1
0x002299A0|hkArray<HavokError::hkFileLine,hkContainerHeapAllocator>::hkArray<HavokError::hkFileLine,hkContainerHeapAllocator>|1
0x0022A290|hkpClosestRayHitCollector::reset|1
0x0022A2B0|hkpWorldRayCastOutput::reset|1
0x0022AB20|CFilter::QBipLayer|1
0x0022D760|bhkTrapListener::bhkTrapListener|1
0x0022D920|BGSZoneTargetListener::BGSZoneTargetListener|1
0x0022E1D0|hkInplaceArray<hkpRootCdBodyPair,16,hkContainerHeapAllocator>::hkInplaceArray<hkpRootCdBodyPair,16,hkContainerHeapAllocator>|1
0x0022FEC0|AutoMemContext::AutoMemContext|1
0x00231370|bhkWaterListener::bhkWaterListener|1
0x00231820|BGSSaveFormBuffer::GetChangeFlags|2
0x00232C60|AutoMemContext::AutoMemContext|1
0x00232E20|SettingT<BlendSettingCollection>::QCollection|2
0x00233D90|SkyObject::SkyObject|1
0x0023C8A0|REFR_LOCK::REFR_LOCK|1
0x0023D040|FORenderedMenu::GetMenuRoot|2
0x002447D0|TESForm::GetFormType|1
0x00248E30|ItemChange::GetExtraDataList|1
0x00248FA0|ItemChange::GetContainerObject|1
0x002499D0|BSFaceGenAnimationData::Tag|1
0x0024A290|NiQuaternion::operator!=|2
0x0024A4D0|BSFaceGenKeyframeMultiple::SetQuantity|10
0x0024DB70|NiRefObject::NiRefObject|1
0x0024E980|BSFaceGenManager::LockFaceGenAccess|1
0x00252140|AutoMemContext::AutoMemContext|1
0x002521E0|BSSimpleList<TESNPC *>::AddHead|1
0x00252510|NiAVObject::GetSelectiveUpdate|1
0x002529A0|TESScriptableForm::InitItem|1
0x00253270|NiObject::DynamicCast|2
0x00253290|NiObject::DynamicCast|11
0x00253460|BSFaceGenBaseMorphExtraData::Tag|1
0x00253DC0|BSFaceGenManager::ResetQuantityArray|1
0x00257150|BSFaceGenManager::QueueHeadParts|1
0x00258040|BSCoreMessage::QInstance|1
0x00258C10|std::basic_string<char,std::char_traits<char>,std::allocator<char> >::length|1
0x00258F30|std::basic_string<char,std::char_traits<char>,std::allocator<char> >::basic_string<char,std::char_traits<char>,std::allocator<char> >|1
0x00259600|AutoMemContext::AutoMemContext|1
0x00259C10|NiRefObject::NiRefObject|1
0x00259C40|AutoMemContext::AutoMemContext|1
0x0025C630|AutoMemContext::AutoMemContext|1
0x0025C700|std::vector<FR2Vect3TC<float>,std::allocator<FR2Vect3TC<float> > >::operator[]|2
0x0025C750|BSFaceGenModelTextureData::BSFaceGenModelTextureData|1
0x0025C820|BSStringT<char>::Set|1
0x0025CC30|std::vector<FR2Vect3TC<float>,std::allocator<FR2Vect3TC<float> > >::operator[]|1
0x0025E750|BSFaceGenMorphData::BSFaceGenMorphData|1
0x0025F640|NiPointer<NiTriBasedGeom>::operator=|1
0x0025F9E0|std::basic_string<char,std::char_traits<char>,std::allocator<char> >::length|1
0x0025FDE0|std::basic_string<char,std::char_traits<char>,std::allocator<char> >::~basic_string<char,std::char_traits<char>,std::allocator<char> >|1
0x0025FE40|NiPointer<BSFaceGenModelMap::Entry>::NiPointer<BSFaceGenModelMap::Entry>|1
0x0025FF00|std::vector<FffTriDiffMorphS,std::allocator<FffTriDiffMorphS> >::size|1
0x00261DA0|std::vector<FR2Vect3TC<float>,std::allocator<FR2Vect3TC<float> > >::operator[]|1
0x002620D0|NiNode::GetViewerStrings|1
0x00262110|NiRTTI::GetName|1
0x00262190|NiTArray<char *,NiTMallocInterface<char *> >::Add|1
0x00262840|std::vector<FffTriDiffMorphS,std::allocator<FffTriDiffMorphS> >::size|1
0x00262860|std::vector<FffTriDiffMorphS,std::allocator<FffTriDiffMorphS> >::operator[]|6
0x00263050|BSFaceGenAnimationData::ShouldHeadTrack|1
0x00263450|BSFaceGenManager::GetUseLOD|1
0x00263510|BSFaceGenNiNode::UpdateMorphing|2
0x00263A10|Setting::Bool|1
0x00263A50|BSFaceGenNiNode::GetIAmPlayerCharacter|1
0x00263B40|BSCullingProcess::GetAccumulator|2
0x00263B60|BSShaderAccumulator::GetRenderMode|1
0x00264840|BSTreeManager::GetInstance|1
0x00264CD0|NiObjectNET::SetDefaultCopyType|1
0x00265BE0|BSTreeManager::RemoveBackgroundLoadedTree|1
0x002665A0|BSExtraData::~BSExtraData|1
0x00266910|NiPointer<BSTreeModel>::NiPointer<BSTreeModel>|1
0x00266F00|BSTreeModel::IsInstance|2
0x00267120|BSFadeNode::BSFadeNode|1
0x00267470|BSTreeModel::CreateBranchGeometry|1
0x00268500|BSTreeModel::CreateLeafGeometry|1
0x00269500|BSTreeModel::CreateBillboardGeometry|1
0x0026E2B0|BSExtraData::~BSExtraData|1
0x0026E9B0|ActorValue::GetActorValueDesc|1
0x0026E9F0|ActorValue::GetActorValueIcon|1
0x0026EC80|ActorValue::ToArrayIndex|1
0x0026FD20|ActorValue::GetSection|1
0x0026FD90|BSAudio::GetSoundHandleByName|1
0x0026FDC0|ActorValue::IsAIAttribute|1
0x0026FDF0|ActorValueInfo::GetActorValueFormID|1
0x00270760|PACKAGE_DATA::Endian|2
0x00270B30|TESPackageData::TESPackageData|5
0x00271D10|BSSimpleList<BGSCameraShot *>::BSSimpleList<BGSCameraShot *>|1
0x00272DD0|TESObjectREFR::GetTeleport|1
0x00273180|TESPackage::SetPackageSchedule|1
0x00274D40|TESPackage::GetIsCreated|1
0x00274FD0|TESObjectREFR::GetWorldSpace|1
0x002751A0|TESObjectREFR::GetParentCell|1
0x002759E0|TESPackage::ComputeInitialTarget|2
0x00278CA0|TESObjectREFR::GetLinkedDoorTeleportPosition|1
0x00278CC0|PackageSchedule::GetStartDayOfWeek|1
0x00278CE0|ModelLoader::CancelReference|1
0x0027DA80|TESForm::SetFormType|1
0x0027DD20|TESFile::QEndian|1
0x0027E3A0|PackageList::PackageList|1
0x0027F6C0|PackageLocation::Save|3
0x0027FB20|TESPackage::~TESPackage|1
0x0027FC50|PackageLocation::InitLoadGame|1
0x0027FCB0|PackageSchedule::PackageSchedule|1
0x0027FD40|PackageSchedule::Copy|2
0x0027FDB0|PackageSchedule::SetStartDayOfWeek|1
0x0027FDD0|PackageSchedule::SetStartDate|1
0x0027FDF0|PackageSchedule::SetStartTime|1
0x00280020|TESParameters::GetParamIsTESForm|1
0x00280050|TESForm::GetFormByNumericID|1
0x00280080|BSStringT<char>::String|1
0x002800B0|TESForm::GetFile|1
0x00280110|TESForm::AddCompileIndex|1
0x00280140|BSStringT<char>::BSStringT<char>|1
0x00280830|PackageTarget::InitLoadGame|1
0x00280890|TESCondition::TESCondition|5
0x002808B0|BSSimpleList<TESRecipeComponent *>::BSSimpleList<TESRecipeComponent *>|1
0x00280910|TESCondition::Save|1
0x00280F70|TESCondition::GetConditionItem|1
0x00280FE0|TESDataHandler::GetLoadingFiles|1
0x002827B0|BSTempEffect::BSTempEffect|6
0x00283A60|Main::UpdateTextures|1
0x0028A830|TESObject::TESObject|1
0x0028A850|BSTempEffect::BSTempEffect|1
0x0028B4A0|Setting::Bool|1
0x0028EFB0|NavMesh::GetEdgeExtraInfo|1
0x0028F0A0|DoorTeleportData::GetTeleportCell|1
0x0028F200|NavMeshTriangle::IsEdgeConnected|1
0x0028F230|NavMesh::GetEdgeExtraInfo|3
0x0028F2E0|BSCoreMessage::QInstance|1
0x0028F460|NavMesh::GetMatchingEdge|3
0x00291140|NavMeshTriangle::GetFlag|3
0x00292710|FILE_POS_ROT::FILE_POS_ROT|1
0x002928A0|TESForm::GetFormID|1
0x00293BD0|NiTMapBase<DFALL<NiTMapItem<unsigned int,NiPointer<ReferenceObstacleArray> > >,unsigned int,NiPointer<ReferenceObstacleArray> >::GetAt|1
0x00293D50|BaseProcess::SetLastTimeProcessed|1
0x00293EF0|ModelLoader::ReleaseFile|1
0x00299AF0|NavMesh::GetClosedDoorInfoForTriangle|3
0x0029A690|NAVMESH_PORTAL::NAVMESH_PORTAL|1
0x0029B080|BSTask<__int64>::GetTaskPending|5
0x0029B940|BSSimpleArray<bool,1024>::_InitialSetup|1
0x0029CFE0|PathingRequestCoveredMove::GetUnreachableCoverLocations|1
0x0029D280|NavMeshGrid::NavMeshGrid|1
0x0029E390|PathingRequest::GetAvoidNodeArray|2
0x002A1440|BSSimpleArray<NavMeshTriangle,1024>::operator[]|1
0x002A6A40|NavMeshSearch::NavMeshSearch|2
0x002A6EB0|NavMeshSearchNode::GetCenter|5
0x002A78F0|PathingRequest::GetCenterRadius|1
0x002A7910|PathingRequest::GetCenter|1
0x002A7AD0|CaravanMenu::IsFlagSet|2
0x002A7AF0|BSSimpleArray<NiPoint3,1024>::GetAt|1
0x002A8500|TESDataHandler::IsFormIDCreated|2
0x002A9540|PathingRequest::GetDestination|1
0x002AB150|TESForm::GetFormByNumericID|1
0x002AB360|TESCombatStyle::GetAdvancedData|1
0x002B31C0|AStarSearch<PathSmootherPOVNode,PathSmootherPOVLink>::AStarSearch<PathSmootherPOVNode,PathSmootherPOVLink>|1
0x002B3270|BSSimpleArray<PathSmootherPOVLink,1024>::BSSimpleArray<PathSmootherPOVLink,1024>|1
0x002B35A0|BSSimpleArray<PathSmootherPOV *,1024>::BSSimpleArray<PathSmootherPOV *,1024>|3
0x002B35F0|BSSimpleArray<PathSmootherPOV *,1024>::BSSimpleArray<PathSmootherPOV *,1024>|1
0x002B3640|NiPoint3::NiPoint3|1
0x002B3710|AStarSearch<PathSmootherPOVNode,PathSmootherPOVLink>::AStarSearch<PathSmootherPOVNode,PathSmootherPOVLink>|1
0x002B37E0|NiRefObject::NiRefObject|1
0x002B4880|NavMeshInfo::GetInfoChunkSize|1
0x002B7D90|NiTPointerMap<unsigned int,NavMeshInfo *>::NiTPointerMap<unsigned int,NavMeshInfo *>|1
0x002B7DC0|NiTMap<unsigned int,NiTMap<unsigned int,BSSimpleArray<NavMeshInfo *,1024> *> *>::NiTMap<unsigned int,NiTMap<unsigned int,BSSimpleArray<NavMeshInfo *,1024> *> *>|1
0x002B8310|DFALL<NiTMapItem<LowProcess *,LP_LOCK_DATA> >::Deallocate|1
0x002B9130|CombatTimer::GetTargetTime|4
0x002C0100|hkpEntityActivationListener::hkpEntityActivationListener|1
0x002C5E40|LockFreeMap<PathingRequest *,PathingTaskData *>::LockFreeMapIterator::GetFinished|1
0x002C7850|BSXenonTaskletData::BSXenonTaskletData|1
0x002C9900|PathingRequest::GetActorLockData|1
0x002CA4E0|FleePackage::GetFleeTimer|1
0x002CF120|NiRefObject::~NiRefObject|1
0x002D1BC0|PathingRequest::SetDestination|1
0x002D2C00|PathingLocation::SetUnused|1
0x002D2C40|PathingRequestClosePoint::GetMaxDistance|1
0x002D30B0|PathingRequestCoveredMove::SetAttackerSneakHeight|1
0x002D3370|PathingRequest::PathingRequest|1
0x002D3AC0|PathingRequest::SetOrigin|1
0x002D3AE0|PathingRequest::SetActorRadius|1
0x002D3B00|PathingRequest::SetTargetRadius|1
0x002D61E0|PathingRequest::SetAvoidNodeArray|1
0x002DAD40|PathingRequest::CopyTo|1
0x002DCCE0|PathingLocation::operator=|1
0x002DD640|NavMeshPtr::NavMeshPtr|1
0x002DE790|PathingLocation::PrintDebugText|2
0x002E2150|BSSimpleArray<NavMeshPtr,1024>::BSSimpleArray<NavMeshPtr,1024>|1
0x002E2210|LockFreeMap<PathingRequest *,PathingTaskData *>::LockFreeMapIterator::LockFreeMapIterator|1
0x002E2960|PathingRequest::SetGoalZDelta|2
0x002E2980|PathingRequest::SetCenterRadius|1
0x002E29B0|PathingRequest::SetActorLockData|1
0x002E29D0|PathingRequest::SetSmoothingRandomness|1
0x002E4340|PathingRequestCover::SetMaxCoverDistance|1
0x002E4360|PathingRequestCover::SetMaxResults|1
0x002E4380|PathingRequestCover::SetFindBothSides|1
0x002E43A0|PathingRequestCover::SetFindBehindTarget|1
0x002E43C0|PathingRequestCover::SetSortFarthestFirst|1
0x002E43E0|PathingRequestCover::SetSortDistanceFromTarget|1
0x002E4400|PathingRequestCover::SetHideCover|1
0x002E4CD0|NiPoint3::NiPoint3|1
0x002E4EF0|BSCoreMessage::QInstance|1
0x002E4F10|PathingRequestCoveredMove::SetAttackerHealth|1
0x002E4F50|PathingRequestCoveredMove::SetLocationIndex|1
0x002E4F90|PathingRequestCoveredMove::SetTargetLocation|1
0x002E4FB0|PathingRequestCoveredMove::SetFinished|1
0x002E5330|PathingRequestCoveredMove::ClearTargetLocation|1
0x002E60C0|PathingRequest::CopyTo|1
0x002E77B0|NiRefObject::NiRefObject|1
0x002E8F80|BSTaskletGroup::Close|1
0x002E9280|BSCriticalSection::Enter|1
0x002E9570|BSTaskletGroup::WaitForCompletion|1
0x002EA9D0|PathingTaskData::QWaitingForRayCasts|1
0x002EBDE0|LockFreeMap<TESObjectREFR *,NiPointer<QueuedReference> >::LockFreeMapIterator::GetFinished|1
0x002EC970|BSReadWriteLock::TryLockForWriteAndReserve|1
0x002F5780|BGSDistantObjectBlock::BuildBlockDiffuseTextureFileName|1
0x002F57C0|BGSDistantObjectBlock::BuildBlockNormalTextureFileName|1
0x002F60C0|AutoMemContext::AutoMemContext|2
0x002F74F0|TESTexture::SetTextureName|1
0x002F8890|BGSDistantTreeBlock::BuildBlockFileName|1
0x002F9300|BGSDistantTreeBlock::HideQueuedTrees|1
0x002FAB20|BGSTerrainChunk::BuildChunkDiffuseTextureFileName|1
0x002FAB70|BGSTerrainChunk::BuildChunkNormalTextureFileName|1
0x002FC980|TESObjectLAND::GetGrassEvalSize|1
0x002FCA70|TESTexture::TESTexture|1
0x002FE920|NiNode::NiNode|1
0x002FFEA0|AnimatingText::Update|2
0x003000B0|AnimatingText::GetDisplayMode|1
0x003000D0|AnimatingText::GetFlashMode|1
0x00300110|BSSoundHandle::Play|1
0x003001F0|BSSoundHandle::~BSSoundHandle|1
0x00300270|Tile::Value::SetFloat|1
0x003010E0|Menu::Menu|1
0x00301520|ListBox<ItemChange *>::ListBox<ItemChange *>|1
0x00302140|HotKeysWheel::IsDPadPressed|1
0x003023C0|Interface::GetTopMenuID|1
0x00302450|Interface::IsTopMenuID|29
0x00302640|TESSaveLoadGame::GetCurrentVersion|1
0x00302680|Interface::IsMenuIDVisible|1
0x003027B0|Menu::IsMenuVisible|1
0x00303080|NiPoint3::NiPoint3|1
0x00303390|Interface::GetTelekinesisREFR|1
0x00303610|NiPointer<NiNode>::NiPointer<NiNode>|1
0x003037C0|BaseProcess::SetLastDateProcessed|1
0x003037E0|Interface::EmergencyCloseAllMenusAndBreakStuff|1
0x00303D50|Interface::IsConsoleVisible|1
0x00303FA0|Tile::GetFloat|1
0x00304000|StartMenu::SaveSettings|1
0x00304140|Interface::CreateMapMenu|1
0x00304170|Interface::SetMapMenuVisible|1
0x00304370|InterfaceManager::GetPipboy|4
0x00304390|StatsMenu::ResetHealingMode|1
0x00304BE0|Interface::CreateStatsMenu|1
0x00304C10|Interface::SetStatsMenuVisible|1
0x003050D0|Setting::String|1
0x00305110|Tile::SetName|1
0x00305910|Interface::GetVATSEffect|1
0x00305990|Interface::GetPipboy|5
0x00305A00|Animation::GetCurrentSequence|1
0x00305B10|PathingRequestCoveredMove::SetAttackerHeight|1
0x00305DD0|Menu::RenderTemplate|1
0x00305E30|Interface::CloseLoadingMenu|1
0x00305EA0|FORenderedMenu::FORenderedMenu|1
0x00306F50|Interface::NewTimer|1
0x00307640|Tile::Tile|1
0x003079F0|InterfaceManager::IsInRenderedMenu|1
0x00307E30|Interface::PopulateItemStatsDisplay|1
0x00309470|TESObjectREFR::GetParentCell|1
0x00309C00|Interface::IsPipboyOpen|1
0x00309D40|Interface::Has360Controller|3
0x0030EC70|InterfaceManager::GetMouseWheel|5
0x0030ECF0|InterfaceManager::IsShiftDown|1
0x0030ED80|StatsMenu::IsTargetingBodyPart|1
0x00314960|IOManager::LoadAllQueuedPriorities|1
0x00314A00|BSCoreMessage::QInstance|1
0x00314C60|InterfaceManager::EmergencyCloseAllMenusAndBreakStuff|1
0x00314F00|InterfaceManager::GetEnterStackTop|2
0x00314F70|InterfaceManager::GetEnterStack|2
0x00315D40|NiMatrix3::NiMatrix3|1
0x00315DA0|NiPoint3::NiPoint3|1
0x00317280|InterfaceManager::PlayMenuSound|13
0x003177C0|Tile::AddUserTrait|1
0x00317820|Tile::AddUserTrait|1
0x003178A0|InterfaceManager::IsInPipboyMenu|1
0x00317A40|Controls::GetUserAction|1
0x00318630|Setting::Float|1
0x00318840|InterfaceManager::TutorialManager::HasBeenShown|2
0x003189C0|ListBox<StartMenu::Option *>::GetHighlightedData|1
0x00319740|StartMenu::SetFlag|1
0x00319790|BSTimer::GetTime|1
0x00319B20|BSSimpleArray<hkpCollidable const *,1024>::Find<hkpCollidable const *>|2
0x00319BE0|Menu::Menu|1
0x0031D580|MenuConsole::ToggleVisible|1
0x0031D620|MenuConsole::SetVisible|4
0x0031F8C0|ListBox<enum ActorValue::Index>::ListBox<enum ActorValue::Index>|1
0x00320010|SurgeryMenu::GetIndex|1
0x00321060|ListBox<enum ActorValue::Index>::ListBox<enum ActorValue::Index>|2
0x00321990|ListBoxBase::ListBoxBase|1
0x003230E0|ListBoxBase::ListBoxBase|1
0x00324AB0|ListBox<enum MiscStatManager::MiscStatID>::~ListBox<enum MiscStatManager::MiscStatID>|1
0x00325C20|ListBox<enum MiscStatManager::MiscStatID>::~ListBox<enum MiscStatManager::MiscStatID>|1
0x00326C90|D3D::Disassembler::PrintRTF|1
0x00326CF0|Tile::GetOrCreateValue|1
0x00326F10|RecipeMenu::GetFilterList|2
0x00327430|RecipeMenu::Close|1
0x003299A0|ListBox<TESRecipe *>::ListBox<TESRecipe *>|1
0x00329D80|ListBoxBase::ListBoxBase|1
0x0032A7C0|ListBox<TESRecipeComponent *>::ListBox<TESRecipeComponent *>|1
0x0032B210|ListBox<TESConditionItem *>::ListBox<TESConditionItem *>|1
0x0032FA60|Controls::GetMouseAxis|1
0x00330810|ListBox<ItemChange *>::ListBox<ItemChange *>|4
0x003308E0|HotKeysWheel::HotKeysWheel|1
0x003312E0|ListBox<ItemChange *>::SaveListState|4
0x0033AC90|NiTPointerListBase<NiTPointerAllocator<unsigned int>,Tile *>::GetHead|1
0x0033B020|InterfaceManager::GetCursorY|1
0x0033D850|BSUtilities::GetObjectByName|1
0x00340940|TESDataHandler::GetRegionDataManager|3
0x00347D00|InterfaceManager::GetCursorX|1
0x00349740|BSSimpleArray<TESCaravanCard *,1024>::Add|1
0x00349A40|CaravanMenu::SetFlag|2
0x0034ECB0|BSSimpleArray<TESCaravanCard *,1024>::GetSize|1
0x0034ED40|CaravanMenu::IsFlagSet|1
0x003530A0|BSTextureData::Tag|1
0x003537B0|CharGenMenu::SetDisplayString|1
0x003545A0|TESForm::GetFormByEditorID|1
0x00354930|ListBox<enum ActorValue::Index>::ToggleSelection|1
0x00354950|ListBox<enum ActorValue::Index>::IsSelected|2
0x00355270|CompanionWheelMenu::Close|1
0x00355660|Setting::Int|1
0x003557D0|CompanionWheelMenu::SetButtonAsHighlighted|6
0x003560C0|CompanionWheelMenu::Do_ToggleNearFar|1
0x003561B0|CompanionWheelMenu::Do_ToggleAggressivePassive|1
0x003562B0|CompanionWheelMenu::Do_ToggleRangedMelee|1
0x003563A0|CompanionWheelMenu::Do_ToggleStayFollow|1
0x00356490|CompanionWheelMenu::Do_UseStim|1
0x003568D0|CompanionWheelMenu::Do_OpenInventory|1
0x00356980|BSSoundHandle::BSSoundHandle|1
0x003583B0|BSSoundHandle::Play|1
0x003585A0|ComputersMenu::FlashCursor|1
0x003586E0|ListBox<TERMINAL_MENU_ITEM *>::Traverse|1
0x00358A80|ComputersMenu::DisplayPreviousTerminal|1
0x00358D30|ComputersMenu::DisplayTerminal|1
0x00359450|InterfaceManager::Instance|1
0x00359780|Menu::Menu|1
0x003598A0|Tile::Set|1
0x003598D0|ComputersMenu::AnimatingTextManager::Update|1
0x00359F50|BSSimpleList<ListBoxItem<int> *>::GetItem|1
0x0035A3B0|ListBoxBase::ListBoxBase|1
0x0035ABD0|ListBox<enum MiscStatManager::MiscStatID>::~ListBox<enum MiscStatManager::MiscStatID>|1
0x0035B750|TESContainer::IsGold|1
0x00361460|BSSimpleList<TESLoadScreen *>::BSSimpleList<TESLoadScreen *>|1
0x003620E0|DialogMenu::GetClassStatic|1
0x003620F0|DialogMenu::IsWellFormedMenu|1
0x003642F0|ListBox<int>::ListBox<int>|3
0x003646D0|ListBoxBase::ListBoxBase|1
0x00366A40|HackingMenu::GetClassStatic|1
0x003675F5|AnimatingText::ForceFinish|2
0x00368AA0|HackingMenu::MakePasswordFile|1
0x00369700|HackingMenu::GetCharHit|5
0x003697F0|InterfaceManager::GetPipboyMouseX|3
0x00369830|HackingMenu::DoIntro|1
0x00369B50|Tile::GetParent|1
0x0036A3F0|HackingMenu::UpdateCursorPos|1
0x0036A510|HackingMenu::UpdateCursorPos|1
0x0036A9D0|HackingMenu::FlashCursor|1
0x0036AC10|HackingMenu::UpdateScrollingCursor|1
0x0036B610|Menu::Menu|1
0x0036B7A0|ListBoxBase::ListBoxBase|1
0x0036B870|BSSimpleList<ListBoxItem<enum ActorValue::Index> *>::~BSSimpleList<ListBoxItem<enum ActorValue::Index> *>|1
0x0036B8A0|ListBox<TESQuest *>::ListBox<TESQuest *>|1
0x0036B930|BSSimpleList<BSSoundHandle>::BSSimpleList<BSSoundHandle>|1
0x0036BDA0|BSTimer::BSTimer|1
0x0037150C|BSTimer::Update|1
0x00371520|BSTimer::Update|1
0x00375920|ListBox<StartMenu::Option *>::ListBox<StartMenu::Option *>|1
0x00378970|CombatState::GetCombatLocation|1
0x0037E430|StartMenu::OptionListBox::OptionListBox|1
0x0037FF80|InventoryMenu::SavePageState|1
0x00381B10|InventoryMenu::ClearCurrentItem|1
0x00381FD0|HotKeysWheel::MoveHighlight|1
0x003846A0|ItemModMenu::ResetMenu|2
0x003867A0|LevelUpMenu::ApplyPerkEffects|1
0x00386BB0|ListBox<BGSPerk *>::ListBox<BGSPerk *>|2
0x00386F90|ListBoxBase::ListBoxBase|1
0x00387780|ListBox<BGSPerk *>::ToggleSelection|2
0x003877A0|ListBox<BGSPerk *>::IsSelected|2
0x003878D0|ListBox<BGSPerk *>::DeselectAll|1
0x00387D80|ListBox<enum MiscStatManager::MiscStatID>::~ListBox<enum MiscStatManager::MiscStatID>|1
0x00388A90|NiColorA::NiColorA|1
0x00388AA0|BSStringT<char>::BSStringT<char>|1
0x00389820|LoadingMenu::Update|1
0x0038A5A0|LoadingMenu::MakeLoadScreenList|1
0x0038AA90|LoadingMenu::ForceFinish|1
0x0038CFC0|Menu::Menu|1
0x0038D1F0|NiTArray<NiPointer<BSTempEffect>,NiTNewInterface<NiPointer<BSTempEffect> > >::SetSize|1
0x0038D3B0|BSSemaphore::BSSemaphore|4
0x0038E0D0|LockPickMenu::Close|1
0x003908B8|BGSEntryPoint::HandleEntryPoint|1
0x003949F0|BSAudio::GetSoundHandleByName|1
0x00396F90|BSSoundHandle::Play|1
0x003983C0|Interface::GetPipboy|1
0x00398420|Tile::GetFloat|1
0x00398440|Tile::GetParent|1
0x00398450|Conversation::FirstItem|1
0x00398AD0|AutoTileLock::AutoTileLock|1
0x003991B0|BGSNote::GetNoteType|1
0x0039A660|Tile::Set|1
0x0039ABA0|MapMenu::UpdateMenu|1
0x0039AF30|Interface::PlayMenuSound|1
0x0039B460|BGSNote::GetNoteType|1
0x0039C090|InterfaceManager::Instance|1
0x0039C0C0|Tile::GetRealY|1
0x0039C340|MapMenu::SetKnobPosition|1
0x0039F7E0|BSAudio::QInstance|1
0x003A28C0|BSSimpleList<TESObjectREFR *>::BSSimpleList<TESObjectREFR *>|1
0x003A2E30|ListBox<BGSNote *>::GetTileFor|1
0x003A30E0|BSTimer::GetTime|1
0x003A4780|ListBoxBase::ListBoxBase|1
0x003A49E0|ListBox<BGSQuestObjective *>::Filter|1
0x003A54D0|ListBoxBase::ListBoxBase|1
0x003A5730|MapMenu::LoadNote|1
0x003A6280|BSSimpleList<ListBoxItem<BGSQuestObjective *> *>::GetItem|1
0x003A62B0|Tile::GetFloat|1
0x003A7080|BSSimpleList<ListBoxItem<BGSNote *> *>::GetItem|1
0x003A7A60|BSSimpleList<ListBoxItem<BGSQuestObjective *> *>::GetItem|1
0x003A8260|ListBox<enum MiscStatManager::MiscStatID>::~ListBox<enum MiscStatManager::MiscStatID>|1
0x003A8580|Tile::TextToTrait|1
0x003A8DF0|BSSimpleArray<MessageMenu::MessageMenuEntry *,1024>::Remove|1
0x003A92A0|MessageMenu::GetQueueHead|7
0x003A92E0|MessageMenu::GetQueueHead|1
0x003AA048|BSSimpleArray<MessageMenu::MessageMenuEntry *,1024>::operator[]|1
0x003AA530|MessageMenu::ClearMessageQueueHead|1
0x003AB7C0|PlayerNameEntryMenu::IsValidName|1
0x003AB810|XVirtualKeyboard::IsActive|1
0x003AB9A0|InterfaceManager::Instance|1
0x003ADC30|BSSoundHandle::IsPlaying|4
0x003AF6B0|PlayerCharacter::RemoveRaceSpells|1
0x003B1970|RaceSexMenu::MenuOption::SetValue|1
0x003B1B60|RaceSexMenu::SetFlag|1
0x003B3740|RaceSexMenu::MenuOption::GetValue|1
0x003B3840|RaceSexMenu::MenuOption::GetRange|1
0x003B3FA0|BSExtraData::BSExtraData|1
0x003B41C0|RaceSexMenu::MenuOptionList::Find|2
0x003B4260|RaceSexMenu::MenuOptionList::GetBackLink|1
0x003B4530|Actor::DispelPermanentMagic|1
0x003B4930|RaceSexMenu::MenuOption::GetID|1
0x003B4B50|BSSoundHandle::QState|1
0x003B5370|NiTPointerListBase<NiTPointerAllocator<unsigned int>,Tile *>::GetTail|1
0x003B5390|AnimatingText::AnimatingText|1
0x003B6FB0|RepairMenu::ResetMenu|2
0x003B7020|FORenderedMenu::TriggerBurst|1
0x003B78E0|BSSoundHandle::~BSSoundHandle|1
0x003B7F70|RepairServicesMenu::RepairItem|1
0x003B9000|TESImageSpaceModifiableCountForm<6>::TESImageSpaceModifiableCountForm<6>|1
0x003B9480|RouletteMenu::Close|1
0x003BED70|RouletteMenu::SetBet|1
0x003BF150|Tile::Poke|1
0x003BF390|RouletteMenu::GetBetIndex|1
0x003BF710|RouletteMenu::SetTileTextAlpha|4
0x003BF840|RouletteMenu::SetTileTextAlpha|2
0x003C01B0|Tile::Set|1
0x003C2420|SlotMachineMenu::Close|1
0x003C56E0|SlotMachineMenu::SpinReels|1
0x003C5760|SlotMachineMenu::InterpretSpin|1
0x003C58F0|SlotMachineMenu::ApplyLuck|1
0x003C6120|SPECIALBookMenu::GetTotalPointsUsed|1
0x003C9DC0|BSAudio::QInstance|1
0x003CE620|StartMenu::Option::Option|1
0x003CE7A0|StartMenu::PopulateControlsListBox|1
0x003CE8F0|LoadingMenu::ForceFinish|1
0x003CFD00|LoadingMenuThread::QIsSuspended|1
0x003D01B0|ListBox<StartMenu::Option *>::Traverse|1
0x003D03A0|BSSimpleList<ListBoxItem<StartMenu::Option *> *>::GetItem|1
0x003D0700|XUserInterface::Instance|1
0x003D0E40|InterfaceManager::Has360Controller|1
0x003D30B0|BGSSaveLoadFileEntry::GetPlayerName|1
0x003D30D0|StartMenu::IdleTimer::Start|1
0x003D40A0|ListBox<StartMenu::Option *>::SetEnabled|1
0x003D52A0|StartMenu::ActionMappingIdle|1
0x003D5AF0|Tile::GetMenuByClass|1
0x003D5F80|ListBox<BGSSaveLoadFileEntry *>::IsVisible|1
0x003D6030|InterfaceManager::Instance|1
0x003D6160|Interface::CreateMessageMenu|1
0x003D61B0|InterfaceManager::Instance|1
0x003D6E90|ListBox<int>::GetFirstItem|1
0x003D74F0|StartMenu::IsFlagSet|2
0x003D7630|Setting::String|1
0x003D7A80|StartMenu::Fade|1
0x003D7B50|StartMenu::HideOptionsContainer|1
0x003D7C60|ListBox<BGSSaveLoadFileEntry *>::ListBox<BGSSaveLoadFileEntry *>|1
0x003D81F0|ListBoxBase::ListBoxBase|1
0x003D8810|ListBox<int>::IsEnabled|1
0x003D88A0|StartMenu::IsFlagSet|1
0x003D97A0|ListBox<enum MiscStatManager::MiscStatID>::~ListBox<enum MiscStatManager::MiscStatID>|1
0x003DA240|BSAudio::QInstance|1
0x003DA2C0|StatsMenu::Create|1
0x003DB1C0|StatsMenu::BodyPartController::GetInstance|2
0x003DB340|Menu::SetMenuTile|1
0x003DC0A0|BSStringT<char>::BSStringT<char>|1
0x003DC0C0|StatsMenu::StimpakTargetConditionCallback|1
0x003DC7E0|BSAudio::GetSoundHandleByName|1
0x003DC9B0|ListBox<enum ActorValue::Index>::IsListItem|1
0x003DCB40|StatsMenu::MoveKnob|1
0x003DDB00|StatsMenu::UpdateRadLevel|1
0x003DDC20|StatsMenu::UpdateH20Level|1
0x003DDD10|StatsMenu::UpdateFODLevel|1
0x003DDE00|StatsMenu::UpdateSLPLevel|1
0x003DF1D0|ActiveEffect::GetEffectSetting|4
0x003DF1F0|NavMeshInfo::GetPreferredPercent|1
0x003DF210|ActiveEffect::HasConditions|2
0x003DFC90|FOPipboyManager::ActivateButton|1
0x003E00E0|StatsMenu::GetPageFor|1
0x003E0230|StatsMenu::ToggleHealingMode|2
0x003E02B0|StatsMenu::ToggleGenRepMode|1
0x003E05F0|StatsMenu::StimpakTargetConditionCallback|1
0x003E06B0|StatsMenu::GetTargetedBodyPart|1
0x003E1980|SurgeryMenu::Close|1
0x003E5720|ListBox<BGSPerk *>::ListBox<BGSPerk *>|1
0x003E58E0|Actor::QueueEquipObject|1
0x003E5C80|Menu::GetMenuTile|1
0x003E6760|TextEntryMenu::IsDone|1
0x003E6E10|ListBox<BGSPerk *>::NumSelected|1
0x003E7850|TraitMenu::ApplyPerkEffects|1
0x003E7DE0|TraitSelectMenu::Close|1
0x003E8310|TraitSelectMenu::ScrollForm|2
0x003E8470|TraitSelectMenu::SetButtonAsHighlighted|6
0x003E85C0|TraitSelectMenu::Navigate|2
0x003E86C0|TraitSelectMenu::SetBoxAsChecked|1
0x003E8840|TraitSelectMenu::ClearCheckBox|1
0x003E8860|TraitSelectMenu::ToggleCheckBox|2
0x003E8D60|TutorialMenu::PrevPage|1
0x003E8E20|TutorialMenu::NextPage|1
0x003E9200|SettingT<INISettingCollection>::QCollection|1
0x003EBD50|VATS::GetMode|1
0x003F6920|ListBox<unsigned int>::ListBox<unsigned int>|1
0x003F7F40|StartMenu::Option::Option|1
0x003F8A80|FOPipboyManager::TriggerRandomEffect|1
0x003FA010|FOPipboyManager::ActivateButton|1
0x003FA0F0|FOPipboyManager::SetTabKnobPosition|1
0x003FC2B0|NiFloatInterpolator::SetFloatData|12
0x003FC6F0|FORenderedMenu::GetMenuLight|1
0x00400AC0|FOVATSEffectManager::SetTarget|1
0x004034C0|AbsorbEffect::Start3D|1
0x004041A0|ActiveEffect::GetDisplacementSpell|1
0x004043F0|ActiveEffect::EvaluateConditions|1
0x00404CB0|ActiveEffect::SetMagnitude|1
0x00404CD0|ActiveEffect::StartSound|1
0x00407C50|TESSaveLoadGame::UseSaveGameBlocks|1
0x00407D10|TESSaveLoadGame::GetCurrentVersion|2
0x00408A30|BoundItemEffect::DoSummon|1
0x0040B850|CommandEffect::InitCommandedActor|1
0x0040B8F0|CommandEffect::UpdateCommandedActor|2
0x0040B9E0|CommandEffect::CleanupCommandedActor|2
0x0040BE40|ConcussionEffect::CheckApplyConcussion|1
0x0040CEC0|DetectLifeEffect::CheckPlayerRunningDetectLife|2
0x0040D0D0|MagicSystem::GetDetectLifeShaderEffect|1
0x0040E970|BSSimpleList<ActiveEffect *>::GetItem|1
0x0040ED60|LightEffect::DetachLight|2
0x0040EE50|LightEffect::AttachBestLightEffect|2
0x0040FCC0|MagicProjectile::GetDominantEffect|2
0x00410530|FleePackage::SetFleeSucceeded|1
0x00412B00|bhkCharacterController::QSupported|1
0x00415410|MagicCaster::GetCasterAsActor|12
0x00418BA0|NiFixedString::~NiFixedString|1
0x00419830|MagicProjectile::GetDominantEffect|1
0x0041B830|BSTempEffect::BSTempEffect|1
0x0041C320|NiFixedString::NiFixedString|1
0x0041DB90|MagicHitEffect::GetActiveEffect|1
0x0041E8C0|MagicHitEffect::Update|1
0x00422510|SkyObject::Initialize|1
0x00422B40|MagicTarget::GetTargetAsActor|41
0x00424630|MagicTarget::Dispel|1
0x00424800|MagicTarget::Dispel|1
0x00425550|MagicTarget::GetMagicTargetByNumericID|2
0x00425990|NightEyeEffect::ApplyVisualEffect|4
0x004294E0|SummonCreatureEffect::DoSummon|1
0x00429970|SummonCreatureEffect::LimitPlayerSummonedCreatures|1
0x0042A1B0|SunDamageEffect::GetDamageAmount|1
0x0042A6A0|TelekinesisEffect::CreateSpring|1
0x0042AA90|PlayerCharacter::GetGrabSpring|1
0x0042AEB0|bhkUnaryAction::GetRigidBody|1
0x0042AEE0|bhkUnaryAction::GethkRigidBody|2
0x0042AF20|PlayerCharacter::GetGrabObject|1
0x0042AF40|Setting::Float|1
0x0042AFA0|TelekinesisEffect::RemoveSpring|1
0x0042F1B0|NiCriticalSection::Lock|1
0x0042F1F0|BSCriticalSection::Unlock|1
0x00430680|BSSoundHandle::BSSoundHandle|1
0x00432830|NiPixelData::ComputeMipmapLevels|1
0x00432CB0|BSSimpleList<FalloutRadio::FORadioStation *>::GetItem|1
0x00436AF0|NiPixelData::NiPixelData|1
0x004374B0|BSSimpleList<DialogueItem *>::IsEmpty|1
0x00439DA0|TESSaveLoadGame::UseSaveGameBlocks|1
0x00439DC0|BSSimpleList<DialogueItem *>::IsEmpty|1
0x0043C7B0|DialogueItem::FirstResponse|1
0x0043DEC0|BSExtraData::~BSExtraData|1
0x0043E370|MenuTopicManager::FirstTopic|1
0x0043E4C0|MenuTopicManager::GetCurrentTopic|1
0x0043E510|ListBox<int>::ListBox<int>|1
0x0043F260|MenuTopicManager::GetCurrentTopicList|1
0x00441660|TESForm::GetFormID|1
0x00443170|BGSPlaceableWaterData::Initialize|1
0x00444470|BSCoreMessage::QInstance|1
0x00444560|LP_LOCK_DATA::LP_LOCK_DATA|1
0x00444700|BSStringT<char>::String|1
0x004454F0|BSSimpleArray<SandBoxChoiceListItem,1024>::BSSimpleArray<SandBoxChoiceListItem,1024>|1
0x00445CC0|NiPixelData::GetPixels|1
0x00445D70|BSSpinLock::Lock|1
0x00445E50|NiTArray<TESObjectREFR *,NiTNewInterface<TESObjectREFR *> >::GetAt|1
0x00446300|BSSpinLock::Lock|1
0x004467B0|Tile::AddUserTrait|1
0x00446B30|ListBox<StartMenu::Option *>::Select|1
0x00446C90|BGSSaveLoadHistory::BGSSaveLoadHistory|1
0x00447D00|BGSSaveLoadGame::SetSaveGameSaving|1
0x0044D030|Animation::SpecialIdleDonePlaying|1
0x0044E700|MobileObject::GetCurrentAIProcess|1
0x0044EAF0|BGSNumericIDIndex::BGSNumericIDIndex|3
0x004510E0|ReferenceInitialData::ReferenceInitialData|1
0x004533E0|TESForm::GetFileCount|1
0x00455130|ChangesMap::GetChanges|1
0x004578B0|TESDataHandler::CreateReferenceAtLocation|1
0x004579E0|TESSaveLoadGame::LoadGameDataOLD|3
0x00457A10|TESSaveLoadGame::SaveNumericID|3
0x00457BD0|TESSaveLoadGame::AdvanceBuffer|1
0x00457BF0|TESSaveLoadGame::ConvertNumericID|1
0x00458600|BSCoreMessage::QInstance|1
0x004586D0|BSCoreMessage::QInstance|1
0x0045A2E0|TESSaveLoadGame::DeleteForm|1
0x00460390|TESObjectREFR::SetLocationOnReference|1
0x00460E20|TES::GetInterior|1
0x00462110|TESSaveLoadGame::UseSaveGameBlocks|2
0x00463D90|TESForm::GetFormType|1
0x00464280|NiTLargeArray<NiPointer<NiObject>,NiTNewInterface<NiPointer<NiObject> > >::GetSize|1
0x00464450|BGSSaveLoadFormHeader::BGSSaveLoadFormHeader|1
0x00464490|BGSSaveLoadFormInfo::BGSSaveLoadFormInfo|1
0x00464520|BSAutoEvent::BSAutoEvent|1
0x004645F0|BGSLoadFormBuffer::GetFormPending|1
0x00464740|Setting::String|1
0x004648A0|BGSLoadGameBuffer::LoadFormID|3
0x004648E0|BGSLoadGameBuffer::LoadFormID|4
0x00464980|BGSLoadGameBuffer::LoadData|12
0x004649A0|BGSLoadGameBuffer::LoadString|1
0x00464A60|BGSLoadGameBuffer::LoadVariableSizedValue|2
0x00465570|Calendar::GetDayOfTheWeek|1
0x004655A0|BGSLoadGameSubBuffer::LoadGame|1
0x00465DF0|BGSSaveGameBuffer::SaveFormID|3
0x00465E70|BGSSaveGameBuffer::SaveString|1
0x00466A90|MemoryManager::Instance|1
0x00467840|BSSimpleList<TESObjectREFR *>::BSSimpleList<TESObjectREFR *>|1
0x00467A20|BSAudio::QInstance|1
0x00467D20|TESPackage::SaveGame|1
0x00467D60|BGSSaveGameBuffer::SaveData|1
0x00467DA0|Calendar::GetHour|1
0x00467F50|BSSpinLock::Lock|2
0x00467F70|BSAutoEvent::BSAutoEvent|1
0x0046A460|PackageSchedule::GetStartTime|1
0x0046C6A0|BSSemaphore::BSSemaphore|2
0x0046CF00|BaseFormComponent::BaseFormComponent|1
0x00471DC0|FORenderedMenu::TriggerShudder|1
0x00474480|BSSoundHandle::BSSoundHandle|1
0x00477950|SettingT<RegSettingCollection>::QCollection|1
0x00478360|MemoryLevelManager::WasLastCheckedMemLevelCloseToLow|1
0x0047CE80|TESSaveLoadGame::GetCurrentVersion|2
0x0047EAA0|PackageLocation::~PackageLocation|1
0x00481680|BSSimpleArray<Actor *,1024>::GetAt|1
0x00484350|Actor::GetClass|1
0x004843A0|Actor::CanMove|1
0x00484480|Actor::CanSpeak|1
0x00484730|MobileObject::GetCurrentAIProcess|1
0x00485BD0|PathingRequestHide::GetMinHideDistance|1
0x0048B7F0|Actor::IsWeaponDrawn|1
0x004905F0|BSFile::FileIsGood|1
0x00491170|TESLandTexture::GetGrassList|2
0x00491B90|Actor::GetArmorBeingWorn|3
0x004924E0|BSAudio::GetSoundHandleByName|1
0x00493530|Actor::GetCurrentPackageType|1
0x00493590|Sky::GetInstance|1
0x00498250|FleePackage::ModFleeTimer|1
0x0049D8B0|Actor::GetRandomWornArmor|1
0x0049D900|Actor::Kill|2
0x0049F4A4|BSSoundHandle::BSSoundHandle|1
0x0049F4E0|PlayerCharacter::GetGrabObject|2
0x004A16D0|MagicTarget::IsSpellTarget|1
0x004A1710|Menu::GetMenuTile|1
0x004A1800|Actor::SetLifeState|1
0x004A5E80|TESFaction::GetPCAnEnemy|1
0x004A6210|InventoryChanges::GetInventoryChanges|1
0x004A6290|TESPackage::GetWaiting|1
0x004A6650|Actor::IsFleeing|1
0x004A7570|Actor::GetAnimAction|1
0x004A7F80|Actor::GetCombatStyle|1
0x004A80C0|Actor::SetHasBeenEaten|1
0x004ACF10|Actor::SetGhost|1
0x004ACF70|BGSSaveGameBuffer::SaveData|1
0x004ADCB0|Actor::GetFaceAnimationData|2
0x004B0B00|BaseProcess::GetProcessLevel|1
0x004B39F0|Actor::IsPathingComplete|1
0x004BE9B0|Actor::IsInCombatantFaction|1
0x004C4640|Actor::UpdateAlpha|4
0x004C51C0|Actor::IsRefractive|1
0x004C5EF0|ActorPackage::Clear|1
0x004C6030|TESPackage::DecRefCount|1
0x004C6080|ActorPackage::InitFromPackage|2
0x004C6100|TESPackage::IncRefCount|1
0x004C71B0|CFilter::CFilter|3
0x004C8190|MobileObjectMessage::MobileObjectMessage|1
0x004C81C0|MobileObjectTaskletData::HandleMessage|1
0x004C8240|MobileObjectTaskletData::RunToCompletion|1
0x004C8BB0|HighProcess::ClearWanderStarted|1
0x004C9CF0|AITaskQueue::Dequeue|1
0x004C9D70|AITaskThread::OnStartup|1
0x004D3110|TESForm::GetFormType|1
0x004D3ED0|NiGeomMorpherController::GetNumTargets|2
0x004D47D0|TESForm::SetFormType|1
0x004D4E80|Character::ResetArmorRating|2
0x004D51F0|ListBox<BGSPerk *>::IsSelected|1
0x004D8AC0|TESForm::GetFormID|1
0x004DEFE0|PlayerCharacter::GetPlayerGreetFlag|1
0x004DF040|TESSaveLoadGame::GetCurrentVersion|12
0x00503600|CombatGroup::GetMember|1
0x005060F0|LipSyncBackgroundManager::RemoveTask|1
0x00506F60|CombatTimer::CombatTimer|1
0x005070A0|CombatTimer::CombatTimer|1
0x00515786|BSSimpleList<QueuedItem *>::GetItem|1
0x00523960|TESAnimGroup::AnimGroup|1
0x0052C870|BGSLoadGameBuffer::LoadData|1
0x0052ED60|TESObjectREFR::SetAngleOnReference|1
0x005306D0|DetailedActorPathHandler::CheckGoalReached|1
0x00530C70|MobileObject::InitHavok|1
0x005314AA|TESObjectREFR::GetParentCell|1
0x00531850|MobileObject::GetCurrentAIProcess|1
0x00534250|MobileObject::StopCurrentDialogue|1
0x005344A0|MobileObject::GetCurrentPackage|3
0x00536EF0|Actor::QueueReplacementLocomotion|1
0x00537000|ModifierList::ModifierList|2
0x00537030|BSSimpleList<ObjectstoAcquire *>::BSSimpleList<ObjectstoAcquire *>|1
0x005373F0|InterfaceManager::Instance|2
0x0053A740|BGSSaveLoadInitialData::GetInitialDataType|1
0x005500A0|PlayerCharacter::StopVanityMode|1
0x00550A60|PlayerCharacter::GetAnimation|3
0x00550BB0|BSCoreMessage::QInstance|1
0x00551A10|PlayerCharacter::Show1stPerson|1
0x005529D0|ListBox<TESQuest *>::GetHighlightedData|1
0x00553C50|MagicTarget::IsEffectTarget|1
0x0055D450|TESObjectREFR::GetObjectReference|1
0x005604F0|TESFile::GetOffset|1
0x00561280|PlayerCharacter::DestroyMouseSpring|1
0x00562620|PlayerCharacter::GetNumberOfFollowers|1
0x00562720|PlayerCharacter::IsPlayerFollower|1
0x00563CE0|ProcessLists::GetNumberOfActorsInHigh|1
0x00564260|PlayerCharacter::UpdateAutoAimActor|1
0x00567AE0|PlayerCharacter::IsPipboyActive|1
0x00569860|PlayerCharacter::IsImportantConversationRunning|1
0x00569B20|Menu::Menu|1
0x0056AD30|NiTArray<unsigned int,NiTMallocInterface<unsigned int> >::Add|1
0x0056AE90|NiTArray<NiPointer<NiAVObject>,NiTNewInterface<NiPointer<NiAVObject> > >::GetAt|1
0x0056D470|ProcessLists::GetSystemTimeClock|1
0x0056D490|ProcessLists::GetSystemTimeClock|1
0x0056E7D0|BSTimer::GetSeconds|1
0x00570810|PackageEventAction::PackageEventAction|1
0x00572600|ExtraDataList::GetOwner|1
0x00573FD0|ActiveEffect::GetEffectSetting|1
0x00574A50|ProcessLists::FinishMagicShaderHitEffect|1
0x00574D90|FORenderedMenu::GetInitialized|6
0x00575AF0|BGSSaveLoadFile::SeekSet|1
0x00575D10|ProcessLists::Update3DAfterResting|2
0x00575E97|ProcessArray::GetSize|1
0x00577540|NiPointer<NiSourceTexture>::NiPointer<NiSourceTexture>|1
0x00579260|NavMesh::GetClosedDoorInfoForTriangle|1
0x00579E20|CombatAction::GetName|4
0x00579F50|CombatWorldState::GetValue|1
0x00579F70|CombatWorldState::GetState|1
0x0057AC30|CombatAction::GetAttackCost|7
0x0057AC90|CombatState::GetCombatWeaponDPS|1
0x0057AD10|CombatActionAttackRanged::CombatActionAttackRanged|1
0x0057ADC0|CombatAction::AddEffect|3
0x0057ADE0|CombatAction::AddExecutionCondition|7
0x0057B0B0|CombatActionAttackRangedExplosive::CombatActionAttackRangedExplosive|1
0x0057B620|CombatActionAttackGrenade::CombatActionAttackGrenade|1
0x0057BBD0|CombatActionMove::CombatActionMove|1
0x0057BC60|CombatAction::AddPossibleEffect|5
0x0057BD00|CombatPlannerData::GetCombatLocationCost|1
0x0057BEB0|CombatActionMove::ChooseLocation|1
0x0057C070|CombatAction::RemovePrecondition|10
0x0057C150|CombatState::GetCombatWeapon|2
0x0057C240|CombatAction::RemoveEffect|3
0x0057C260|CombatAction::RemoveExecutionCondition|5
0x0057CD10|CombatState::SetTargetBlocked|1
0x0057CFC0|CombatState::GetCombatItem|1
0x0057D110|CombatState::GetUsableCombatItem|1
0x0057D9D0|CombatController::CalculateAttackerInfo|1
0x0057F200|CombatController::ForcePlanUpdate|1
0x0057F2F0|ActorMover::DidPathingFail|1
0x0057F390|CombatController::UpdateCurrentWeapon|1
0x0057F3F0|CombatController::UpdateCurrentCombatStyle|1
0x0057F450|CombatState::SetInventoryDirty|1
0x0057FA50|CombatTimer::IsSet|1
0x0057FB60|CombatState::GetSecondaryCoverLocation|1
0x0057FF60|CombatController::DeterminePowerAttackDeltas|1
0x00580070|TESCombatStyle::GetRandomCoverWaitTimer|1
0x005801B0|NiPointer<NiNode>::NiPointer<NiNode>|1
0x00580400|CombatController::GetBackgroundProcedure|1
0x005807D0|CombatController::StartCalmed|1
0x00580830|NiPointer<NiNode>::NiPointer<NiNode>|1
0x00583250|BSReadWriteLock::BSReadWriteLock|1
0x00584230|PathingRequestHide::GetThreatLocation|1
0x005869A0|CombatGroup::RemoveMember|2
0x0058A340|CombatGroup::GetMemberGroupStrategyAssignment|1
0x0058A390|CombatGroup::SetMemberGroupStrategyAssignment|1
0x0058A470|CombatGroup::CheckGroupStrategyChosenTimeStamp|1
0x0058DDD0|MobileObject::GetCurrentAIProcess|1
0x00590890|CombatGroup::GetMemberCount|3
0x00591E80|CombatManager::CreateCombatGroup|1
0x005958B0|CombatPlannerData::CombatPlannerData|1
0x005962D0|NavMeshPtr::GetPtr|1
0x00596DE0|CombatProcedure::GetAttacker|2
0x00596E40|CombatProcedure::ClearMoveMode|1
0x0059E040|PathingRequestOptimalLocation::GetAbsoluteMaxDistance|1
0x005A3910|LoadingMenu::GetFlag|1
0x005A3C50|LoadingMenu::ForceFinish|1
0x005A4A10|BSStringT<char>::BSStringT<char>|1
0x005A7C40|PathingRequest::GetActorHeight|1
0x005A8600|CombatController::CheckCurrentWeapon|1
0x005A8660|CombatWorldStateArray::ClearValues|1
0x005A9350|PlayerCharacter::SetActorBaseValue|1
0x005AA470|CombatWorldStateArray::CombatWorldStateArray|1
0x005AD610|BSFadeNode::QUserData|1
0x005B0BD0|PathingRequest::GetTargetRadius|1
0x005B4440|InterfaceManager::GetTelekinesisREFR|1
0x005B4EC0|TESSaveLoadGame::UseSaveGameBlocks|1
0x005BDF60|HUDMainMenu::ShowMessage|1
0x005C6BA0|Setting::Float|1
0x005CA4C0|CombatProcedure::SetFailed|1
0x005CAAC0|CombatProcedure::SetFailed|1
0x005CAAE0|CombatState::SetTargetFlushed|1
0x005CB440|CombatController::GetCombatState|1
0x005CDAE0|NiPointer<Model>::operator->|1
0x005D3465|CombatController::GetCurrentCombatStyle|1
0x005D6C80|CombatState::UnreserveSecondaryCoverLocation|1
0x005D7C20|CombatState::ReserveSecondaryCoverLocation|1
0x005D7C60|NiAVObject::GetAppCulled|1
0x005DA968|CombatProcedure::GetAttacker|1
0x005DAF80|NiPointer<PathingRequest>::NiPointer<PathingRequest>|1
0x005DD130|ActorMover::GetPreferredMoveModeType|1
0x005DD1C0|ActorMover::FinishMoving|1
0x005E32D0|BSPlayerDistanceCheckController::GetCallback|1
0x005E5480|DetailedActorPathHandler::ResetStaticAvoidance|1
0x005E68C0|DetailedActorPathHandler::ResetActorAvoidance|1
0x005E98D0|TESBoundObject::BOUND_DATA::BOUND_DATA|1
0x005EE020|TESPackage::TESPackage|1
0x005F1830|FleePackage::UpdateAvoidedRefList|1
0x005F2B30|BSSimpleArray<TESObjectREFR *,1024>::BSSimpleArray<TESObjectREFR *,1024>|1
0x005F4060|ActorPackageData::ActorPackageData|1
0x005F7FE0|Actor::EndInterruptPackage|1
0x005F8660|SpectatorPackage::CreateThreatArray|1
0x005FF690|BSStringT<char>::BSStringT<char>|1
0x00600B50|BSStringT<char>::Set|1
0x00600E90|Tile::GetValueQ|1
0x00600F30|Tile::CheckFlags|1
0x006011F0|Tile::GetString|4
0x00601530|Tile::GetMaximumDepth|1
0x00601630|NiExtraData::NiExtraData|1
0x00601750|Tile::TextToTrait|1
0x00603C90|Tile::GetMenu|15
0x00603D40|Tile::GetMenuTile|1
0x00603EB0|Tile::GetChildByID|3
0x006044F0|AutoTileLock::AutoTileLock|2
0x00604500|BSCoreMessage::QInstance|1
0x00604620|Tile::GetValue|1
0x00604640|NiTPointerListBase<NiTPointerAllocator<unsigned int>,AnimatingText *>::GetHead|1
0x006089C0|Tile::GetParentModel|1
0x00609030|Tile::GetMenuByClass|15
0x0060A270|Tile::Value::SetFloat|2
0x0060DE80|IDebugText::IDebugText|1
0x006119D0|NiPointer<NiNode>::operator=|1
0x00611C40|BSSimpleArray<DebugText::sPrintData *,1024>::BSSimpleArray<DebugText::sPrintData *,1024>|1
0x0061C970|BSSimpleArray<BSStringT<char>,1024>::_DestructItems|1
0x0061CA20|BSSimpleArray<BSStringT<char>,1024>::Clear|1
0x0061DB20|Menu::StartFadeIn|1
0x0061E380|BSSimpleArray<BSStringT<char>,1024>::_DeallocateBuffer|1
0x00623010|Controls::Poll|1
0x00623390|Main::GetControls|3
0x00623A50|CreditsMenu::Close|1
0x00624FC0|Main::GetControls|1
0x006253D0|Main::GetControls|2
0x00625920|ListBox<BGSSaveLoadFileEntry *>::NumItems|1
0x00627490|NiQuatTransform::IsTransformInvalid|1
0x00628740|NiPosKey::GenInterp|1
0x00628AB0|NiStream::RegisterLoader|1
0x00629550|BSRangeNode::QMin|1
0x006296C0|NiColorA::operator==|1
0x0062BCF0|NiTransformInterpolator::GetRotData|1
0x0062BEB0|NiStream::RegisterLoader|3
0x0062E620|NiRTTI::GetName|1
0x0062E750|NiPath::GetCurrentWorkingDirectory|1
0x0062F8C0|NiInterpController::NiInterpController|1
0x00630540|NiControllerSequence::SetState|1
0x006305B0|NiFixedString::NiFixedString|1
0x00631500|NiFixedString::NiFixedString|1
0x006315B0|NiPointer<NiTextKeyExtraData>::NiPointer<NiTextKeyExtraData>|1
0x006316A0|NiControllerSequence::GetName|1
0x00631740|NiFixedString::NiFixedString|1
0x00635A80|BSMultiTargetTreadTransfController::AllocateStorage|1
0x00636250|NiInterpController::GetManagerControlled|2
0x00636F10|NiBlendInterpolator::InterpArrayItem::IsEqual|1
0x00638830|NiQuatTransform::IsTransformInvalid|1
0x00638B60|NiQuatTransform::SaveBinary|1
0x00638BB0|NiQuatTransform::LoadBinary|1
0x00638E00|NiSingleInterpController::NiSingleInterpController|1
0x006391C0|NiQuatTransform::operator!=|3
0x006397B0|NiBlendAccumTransformInterpolator::StoreSingleValue|1
0x00639F60|NiBlendInterpolator::GetUpdateTimeForItem|1
0x0063C500|NiGeomMorpherController::GetWeight|1
0x0063CA80|NiKeyBasedInterpolator::GetKeyAt|2
0x0063DDF0|NiPathInterpolator::GetFollow|1
0x0063DE50|NiQuatTransform::MakeInvalid|1
0x0063F930|NiPointer<NiTransformData>::NiPointer<NiTransformData>|1
0x0063F990|NiInterpolator::TimeHasChanged|1
0x00640640|NiBlendFloatInterpolator::StoreSingleValue|1
0x006406C0|NiBlendFloatInterpolator::BlendValues|1
0x00640B30|NiBlendTransformInterpolator::StoreSingleValue|1
0x00640C10|NiBlendTransformInterpolator::BlendValues|1
0x00641590|NiPointer<NiMorphData>::operator->|3
0x006417B0|NiPoint3::SaveBinary|2
0x006417F0|NiMorphData::GetTarget|1
0x006463E0|D3DXMATRIX::D3DXMATRIX|1
0x00649D00|NiPointer<NiPosData>::operator->|1
0x00649E10|NiPathController::GetLoc|1
0x00649E70|NiFloatKey::GenInterp|1
0x0064AB50|NiTimeController::DontDoUpdate|1
0x0064E2E0|NiQuatTransform::NiQuatTransform|1
0x0064E350|NiPointer<NiTransformData>::operator->|1
0x00652550|NiInterpolator::TimeHasChanged|1
0x006555C0|NiBlendQuaternionInterpolator::StoreSingleValue|1
0x00655B90|NiBlendPoint3Interpolator::StoreSingleValue|1
0x00655C30|NiBlendPoint3Interpolator::BlendValues|1
0x00656110|NiBlendColorInterpolator::StoreSingleValue|1
0x006561C0|NiBlendColorInterpolator::BlendValues|1
0x006566A0|NiBlendBoolInterpolator::StoreSingleValue|1
0x00656710|NiBlendBoolInterpolator::BlendValues|1
0x00656FF0|NiInterpolator::NiInterpolator|3
0x00657240|NiExtraDataController::GetExtraDataPointerFromName|1
0x00657850|NiTextKey::RegisterStreamables|1
0x006579F0|NiFloatController::GetAnim|1
0x00659A30|NiMatrix3::LoadBinary|2
0x00659A90|NiMatrix3::SaveBinary|2
0x00659BE0|NiPoint3::LoadBinary|8
0x00659C60|BSSimpleArray<CoverReservation,1024>::GetSize|1
0x00659D00|NiAVObject::QIgnoreReportHit|1
0x00659E70|NiTListBase<NiTPointerAllocator<unsigned int>,NiPointer<NiProperty> >::IsEmpty|1
0x0065A170|NiAVObject::PushLocalProperties|1
0x0065AA20|NiAVObject::NiAVObject|4
0x0065AAC0|NiProperty::GetViewerStrings|1
0x0065B950|NiAVObject::GetParent|1
0x0065BDD0|NiShaderConstantMapEntry::GetShaderRegister|1
0x0065C480|hkpUnaryAction::hkpUnaryAction|1
0x0065C570|Menu::Menu|1
0x00660940|NiTexture::LinkObject|1
0x00663430|NiStream::GetObjectFromLinkID|21
0x00663460|NiStream::GetNumberOfLinkIDs|11
0x00663630|NiStream::GetFileVersion|1
0x00663D10|NiTLargeArray<NiPointer<NiObject>,NiTNewInterface<NiPointer<NiObject> > >::GetAllocatedSize|1
0x00663EE0|NiTMapBase<NiTPointerAllocator<unsigned int>,NiObject const *,unsigned int>::GetCount|1
0x00664010|NiTLargeArray<NiPointer<NiObject>,NiTNewInterface<NiPointer<NiObject> > >::GetSize|1
0x006641F0|NiFixedString::Exists|1
0x00664250|NiTLargeArray<unsigned int,NiTMallocInterface<unsigned int> >::SetSize|1
0x006642A0|NiShader::GetName|1
0x006643B0|BSValueNode::SetValue|1
0x006644F0|NiStream::RemoveAllObjects|1
0x00664620|NiStream::ResolveLinkID|2
0x00664670|NiStream::ReadMultipleLinkIDs|6
0x006647F0|NiStream::GetFileVersion|1
0x00664CA0|NiTLargeArray<NiPointer<NiObject>,NiTNewInterface<NiPointer<NiObject> > >::GetAt|1
0x00664D80|NiStream::LoadRTTIString|1
0x00664DF0|NiStream::GetVersion|1
0x00664EA0|NiStream::GetFileVersion|1
0x00664FE0|NiTLargeArray<NiPointer<NiObject>,NiTNewInterface<NiPointer<NiObject> > >::GetSize|1
0x00665800|NiStream::GetVersionFromString|1
0x006669F0|NiGeometryData::CreateNormals|2
0x00667360|NiGeometry::GetModelData|1
0x00667410|NiGeometryDataIteratorNiPoint3::NiGeometryDataIteratorNiPoint3|1
0x006694A0|BSCoreMessage::QInstance|1
0x006694E0|BSCoreMessage::QInstance|1
0x00669780|NiPoint3::SaveBinary|15
0x00669800|NiColorA::LoadBinary|1
0x006698A0|NiColorA::SaveBinary|2
0x00669940|NiPlane::NiPlane|3
0x00669970|NiPoint3::NiPoint3|1
0x00669AC0|NiPlane::LoadBinary|1
0x00669E60|NiTArray<NiTexturingProperty::Map *,NiTMallocInterface<NiTexturingProperty::Map *> >::GetAt|1
0x00669ED0|NiTArray<NiTexturingProperty::Map *,NiTMallocInterface<NiTexturingProperty::Map *> >::GetSize|1
0x00669F80|NiTArray<NiTexturingProperty::Map *,NiTMallocInterface<NiTexturingProperty::Map *> >::GetSize|1
0x0066DC00|NiQuatTransform::SetTranslate|1
0x0066E4A0|NiQuaternion::SaveBinary|1
0x0066E550|NiTFixedStringMapBase<DFALL<NiTMapItem<NiFixedString,NiAVObject *> >,NiAVObject *>::KeyToHashIndex|1
0x0066E980|NiTFixedStringMapBase<DFALL<NiTMapItem<NiFixedString,NiAVObject *> >,NiAVObject *>::SetAt|1
0x00670BA0|NiCamera::WorldToCameraMatrix|1
0x00671B70|NiFrustum::NiFrustum|1
0x00671B80|NiFrustum::NiFrustum|1
0x00676540|NiPixelFormat::operator==|3
0x006765C0|NiPixelFormat::operator!=|1
0x00676640|NiFixedString::Exists|1
0x00677920|NiPixelData::GetPixelFormat|1
0x00677940|NiPixelFormat::GetFormat|2
0x00677960|NiPixelFormat::GetFormat|1
0x00677980|NiPixelFormat::GetCompressed|1
0x0067B440|NiExtraData::NiExtraData|6
0x0067D330|NiRTTI::GetName|122
0x0067D550|hkConstraintCinfo::GetViewerStrings|2
0x0067D5E0|NiTArray<char *,NiTMallocInterface<char *> >::Add|1
0x0067EC90|NiRTTI::GetName|1
0x0067EE30|NiBound::NiBound|1
0x0067FDD0|NiBound::Update|1
0x00681A80|BSTaskManager<__int64>::GetPaused|1
0x00681C90|NiSkinPartition::Partition::IsEqual|1
0x00682250|NiObject::GetViewerStrings|1
0x00684810|NiObject::NiObject|1
0x006862D0|NiSkinInstance::NeedClone|1
0x00686BF0|NiPSysModifier::GetSystemPointer|1
0x00686C30|NiTransform::operator!=|3
0x00687040|BSSegmentedTriShape::MergeEnabledSegments|2
0x00688BC0|NiString::NiString|1
0x00689000|NiTimeController::DontDoUpdate|1
0x00689890|NiTArray<NiPointer<NiAVObject>,NiTNewInterface<NiPointer<NiAVObject> > >::GetSize|1
0x00689AB0|NiPropertyState::NiPropertyState|1
0x0068ABA0|NiPoint3::operator-|1
0x0068BD20|NiTextureCodec::NiTextureCodec|1
0x0068D8B0|NiFile::GetFile|1
0x0068F770|NiTFixedStringMapBase<DFALL<NiTMapItem<NiFixedString,NiAVObject *> >,NiAVObject *>::GetCount|1
0x00692660|NiInterpolator::TimeHasChanged|1
0x006926B0|NiBound::operator!=|3
0x00692C40|NiTextureEffect::UpdateProjection|1
0x00696910|NiGeometry::GetPropertyStateP|1
0x006978A0|NiIntegersExtraData::GetViewerStrings|1
0x006991D0|NiRTTI::GetName|1
0x00699980|NiIntegersExtraData::NiIntegersExtraData|1
0x0069A760|NiBSPNode::UpdateWorldPlane|1
0x0069BFD0|NiShaderConstantMapEntry::GetKey|1
0x0069C0A0|NiShaderConstantMapEntry::GetExtra|1
0x0069C0E0|NiShaderConstantMapEntry::GetKey|1
0x0069FFD0|NiShaderLibraryDesc::GetShaderCount|1
0x0069FFF0|NiShaderFactory::GetInstance|2
0x006A0020|NiD3DShaderProgramFactory::ResolveShaderFileName|2
0x006A0250|NiTFixedStringMapBase<DFALL<NiTMapItem<NiFixedString,NiAVObject *> >,NiAVObject *>::RemoveAt|1
0x006A10B0|NiSkinInstance::SetFrameID|1
0x006A1110|NiSkinInstance::GetBoneMatrixRegisters|1
0x006A1190|NiSmallObjectAllocator::Deallocate|1
0x006A1A20|NiFile::GetFile|1
0x006A1A30|NiFixedString::Exists|1
0x006A1AB0|NiGPUProgramCache::ValidateDirectory|2
0x006A1F10|NiBinaryStream::GetLine|1
0x006A27D0|NiFilename::NiFilename|1
0x006A2BA0|NiPath::IsRelative|1
0x006A2CC0|NiFixedString::Exists|1
0x006A2D60|NiMemStream::GetSize|1
0x006A3830|NiStandardAllocator::GetSizeFromAddress|1
0x006A42E0|MemoryManager::GetThreadScrapHeap|1
0x006A4EE0|Setting::Bool|1
0x006A50F0|BSTimer::Init|1
0x006A53F0|ScrapHeap::ScrapHeap|1
0x006A5EC0|ScrapHeapManager::AllocateBuffer|1
0x006A5F30|ScrapHeapManager::FreeBuffer|1
0x006A5FC0|BSReadWriteLock::BSReadWriteLock|1
0x006A6540|BSThread::SetName|1
0x006A8BE0|std::basic_string<char,std::char_traits<char>,std::allocator<char> >::basic_string<char,std::char_traits<char>,std::allocator<char> >|2
0x006A8DD0|AbstractHeap::InitHeap|1
0x006A8EA0|AbstractHeap::AbstractHeap|1
0x006A9E50|BSCriticalSection::BSCriticalSection|1
0x006ADE20|std::basic_string<char,std::char_traits<char>,std::allocator<char> >::basic_string<char,std::char_traits<char>,std::allocator<char> >|1
0x006AE3A0|FutBinaryFileC::FutBinaryFileC|1
0x006AEBE3|std::basic_string<char,std::char_traits<char>,std::allocator<char> >::basic_string<char,std::char_traits<char>,std::allocator<char> >|1
0x006AF7E0|std::basic_string<char,std::char_traits<char>,std::allocator<char> >::~basic_string<char,std::char_traits<char>,std::allocator<char> >|1
0x006AF8A0|std::basic_string<char,std::char_traits<char>,std::allocator<char> >::operator[]|1
0x006AF986|std::basic_string<char,std::char_traits<char>,std::allocator<char> >::_Myptr|1
0x006B0A80|std::basic_string<char,std::char_traits<char>,std::allocator<char> >::basic_string<char,std::char_traits<char>,std::allocator<char> >|1
0x006B0D50|FutBinaryFileC::FutBinaryFileC|1
0x006B0FD0|FutBinaryFileC::FutBinaryFileC|1
0x006B17EA|std::basic_string<char,std::char_traits<char>,std::allocator<char> >::basic_string<char,std::char_traits<char>,std::allocator<char> >|1
0x006B1800|std::basic_string<char,std::char_traits<char>,std::allocator<char> >::basic_string<char,std::char_traits<char>,std::allocator<char> >|1
0x006B23C0|std::basic_string<char,std::char_traits<char>,std::allocator<char> >::operator[]|1
0x006BA0D0|LoadedFile::IncRefCount|1
0x006C5220|std::basic_string<char,std::char_traits<char>,std::allocator<char> >::basic_string<char,std::char_traits<char>,std::allocator<char> >|1
0x006C5430|FutBinaryFileC::close|2
0x006D8930|BSSoundHandle::Play|2
0x006D8DA0|BSSoundHandle::FadeOutAndRelease|1
0x006D9060|BSAudioManager::QInstance|2
0x006E8370|NiTPointerMap<int,BSSoundInfo *>::NiTPointerMap<int,BSSoundInfo *>|1
0x006E91F0|Tile::GetString|1
0x006E9460|BSGameSound::SetFilename|1
0x006E9CF0|BSGameSound::Is3DSound|1
0x006E9D10|BSGameSound::Is2DRadiusSound|1
0x006E9D50|BSGameSound::GetSoundType|1
0x006F22D0|BSAwardsSystemUtility::QInstance|2
0x006F2360|BSAwardsSystemUtility::QInstance|1
0x006F2370|BSAwardsSystemUtility::Destroy|1
0x006F2480|BSAwardsSystemUtility::Idle|1
0x006F2640|StartMenu::SetFlag|1
0x006F26C0|BSDLCSystemUtility::QInstance|2
0x006F2750|BSDLCSystemUtility::QInstance|1
0x006F2760|BSDLCSystemUtility::Destroy|1
0x006F2A60|ArchiveManager::LoadInvalidationFile|1
0x006F2B10|Main::GetControls|1
0x006F2C20|FileFinder::GetFile|1
0x006F2C80|BSDLCSystemUtility::Idle|1
0x006F2C90|BSNetworkSystemUtility::QInstance|2
0x006F2D20|BSNetworkSystemUtility::QInstance|1
0x006F2D30|BSNetworkSystemUtility::Destroy|1
0x006F2DB0|BSNetworkSystemUtility::Idle|1
0x006F2E50|BSDiscBootSystemUtility::QInstance|1
0x006F3470|BSGameDataSystemUtility::QInstance|1
0x006F34F0|BSSystemUtilitiesStrings::QInstance|1
0x006F35E0|BSSaveDataSystemUtility::QInstance|1
0x006F37D0|BSSysInfoSystemUtility::QInstance|1
0x006F3850|BSSysInfoSystemUtility::QInstance|1
0x006F4310|BSGameSound::GetFileName|1
0x006F59E0|StartMenu::IsFlagSet|1
0x006F5FA0|FileFinder::Exist|1
0x006F6540|BSHash::BSHash|1
0x006F9230|BSArchive::BSArchive|1
0x006F92F0|BSFile::BSFile|1
0x006F9410|NiRefObject::NiRefObject|1
0x006FA550|FileFinder::LookForFile|1
0x006FB2A0|ArchiveManager::FindFile|1
0x006FB7A0|ArchiveManager::GetArchiveFileBufferSize|1
0x006FD1B0|NiPointer<Archive>::operator=|1
0x006FD270|BSHash::BSHash|1
0x006FDF20|FileFinder::GetFile|1
0x006FE0B4|ArchiveManager::GetFile|1
0x006FE0D0|BSFile::BSFile|1
0x006FFD10|TESObjectREFR::GetRefPersists|1
0x006FFF50|BSStringT<char>::operator+=|1
0x00700120|NiBinaryStream::Read|1
0x007008A0|NiBinaryStream::Read|1
0x00700900|BSSystemFile::BSSystemFile|1
0x00700D50|BSTaskletManager::RegisterOnStartupCallback|1
0x00700DA0|BSTaskletManager::RegisterOnExitCallback|1
0x007029F0|CSpeedTreeRT::SGeometry::SGeometry|1
0x00702B70|CSpeedTreeRT::SGeometry::SIndexed::SIndexed|2
0x00702C90|CSpeedTreeRT::SGeometry::SLeaf::SLeaf|2
0x00702DC0|CSpeedTreeRT::SGeometry::SBillboard::SBillboard|3
0x00702E20|CSpeedTreeRT::STextures::STextures|1
0x007065BF|CTreeEngine::GetLod|1
0x007067E9|CLightingEngine::SetBranchLightingMethod|1
0x00706999|CLeafGeometry::EnableManualLighting|1
0x00706B4A|CLightingEngine::SetFrondLightingMethod|1
0x00707047|CVec3::operator!=|1
0x0070769A|CLeafGeometry::EnableVertexWeighting|1
0x007076C0|CWindEngine::GetFrequencyTimeShift|1
0x00707AE1|CIndexedGeometry::ComputeWindEffect|1
0x00708610|CSpeedTreeRT::SetError|1
0x00708710|CSpeedTreeRT::GetNumLeafLodLevels|1
0x00708EC0|CVec3::CVec3|1
0x0070FB80|SIdvBranchInfo::SIdvBranchInfo|1
0x00727080|CVec3::CVec3|1
0x0072B940|CTreeEngine::SetNumLeafRockingGroups|1
0x0072E680|SIdvBranchInfo::SetFlexibilityScale|1
0x0072E740|CTreeFileAccess::ParseBranchParameter|2
0x00730800|CWindEngine::GetFrondWindMethod|1
0x00737470|CWindEngine::GetWindStrength|1
0x0073DF00|CTreeFileAccess::ParseToken|1
0x0073E156|SIdvBranchInfo::SetGravity|1
0x0073E36D|CTreeFileAccess::ParseToken|1
0x0073E450|IdvFileError::IdvFileError|1
0x0073E4A0|SIdvBranchInfo::SetFlexibility|1
0x0073E520|CTreeFileAccess::ParseBranchParameter|1
0x0073E5B0|CTreeFileAccess::ParseBranchParameter|1
0x0073E698|CTreeFileAccess::ParseString|1
0x00742C60|D3DX::inflate_trees_fixed|1
0x00743630|SymGen::SymGen|1
0x00743710|PosGen::Build|2
0x00744000|BSArchive::QXBoxCompressedArchive|1
0x00745DB0|ArchiveFile::ArchiveFile|1
0x00755520|BSShaderManager::GetFogProperty|1
0x00755B00|BSShaderManager::RecursiveSetForcedDarkness|2
0x00757E70|DistantLODShaderProperty::DistantLODParam::DistantLODParam|1
0x00758670|NiPointer<BSNodeReferences>::NiPointer<BSNodeReferences>|1
0x0075AF80|NiTPointerList<NiPointer<BSMultiBound> >::NiTPointerList<NiPointer<BSMultiBound> >|1
0x0075D300|NiRefObject::~NiRefObject|1
0x007602D0|NiTListBase<NiTPointerAllocator<unsigned int>,char *>::GetHeadPos|1
0x00760420|NiProperty::NiProperty|1
0x00761170|NiNode::NiNode|1
0x00763090|BSShaderAccumulator::StopGroupingAlphas|1
0x00763120|NiGeometry::GetPropertyStateP|1
0x00763500|BSShaderAccumulator::StartGroupingAlphas|1
0x00763770|NiObjectNET::GetName|1
0x007639E0|BSShaderManager::CreateTangentSpaceSimple|1
0x007650C0|BSShaderProperty::GetFlag|1
0x0076B260|BSPackedAdditionalGeometryData::GetShaderDeclarationIndex|1
0x0076B790|NiAVObject::UpdateProperties|1
0x0076B8D0|NiGeometry::GetColors|1
0x0076D4C0|NiPointer<NiTriBasedGeom>::operator==|1
0x0076D5E0|BSUtilities::GetTextureName|1
0x0076DA10|NiGeometry::GetModelData|1
0x00770700|FileFinder::GetFileTime|2
0x00778A90|NiPointer<NiD3DShaderConstantMap>::operator->|1
0x00778EF0|NiPointer<NiD3DShaderConstantMap>::operator->|1
0x00779050|NiPointer<NiShaderConstantMapEntry>::operator=|1
0x007790D0|NiPointer<NiD3DShaderConstantMap>::operator->|1
0x00779100|NiPointer<NiShaderConstantMapEntry>::operator=|1
0x00779180|NiPointer<NiD3DShaderConstantMap>::operator->|1
0x007791F0|NiPointer<NiD3DShaderConstantMap>::operator->|1
0x00779410|NiPointer<NiD3DShaderConstantMap>::operator->|1
0x007795B0|NiPointer<NiShaderConstantMapEntry>::operator=|1
0x007796F0|NiPointer<NiD3DShaderConstantMap>::operator->|1
0x00779730|NiPointer<NiD3DShaderConstantMap>::operator->|1
0x007798C0|NiPointer<NiD3DShaderConstantMap>::operator->|1
0x007799C0|NiTObjectArray<NiPointer<NiShaderConstantMapEntry> >::NiTObjectArray<NiPointer<NiShaderConstantMapEntry> >|1
0x00779B00|NiPointer<NiD3DShaderConstantMap>::operator==|1
0x0077AD00|NiPointer<NiD3DShaderConstantMap>::operator->|1
0x0077B730|NiPointer<NiShaderConstantMapEntry>::operator=|1
0x0077B930|NiPointer<NiD3DShaderConstantMap>::operator->|1
0x0077BA70|NiPointer<NiD3DShaderConstantMap>::operator->|1
0x0077BE00|NiPointer<NiShaderConstantMapEntry>::operator=|1
0x0077C750|NiPointer<NiD3DShaderConstantMap>::operator=|1
0x0077CE90|NiPointer<NiShaderConstantMapEntry>::operator=|1
0x00780090|AutoMemContext::AutoMemContext|1
0x007899A0|NiFixedString::NiFixedString|1
0x0078AD00|ImageSpaceParameterData::Endian|2
0x00797550|NiGeometry::GetAdditionalGeometryData|1
0x00797E30|NiPointer<NiD3DShaderConstantMap>::operator==|1
0x00797FA0|NiGeometryData::GetAdditionalGeometryData|1
0x007A3130|NiCullingProcess::NiCullingProcess|1
0x007A37A0|Setting::Bool|1
0x007A37F0|Setting::Bool|1
0x007A3AA0|NiGeometryBufferData::GetFVF|1
0x007A8B70|BSShaderProperty::PreviousTransform::ToggleConsole|1
0x007B7A10|Tile::GetModel|1
0x007C1CC0|BSShader::MakePath|1
0x007C5C20|NiXenonRenderer::GetD3DView|2
0x007C7220|NiPointer<NiD3DShaderConstantMap>::operator==|1
0x00802C30|NiRefObject::DecRefCount|1
0x0081B0F0|NiParticleSystem::GetModifierByName|7
0x0081D790|NiPointer<NiPosData>::NiPointer<NiPosData>|1
0x0081E9A0|NiTArray<NiPointer<NiGeometry>,NiTNewInterface<NiPointer<NiGeometry> > >::SetSize|1
0x00821340|NiObject::IsKindOf|1
0x008258E0|NiPointer<NiGeometryData>::operator->|1
0x00825C40|NiParallelUpdateTaskManager::IsActive|1
0x00825DE0|NiPSysData::GetNumParticles|1
0x00826120|NiPSysData::GetParticleInfo|1
0x008269B0|NiPoint3::operator==|1
0x00828620|NiPSysData::GetNumParticles|1
0x0082AAC0|NiPSysData::GetNumParticles|1
0x0082C830|NiPSysDragFieldModifier::UpdateNoAttenuationNoDir|1
0x0082C950|NiPSysData::GetNumParticles|1
0x0082D720|NiPSysData::GetNumParticles|1
0x0082D880|NiBound::SetCenter|1
0x0082DCE0|NiGeometryData::GetBound|1
0x00830F90|NiStream::GetFileVersion|1
0x00831400|NiPSysModifierCtlr::GetModifierPointerFromName|1
0x008316A0|NiPSysModifier::NiPSysModifier|3
0x00831E90|NiParticleInfo::IsEqual|1
0x008335D0|BSOcclusionPlane::BSOcclusionPlane|1
0x00836F0D|BSMultiBound::QShape|1
0x00837A00|BSMultiBound::QShape|1
0x00837E00|BSMultiBoundOBB::GetPlanes|1
0x0083A2E0|NiTPointerList<BSOcclusionPlane *>::NiTPointerList<BSOcclusionPlane *>|1
0x0083B970|NiPointer<BSNodeReferences>::operator=|1
0x0083CEE0|QueuedFileEntry::SetFileName|3
0x0083CF40|BSHash::MakeDirAndFile|1
0x0083CF60|QueuedFileEntry::LookupFileEntry|3
0x0083D090|QueuedFileEntry::GetLookupFileName|1
0x00842960|SettingCollectionList<Setting>::GetViewerStrings|1
0x00843490|AutoMemContext::AutoMemContext|2
0x008459D0|Setting::Float|1
0x00846270|NiCullingProcess::SetFrustum|1
0x00847770|NiNode::NiNode|1
0x00849050|NiCamera::GetViewFrustum|1
0x00849100|NiPointer<NiAccumulator>::NiPointer<NiAccumulator>|1
0x008491A0|NiCullingProcess::SetFrustum|1
0x00849850|NiNode::GetChildCount|2
0x0084A9C0|NiAVObject::NiAVObject|1
0x0084C2D0|NiD3DShaderConstantMap::NiD3DShaderConstantMap|1
0x0084C8D0|NiTArray<NiParticles *,NiTMallocInterface<NiParticles *> >::Add|1
0x0084C920|NiTArray<NiParticles *,NiTMallocInterface<NiParticles *> >::SetSize|1
0x00854550|TESForm::GetDeleted|1
0x0085BB60|NiTArray<char *,NiTMallocInterface<char *> >::Add|1
0x0085BFB0|NiTListBase<NiTPointerAllocator<unsigned int>,NiPointer<NiAVObject> >::GetHeadPos|1
0x0085C790|BSMasterParticleSystem::GetActiveEmitterObjCount|1
0x0085DE70|BSMasterParticleSystem::UpdateParticleSystemList|1
0x0085E080|BSMasterParticleSystem::ClearUnreferencedEmitters|3
0x0085E280|BSMasterParticleSystem::FindNiParticlesRecurse|1
0x0085EB90|BSMasterParticleSystem::ChildHasActiveParticles|3
0x00861610|BSWArray::Init|1
0x00862140|BSPSysArrayEmitter::SetupArray|1
0x00862F40|NiTArray<NiPointer<NiAVObject>,NiTMallocInterface<NiPointer<NiAVObject> > >::RemoveAll|1
0x00866A00|bhkWorld::ClearPickData|1
0x00866E20|BSTimer::QGlobalTimeMultiplier|1
0x008674D0|bhkPhantom::bhkPhantom|1
0x008676E0|bhkPhantom::ResetPhantomFlags|1
0x00868A40|bhkShapeCollection::bhkShapeCollection|1
0x00868DE0|BSCoreMessage::QInstance|1
0x00868E30|hkColor::rgbFromChars|1
0x00868E90|BSXFlags::GetFlags|1
0x00869EE0|bhkCollisionObject::bhkCollisionObject|1
0x0086A350|bhkWorld::SetMotion|1
0x0086CD00|hkDataObject::hkDataObject|1
0x0086CD60|hkString::strNcmp|3
0x0086D190|bhkSimpleShapePhantom::bhkSimpleShapePhantom|1
0x00870550|bhkCharacterController::QSupported|1
0x00871120|AutoMemContext::AutoMemContext|1
0x00874AC0|bhkRigidBody::GetRotation|1
0x0087B0F0|hkOstream::~hkOstream|1
0x0087F750|bhkRigidBodyT::operator*|1
0x00881AA0|bhkNiCollisionObject::QSyncMode|1
0x00884E20|bhkConstraint::bhkConstraint|1
0x00885770|hkMemoryRouter::hkMemoryRouter|2
0x00885B00|bhkWorldObject::RembhkShapeRef|1
0x00885C10|bhkWorldObject::SetAVObject|1
0x00885EF0|bhkRigidBody::operator*|2
0x00886420|NiTArray<char *,NiTMallocInterface<char *> >::Add|1
0x00886430|hkMemoryRouter::getInstance|1
0x00887600|WeaponObject::Init|1
0x008876F0|AutoMemContext::AutoMemContext|27
0x00887700|bhkConstraint::Init|1
0x008886C0|bhkBlendCollisionObject::bhkBlendCollisionObject|1
0x00888990|hkErrStream::hkErrStream|1
0x008892C0|WeaponObject::Init|1
0x00889730|bhkGenericConstraint::bhkGenericConstraint|1
0x0088A330|NiStream::Istr|1
0x0088B2B0|bhkListShape::AddbhkShapeRef|1
0x0088B310|bhkShape::Link|1
0x0088C020|NiStream::QEndianSave|1
0x0088C770|bhkTransformShape::RembhkShapeRef|1
0x0088CE70|bhkRigidBody::GetCinfo|2
0x0088DAC0|bhkBlendCollisionObject::QVelGain|1
0x0088E770|bhkWorldObject::SetFlags|1
0x008903A0|hkBufferedStreamWriter::hkBufferedStreamWriter|1
0x008903B0|bhkConstraint::Init|1
0x00890410|hkErrStream::hkErrStream|1
0x008908C0|hkDisplaySemiCircle::generatePoints|1
0x00890940|hkOstream::operator<<|3
0x00890E60|hkOstream::operator<<|1
0x00890F30|hkOstream::operator<<|1
0x00891030|hkErrStream::hkErrStream|1
0x00891040|bhkWorld::QEnabled|1
0x00891060|Setting::Float|1
0x00891120|hkOstream::operator<<|2
0x00891620|hkpFirstPersonGun::hkpFirstPersonGun|1
0x008917A0|BGSAcousticSpaceListener::~BGSAcousticSpaceListener|1
0x008917F0|hkMemoryRouter::getInstance|1
0x00891840|hkMapBase<unsigned long,unsigned long,hkMapOperations<unsigned long> >::reserve|1
0x008918E0|hkMemoryRouter::getInstance|2
0x00891A20|hkpWorldViewerBase::hkpWorldViewerBase|1
0x00891B10|Setting::Bool|1
0x00891BD0|bhkWorld::operator*|1
0x00891C00|BSCoreMessage::QInstance|1
0x00892430|hkpRootCdPoint::hkpRootCdPoint|1
0x00892B50|hkOstream::operator<<|1
0x00893570|hkpWorld::getMemoryWatchDog|1
0x00893920|hkpWorldViewerBase::hkpWorldViewerBase|2
0x00893A20|BSCoreMessage::QInstance|1
0x00893AE0|bhkMultithreadedSystem::AcquireMTResources|1
0x00897510|hkOstream::hkOstream|1
0x00897E80|hkErrStream::hkErrStream|1
0x00899CE0|hkProcessFactory::registerProcess|1
0x0089C140|AutoMemContext::AutoMemContext|1
0x0089C670|hkErrStream::hkErrStream|1
0x0089C700|BSSimpleArray<ObstacleTaskData *,1024>::GetSize|1
0x0089D340|NiRTTI::GetName|1
0x008A0C40|hkOstream::operator<<|1
0x008A20E0|hkaRagdollRaycastInterface::~hkaRagdollRaycastInterface|1
0x008A5080|bhkBvTreeShape::RembhkShapeRef|1
0x008A80D0|hkTransform::getColumn|1
0x008A8150|NiTArray<char *,NiTMallocInterface<char *> >::Add|1
0x008A8240|NiPoint3::GetViewerString|1
0x008A8630|NiPoint3::GetViewerString|1
0x008A8860|bhkWorldObject::GethkWorldRw|1
0x008A8F50|hkpRigidBodyCinfo::hkpRigidBodyCinfo|1
0x008A9360|NiPoint3::NiPoint3|1
0x008A9520|hkpPhantom::fireCollidableRemoved|2
0x008A9B40|ahkpMalleableConstraintData::ahkpMalleableConstraintData|1
0x008AB0E0|AutoMemContext::AutoMemContext|1
0x008ABB00|bhkWorldObject::Add|1
0x008AC860|hkpWorldCallbackUtil::fireContactPointAdded|1
0x008AC910|hkVector4::operator=|1
0x008AC980|bhkCharacterProxy::GethkShapePhantom|1
0x008ADE20|hkpCdPointCollector::hkpCdPointCollector|2
0x008B0A60|hkpCollidable::hkpCollidable|1
0x008B0A70|hkStringPtr::hkStringPtr|34
0x008B0C10|hkStringPtr::operator=|3
0x008B0FA0|hkString::strCmp|1
0x008B10D0|hkQuaternion::isOk|1
0x008B1260|hkString::memCpy|2
0x008B1280|hkpKeyframedRigidMotion::~hkpKeyframedRigidMotion|1
0x008B19B0|hkMapBase<unsigned long,unsigned long,hkMapOperations<unsigned long> >::isValid|1
0x008B1A60|hkMapBase<unsigned long,unsigned long,hkMapOperations<unsigned long> >::isValid|1
0x008B1FB0|hkMapBase<unsigned long,unsigned long,hkMapOperations<unsigned long> >::remove|1
0x008B22F0|hkpGskfAgent::hkpGskfAgent|1
0x008B2450|hkQuaternion::setAxisAngle|1
0x008B2850|bhkBlendCollisionObject::QVelGain|1
0x008B2D90|hkOstream::hkOstream|1
0x008B2E70|hkRotation::isOrthonormal|18
0x008B55D0|hkOstream::operator<<|1
0x008B5C10|hkErrStream::hkErrStream|1
0x008B5D00|hkErrStream::hkErrStream|1
0x008B8AC0|NiBinaryStream::BinaryRead|1
0x008B9CB0|NiPoint3::NiPoint3|1
0x008BA0D0|bhkUnaryAction::bhkUnaryAction|1
0x008BBD80|hkStringBuf::hkStringBuf|2
0x008BBFC0|hkMemorySystem::getInstance|1
0x008BC510|hkVector4::operator|1
0x008BF860|hkpShapeRayCastInput::hkpShapeRayCastInput|1
0x008C0410|hkOstream::printf|1
0x008C1A10|NiTLargeArray<NiPointer<NiObject>,NiTNewInterface<NiPointer<NiObject> > >::SetAt|1
0x008C49B0|ahkpBreakableConstraintData::ahkpBreakableConstraintData|1
0x008C7FE0|hkConstraintCinfo::hkConstraintCinfo|1
0x008CA9C0|bhkTriangleShape::GetCinfo|1
0x008CD170|bhkCylinderShape::GetCinfo|1
0x008CD610|AutoMemContext::AutoMemContext|1
0x008CDC90|bhkConvexVerticesShape::GetCinfo|1
0x008CE290|AutoMemContext::AutoMemContext|1
0x008CE530|hkBaseObject::~hkBaseObject|1
0x008CFD40|bhkConvexListShape::AddbhkShapeRef|1
0x008D0E00|hkStopwatch::getTickCounter|1
0x008D1140|hkVisualDebugger::addTrackedObjectCallback|1
0x008D2210|hkBaseObject::~hkBaseObject|1
0x008D2470|hkString::strCmp|1
0x008D2A50|bhkWorldObject::HasProperty|1
0x008D2BE0|bhkWorldObject::RemoveProperty|1
0x008D2D80|hkpCdPointCollector::hkpCdPointCollector|1
0x008DF6D0|hkString::strLen|1
0x008E2430|hkOstream::operator<<|1
0x008E4AE0|hkaSkeletonMapperData::hkaSkeletonMapperData|1
0x008F0E90|hkArray<unsigned int,hkContainerHeapAllocator>::hkArray<unsigned int,hkContainerHeapAllocator>|1
0x008F0F40|NiStream::QEndian|2
0x008F1B10|hkOstream::operator<<|1
0x008F2410|hkErrStream::hkErrStream|1
0x008F2510|hkpWorldRayCastInput::hkpWorldRayCastInput|1
0x008F2880|hkpCollidable::hkpCollidable|1
0x008F4840|AutoMemContext::AutoMemContext|1
0x008F4AF0|bhkConstraintManager::LoadBinary|2
0x008F4BC0|ahkpMalleableConstraintData::GetChild|1
0x008F4D30|bhkWorld::Getbhk|1
0x008F5FE0|hkClassMemberAccessor::asCstring|2
0x008F6030|hkStatisticsCollectorUtil::_addArrayContents|1
0x008F60D0|hkClass::getObjectSize|1
0x008F61C0|hkStatisticsCollector::addStringPtr|1
0x008F6210|hkOstream::hkOstream|1
0x008F63C0|hkOstream::~hkOstream|1
0x008F6460|hkErrStream::hkErrStream|1
0x008F6580|hkStatisticsCollectorUtil::addClassContents|1
0x008F6920|hkStatisticsCollectorUtil::hasContents|1
0x008F6D30|hkCriticalSection::hkCriticalSection|1
0x008F6DA0|hkOstream::operator<<|2
0x008F9C60|hkErrStream::hkErrStream|1
0x008FA6E0|hkOstream::operator<<|1
0x008FB080|hkMemoryRouter::getInstance|1
0x008FCBA0|hkpSimpleContactConstraintData::allocateContactPoint|1
0x008FD200|hkpEntityCallbackUtil::fireContactPointRemovedInternal|1
0x008FD800|hkErrStream::hkErrStream|1
0x008FFE50|bhkPhantom::GetViewerStrings|1
0x008FFF00|hkpEntityCallbackUtil::fireContactPointCallbackInternal|4
0x00900110|hkpRigidBody::getPointVelocity|2
0x009001C0|hkpEntityCallbackUtil::fireContactPointRemovedInternal|6
0x00900270|hkErrStream::hkErrStream|1
0x00900370|hkErrStream::hkErrStream|2
0x00901850|hkpSimpleConstraintContactMgr::setContactPointProperties|2
0x00901900|hkpWorldCallbackUtil::fireContactPointRemoved|3
0x00901DF0|hkpWorldMemoryUtil::tryToRecoverFromMemoryErrors|1
0x00904380|hkBaseObject::~hkBaseObject|1
0x00904390|hkThread::hkThread|1
0x009043C0|hkOstream::operator<<|1
0x00904E80|hkBaseObject::~hkBaseObject|1
0x00905190|AutoMemContext::AutoMemContext|1
0x009051B0|bhkMultithreadedSystem::InitMTSystem|1
0x00906F80|hkStatisticsCollector::getAllocatedSize|12
0x00907030|hkClassMemberAccessor::asStringPtr|2
0x00907470|AutoMemContext::AutoMemContext|1
0x00907C80|hkBaseObject::~hkBaseObject|1
0x0090A560|hkErrStream::hkErrStream|1
0x0090C3E0|hkOstream::operator<<|1
0x0090D3F0|hkOstream::operator<<|1
0x009105B0|hkErrStream::hkErrStream|1
0x00911C60|hkErrStream::hkErrStream|1
0x0091A300|hkErrStream::hkErrStream|1
0x0091A330|hkOstream::operator<<|1
0x00921D00|hkMemoryRouter::getInstance|1
0x00921D10|hkErrStream::hkErrStream|1
0x00921F10|hkpMassChangerModifierConstraintAtom::collisionResponseBeginCallback|1
0x00921F50|hkpSoftContactModifierConstraintAtom::collisionResponseBeginCallback|1
0x00921FC0|hkOstream::operator<<|1
0x00922160|hkpMovingSurfaceModifierConstraintAtom::collisionResponseBeginCallback|1
0x00926450|hkpTriSampledHeightFieldBvTreeShape::getExtentsForQueryAabb|1
0x00928680|hkErrStream::hkErrStream|1
0x0092A610|hkErrStream::hkErrStream|1
0x0092BBD0|hkBufferedStreamReader::Buffer::Buffer|1
0x0092C3A0|hkThreadMemory::initLookupTables|1
0x0092CAA0|hkLeakDetectAllocator::checkedAlloc|1
0x0092CC70|hkpMoppUsingFloatAabbVirtualMachine<hkpMoppPlanesQueryInput,hkMoppPlanesQueryObject>::queryMoppTree|1
0x0092CD80|hkThread::hkThread|1
0x0092CE50|hkCpuJobThreadPool::removeThread|1
0x009469E0|hkMemoryTrack::~hkMemoryTrack|1
0x00946D40|hkClass::getName|3
0x00946D50|hkClass::getParent|1
0x00946F20|hkClass::getMember|1
0x00946F80|hkClass::getDeclaredMember|1
0x00953200|hkArrayBase<hkVector4>::operator[]|1
0x00953D30|hkArrayBase<hkVector4>::getSize|1
0x009573E0|hkpConvexShape::hkpConvexShape|1
0x00960550|hkStopwatch::getTicksPerSecond|1
0x00960570|hkStopwatch::divide64|1
0x00960580|hkStopwatch::getTickCounter|1
0x00960800|hkBaseObject::~hkBaseObject|1
0x00960940|Writer::writeObjectTree|1
0x00961E30|hkRotation::set|1
0x00965750|hkMapBase<unsigned long,unsigned long,hkMapOperations<unsigned long> >::reserve|1
0x00974D90|hkOstream::operator<<|1
0x00975050|hkgpMeshBase::Triangle::~Triangle|1
0x009752E0|hkMapBase<unsigned long,unsigned long,hkMapOperations<unsigned long> >::reserve|1
0x00975440|hkMemoryRouter::getInstance|1
0x00975600|hkStringPtr::getLength|1
0x00976CF0|hkOstream::operator<<|1
0x00978720|hkOstream::operator<<|1
0x00979AB0|hkErrStream::hkErrStream|1
0x0097C200|hkOstream::operator<<|1
0x0097C8D0|hkErrStream::hkErrStream|1
0x0097CE20|hkMemoryRouter::getInstance|1
0x00984CC8|hkString::strNcmp|1
0x00985EF0|hkBaseObject::~hkBaseObject|1
0x009868A0|hkMemoryRouter::getInstance|1
0x00986910|hkStatisticsCollectorUtil::_addArrayData|1
0x00986940|hkClassMember::getClassMemberTypeProperties|1
0x00986960|hkClassMember::getClass|1
0x009871A0|hkClassMemberAccessor::hkClassMemberAccessor|5
0x009871E0|hkClassMemberAccessor::isOk|1
0x00987200|hkClassMemberAccessor::getAddress|3
0x00987210|hkClassMemberAccessor::asPointer|1
0x00987220|hkOstream::operator<<|1
0x00987230|hkErrStream::hkErrStream|1
0x00987250|hkOstream::operator<<|1
0x00987260|hkErrStream::hkErrStream|1
0x00987270|hkClassMemberAccessor::asInt32|1
0x00987280|hkClassMemberAccessor::asUint32|1
0x00987290|hkClassMemberAccessor::asInt64|1
0x009872A0|hkClassMemberAccessor::asUint64|1
0x009872B0|hkClassMemberAccessor::asUlong|1
0x009872C0|hkClassMemberAccessor::asInt16|1
0x009872D0|hkClassMemberAccessor::asUint16|1
0x009872E0|hkClassMemberAccessor::asInt8|1
0x009872F0|hkClassMemberAccessor::asUint8|1
0x00987340|hkOstream::~hkOstream|1
0x00987350|hkStatisticsCollectorUtil::_getArrayElementSize|1
0x00987360|hkClassMemberAccessor::getClassMember|1
0x00987370|hkClassMemberAccessor::getClassMember|3
0x00987430|hkCachedHashMap<hkStringMapOperations,hkContainerHeapAllocator>::getValue|1
0x00987440|hkCachedHashMap<hkStringMapOperations,hkContainerHeapAllocator>::isValid|2
0x00987760|hkMapBase<unsigned long,unsigned long,hkMapOperations<unsigned long> >::getValue|1
0x00987790|hkOArchive::hkOArchive|1
0x00987800|hkpWorldCallbackUtil::firePostSimulationCallback|1
0x00987940|hkSemaphore::hkSemaphore|1
0x009881D0|hkOstream::operator<<|1
0x009892D0|hkErrStream::hkErrStream|1
0x00997070|hkJobQueue::lockQueue|1
0x009976D0|hkReferencedObject::addReferenceLockUnchecked|1
0x00997850|hkMemoryRouter::getInstance|1
0x009A2DE0|hkBsdSocket::createSocket|1
0x009A3510|hkpConvexListAgent::getStream|1
0x009A35F0|hkpConvexListAgent::getStream|1
0x009BA650|hkDataWorldDict::ObjectTracker::removeClassContent|1
0x009BA660|hkSerializeMultiMap<hkDataClassDict *,hkDataClassDict *>::getNextIndex|1
0x009BA810|hkMemoryRouter::getInstance|2
0x009BA850|hkSerializeMultiMap<hkDataClassDict *,hkDataClassDict *>::getValue|1
0x009BA9A0|hkOstream::operator<<|1
0x009BAA00|Reader::readObject|1
0x009BB140|hkClassMember::getClass|1
0x009BBE80|hkDataClassNative::fillMemberInfo|2
0x009BC7A0|hkBinaryPackfileWriter::SaveContext::SaveContext|1
0x009BC860|hkSubStreamWriter::hkSubStreamWriter|1
0x009BC960|hkBinaryPackfileWriter::writeAllObjects|1
0x009BD720|hkBinaryPackfileWriter::fillSectionTags|1
0x009BD910|hkBinaryPackfileWriter::doDeferredWrites|1
0x009BD9F0|hkOstream::hkOstream|1
0x009BDB70|hkBufferedStreamWriter::hkBufferedStreamWriter|1
0x009BE150|hkErrStream::hkErrStream|1
0x009BE710|hkErrStream::hkErrStream|1
0x009C0500|Writer::Writer|1
0x009C1670|hkBaseObject::~hkBaseObject|1
0x009C1960|hkDataObject::isNull|1
0x009C1C50|hkClassMember::getClass|1
0x009C3B90|hkMapBase<unsigned long,unsigned long,hkMapOperations<unsigned long> >::getWithDefault|1
0x009C5440|hkCachedHashMap<hkStringMapOperations,hkContainerHeapAllocator>::isValid|1
0x009C5F30|Reader::Reader|1
0x009C6020|Reader::~Reader|1
0x009C88C0|hkCachedHashMap<hkStringMapOperations,hkContainerHeapAllocator>::isValid|1
0x009C9710|hkCachedHashMap<hkStringMapOperations,hkContainerHeapAllocator>::getWithDefault|1
0x009C9EC0|hkDataClassDict::getMemberInfoByIndex|1
0x009CBA40|hkCachedHashMap<hkStringMapOperations,hkContainerHeapAllocator>::getWithDefault|1
0x009D0420|hkpBridgeConstraintAtom::init|1
0x009D1180|hkOstream::operator<<|1
0x009D5150|hkMemoryRouter::getInstance|1
0x009D7110|hkLargeBlockAllocator::hkLargeBlockAllocator|1
0x009D7FC0|hkFreeList::freeAllMemory|1
0x009D8B60|hkLargeBlockAllocator::getIterator|1
0x009D8FE0|hkServerProcessHandler::findProcessByTag|1
0x009DB550|hkReferencedObject::addReference|1
0x009DF370|hkString::strLen|2
0x009E2980|hkKdTree::~hkKdTree|1
0x009FCFD0|hkBaseObject::~hkBaseObject|1
0x009FF6A0|hkStringPtr::hkStringPtr|1
0x00A02A70|hkPlatformObjectWriter::Cache::get|1
0x00A02CB0|hkPlatformObjectWriter::Cache::get|1
0x00A03100|hkArrayUtil::_reserve|1
0x00A03460|hkArrayStreamWriter::nullTerminate|1
0x00A03590|hkMemoryRouter::getInstance|1
0x00A036B0|hkOArchive::hkOArchive|1
0x00A05950|hkErrStream::hkErrStream|1
0x00A05C20|hkOstream::operator<<|1
0x00A066F0|hkpMoppAssemblerNodeInfo::updateOffsetAndSpread|2
0x00A06920|hkpMoppCodeGenerator::addCommand16|1
0x00A06AA0|hkpMoppTreeNode::toNode|1
0x00A06AF0|hkpMoppDefaultAssembler::assemblesubNode|1
0x00A06E00|hkpMoppTreeNode::toTerminal|1
0x00A07040|hkpMoppDefaultAssembler::updateParams|1
0x00A07070|hkBaseObject::~hkBaseObject|1
0x00A07550|hkpMoppDefaultAssembler::addTerminals|1
0x00A07C50|hkpMoppDefaultAssembler::assembleCutAndTerminalCommand|1
0x00A07CA0|hkpMoppTreeNode::toNode|1
0x00A08040|hkpMoppDefaultAssembler::assemblesubNode|1
0x00A094A0|hkpMoppAssemblerNodeInfo::updateExtents|2
0x00A09540|hkpMoppAssemblerNodeInfo::calcMaxExtentsSignificantBits|2
0x00A095D0|hkpMoppDefaultAssembler::calcReoffset|1
0x00A097A0|hkString::vsnprintf|1
0x00A09970|hkString::snprintf|1
0x00A09BE0|hkOstream::printf|2
0x00A09F80|hkStringPtr::hkStringPtr|1
0x00A0A750|hkString::strLen|1
0x00A0BD40|hkArrayStreamWriter::nullTerminate|1
0x00A0CB80|hkpPhysicsContext::~hkpPhysicsContext|1
0x00A114A0|hkArrayUtil::_reserve|1
0x00A12960|hkArrayUtil::_reserve|1
0x00A1B820|hkMemoryRouter::getInstance|1
0x00A1DE00|hkMemoryRouter::getInstance|1
0x00A22F90|hkOstream::operator<<|1
0x00A239C0|hkBaseObject::~hkBaseObject|1
0x00A2FA60|hkErrStream::hkErrStream|1
0x00A33DC0|hkOstream::~hkOstream|1
0x00A33E10|hkOstream::operator<<|1
0x00A33E90|hkaAnimation::getFrameAndDelta|1
0x00A33F10|hkOstream::operator<<|1
0x00A34720|hkErrStream::hkErrStream|2
0x00A36700|hkArrayUtil::_reserve|1
0x00A367D0|hkMemoryRouter::getInstance|1
0x00A37940|hkBaseObject::~hkBaseObject|1
0x00A44DE0|hkpProjectileGun::updateProjectiles|1
0x00A44E10|hkpProjectileGun::clearHitProjectiles|1
0x00A44EB0|hkpFirstPersonGun::hkpFirstPersonGun|1
0x00A44EF0|hkpProjectileGun::removeDestroyedProjectiles|1
0x00A45FB0|hkpGravityGun::gravityGunPull|1
0x00A46000|hkpGravityGun::dropObject|1
0x00A46080|hkpGravityGun::gravityGunPush|1
0x00A47390|hkMemoryRouter::getInstance|1
0x00A4AFE0|hkMapBase<unsigned long,unsigned long,hkMapOperations<unsigned long> >::get|1
0x00A52FA0|hkOstream::operator<<|4
0x00A58780|hkVector4::setTransformedPos|1
0x00A587B0|hkpRigidBody::setPosition|1
0x00A587C0|hkpRigidBody::setLinearVelocity|1
0x00A587E0|hkErrStream::hkErrStream|1
0x00A58CF0|hkBufferedStreamWriter::hkBufferedStreamWriter|1
0x00A58D90|hkpConstraintUtils::getConstraintPivots|1
0x00A58EA0|hkErrStream::hkErrStream|1
0x00A69B40|NiFixedString::operator=|1
0x00A6D780|NiGeometry::GetModelData|1
0x00A6E630|NiPointer<NiShaderLibrary>::NiPointer<NiShaderLibrary>|1
0x00A6FBB0|NiXenonRenderer::SetSkinnedModelTransforms|1
0x00A6FDA0|NiXenonRenderState::SetBoneCount|1
0x00A6FE30|NiXenonRenderer::CalculateBoneMatrices|1
0x00A718A0|NiRenderer::Error|1
0x00A71FE0|NiGeometry::GetSkinInstance|1
0x00A72C20|NiXenonRenderer::CreateDirect3D9|1
0x00A752B0|NiD3DShaderInterface::SetD3DRenderer|1
0x00A75310|NiPointer<NiD3DShaderConstantMap>::NiPointer<NiD3DShaderConstantMap>|1
0x00A7D5B0|NiTPointerListBase<NiTPointerAllocator<unsigned int>,char *>::GetNext|1
0x00A7D7F0|NiSourceTexture::GetPlatformSpecificFilename|1
0x00A7DD50|NiTArray<NiPointer<NiD3DTextureStage>,NiTNewInterface<NiPointer<NiD3DTextureStage> > >::GetAt|1
0x00A7EB00|NiTArray<NiPointer<NiD3DTextureStage>,NiTNewInterface<NiPointer<NiD3DTextureStage> > >::GetSize|1
0x00A7EC60|NiD3DShaderInterface::NiD3DShaderInterface|1
0x00A7EED0|NiD3DRenderStateGroup::SetRenderStates|2
0x00A7F430|BSCoreMessage::QInstance|1
0x00A7F5D0|NiPointer<NiD3DVertexShader>::operator=|1
0x00A7F6B0|NiTObjectArray<NiPointer<NiD3DTextureStage> >::NiTObjectArray<NiPointer<NiD3DTextureStage> >|1
0x00A80640|NiSCMExtraData::GetNextEntry|1
0x00A818D0|NiXenonRenderer::GetRenderer|1
0x00A81C60|NiShaderConstantMapEntry::GetDataSource|1
0x00A8292F|NiTArray<NiPointer<NiShaderConstantMapEntry>,NiTNewInterface<NiPointer<NiShaderConstantMapEntry> > >::GetSize|1
0x00A83320|NiShaderConstantMapEntry::GetAttributeType|1
0x00A83550|D3DXMATRIX::D3DXMATRIX|1
0x00A83A90|NiExtraData::GetName|1
0x00A83EF7|NiXenonRenderer::GetD3DProj|1
0x00A86A50|NiShaderFactory::ReportError|1
0x00A86F40|NiShaderConstantMapEntry::GetKey|1
0x00A870C0|NiD3DShaderConstantMap::SortListByEnabled|2
0x00A87510|NiGPUProgram::NiGPUProgram|1
0x00A88DC0|NiRenderer::SetLastErrorString|1
0x00A89AE0|NiShaderConstantMapEntry::SetVariableName|1
0x00A8BB70|NiXenonRenderState::UpdateRenderState|2
0x00A8BFA0|NiFixedString::NiFixedString|1
0x00A8BFF0|NiRTTI::GetName|1
0x00A8C120|NiGPUProgramCache::LoadString|1
0x00A8E3A0|NiTFixedStringMapBase<DFALL<NiTMapItem<NiFixedString,NiPointer<NiGPUProgramCache::NiGPUProgramDesc> > >,NiPointer<NiGPUProgramCache::NiGPUProgramDesc> >::KeyToHashIndex|1
0x00A8E933|NiFixedString::~NiFixedString|1
0x00A8E952|NiFixedString::NiFixedString|1
0x00A8E971|NiTSet<NiFixedString,NiTNewInterface<NiFixedString> >::Add|1
0x00A8EA60|NiTFixedStringMapBase<DFALL<NiTMapItem<NiFixedString,NiPointer<NiGPUProgramCache::NiGPUProgramDesc> > >,NiPointer<NiGPUProgramCache::NiGPUProgramDesc> >::GetAt|1
0x00A8F010|NiRTTI::GetName|1
0x00A91F10|NiD3DShaderInterface::NiD3DShaderInterface|1
0x00A92EB0|NiD3DShaderProgramFactory::GetInstance|5
0x00A92FE0|NiD3DShaderProgramFactory::GetFirstProgramDirectory|1
0x00A93000|NiD3DShaderProgramFactory::GetNextProgramDirectory|1
0x00A93020|NiTArray<NiVBDynamicSet *,NiTMallocInterface<NiVBDynamicSet *> >::NiTArray<NiVBDynamicSet *,NiTMallocInterface<NiVBDynamicSet *> >|1
0x00A93060|NiGeometryGroup::NiGeometryGroup|1
0x00A930A0|NiShaderFactory::ReportError|2
0x00A93960|NiD3DShaderProgramFactory::AddProgramDirectory|1
0x00A93CC0|NiD3DShaderProgramFactory::RemoveAllProgramDirectories|1
0x00A94C00|NiDynamicGeometryGroup::Create|1
0x00A94D70|NiUnsharedGeometryGroup::Create|1
0x00A95B10|NiStaticGeometryGroup::Create|1
0x00A98750|NiScreenTexture::GetRendererData|3
0x00A987C0|NiGeometryBufferData::GetVertexStride|1
0x00A98890|NiD3DShaderProgramCreator::CreateVertexShader|1
0x00A988D0|NiD3DShaderProgramCreator::CreatePixelShader|1
0x00A98AA0|NiHalfSpaceBV::~NiHalfSpaceBV|1
0x00A99330|NiBoundingVolume::NiBoundingVolume|1
0x00A9B4F0|NiPoint3::operator-|1
0x00A9C490|NiPlane::NiPlane|1
0x00A9C680|NiPoint3::NiPoint3|1
0x00A9CAB0|NiCollisionData::SetPropagationMode|1
0x00AADA70|NiPoint3::NiPoint3|1
0x00AADB90|NiAVObject::GetWorldTransform|1
0x00AAE630|NiBox::SaveBinary|1
0x00AB5410|NiPlane::SaveBinary|2
0x00AB6090|NiCapsuleBV::GetSegment|2
0x00AB6B70|NiAVObject::GetWorldTransform|1
0x00AB72B0|NiPoint3::NiPoint3|1
0x00AB7440|NiPoint3::NiPoint3|1
0x00AB7DC0|NiOBBox::NiOBBox|1
0x00AB85D0|NiAVObject::GetWorldTransform|1
0x00AB9B00|NiOBBNode::GetChangeStamp|1
0x00ABA480|NiAVObject::GetWorldTransform|4
0x00ABA680|NiOBBox::Transform|2
0x00ABF610|NiOBBox::Transform|1
0x00AC17C0|MoviePlayer::GetPlayingSequence|1
0x00AC29B0|MoviePlayer::StopSequence|1
0x00AC3504|std::_Yarn<char>::_Yarn<char>|1
0x00AC61C0|NiGeometryGroup::RemoveObject|3
0x00AC65A6|NiFilename::SetDrive|2
0x00AC68E4|BSReference::GetName|1
0x00AC6BB5|NiFile::Access|1
0x00AC7595|NiPoint3::Unitize|1
0x00AC7C56|std::basic_string<char,std::char_traits<char>,std::allocator<char> >::basic_string<char,std::char_traits<char>,std::allocator<char> >|4
0x00AC7D40|Controls::GetMouseAxis|1
0x00AC85E3|AutoMemContext::AutoMemContext|1
0x00AC86E1|Tile::GetRealX|1
0x00AC8A19|NiTextKey::GetText|2
0x00AC913A|NiTimeController::GetAnimType|1
0x00AC9610|CVec3::CVec3|1
0x00AC9907|TESDataHandler::GetSaveLoad|1
0x00AC9A47|std::basic_string<char,std::char_traits<char>,std::allocator<char> >::c_str|2
0x00AC9E10|BSShaderPPLightingProperty::GetViewerStrings|1
0x00ACB086|std::allocator<char>::allocator<char>|1
0x00ACB3C5|NiFile::DiskRead|1
0x00ACB562|BSFile::CheckIsGood|1
0x00ACB5C6|AutoMemContext::~AutoMemContext|1
0x00ACDB00|BSStringT<char>::String|1
0x00ACE255|std::locale::facet::facet|2
0x00AD0F92|BSShaderProperty::GetViewerStrings|1
0x00AD1714|BSFile::FilePointerIsValid|1
0x00AD429F|BSShaderLightingProperty::GetViewerStrings|1
0x00AD5837|NiTArray<char *,NiTMallocInterface<char *> >::Add|1
0x00ADD07E|NiFile::InvokeReadErrorFunc|1
0x00AE6D74|hkBsdSocket::createSocket|1
0x00AE6D8C|hkOstream::~hkOstream|1
0x00AE6D92|hkErrStream::hkErrStream|1
0x00AE6DA4|hkOstream::~hkOstream|1
0x00AE6DAA|hkOstream::operator<<|1
0x00AE6DB0|hkOstream::operator<<|1
0x00AE6DB6|hkErrStream::hkErrStream|1
0x00AE6DD4|NiShaderConstantMapEntry::GetVariableName|1
0x00AE6DDA|NiShaderConstantMapEntry::GetInternal|1
0x00AE6DFE|D3DXMATRIX::D3DXMATRIX|1
0x00AE6E4C|NiShaderFactory::ReportError|1
0x00AE6E52|NiShaderFactory::ReportError|1
0x00AE89F0|NiMaterialDescriptor::NiMaterialDescriptor|1
0x00AE8A10|NiFragmentShaderInstanceDescriptor::~NiFragmentShaderInstanceDescriptor|1
0x00AE8AC0|NiTFixedStringMapBase<DFALL<NiTMapItem<NiFixedString,NiAVObject *> >,NiAVObject *>::GetCount|1
0x00AE8D20|NiGPUProgramCache::ValidateDirectory|1
0x00AE8E90|NiPointer<NiGPUProgramCache::NiGPUProgramDesc>::NiPointer<NiGPUProgramCache::NiGPUProgramDesc>|1
0x00AE8F10|NiSystemDesc::GetSystemDesc|1
0x00AE92D0|NiSystemDesc::GetSystemDesc|1
