# Ghidra-xref-discovered ctor names: 0xRVA|Class::Class
0x00001A10|BGSHungerStage::BGSHungerStage
0x000020F0|BGSSleepDeprevationStage::BGSSleepDeprevationStage
0x00002820|AlchemyItem::AlchemyItem
0x00002B40|MagicItemObject::MagicItemObject
0x00002C20|TESIcon::TESIcon
0x00002C90|MagicItem::MagicItem
0x00002D00|TESFullName::TESFullName
0x00002D30|BaseFormComponent::BaseFormComponent
0x00002D50|AlchemyItem::AlchemyItem
0x00004920|Setting::Setting
0x00004A00|SettingT<GameSettingCollection>::SettingT<GameSettingCollection>
0x00004B10|GameSettingCollection::GameSettingCollection
0x00004B90|SettingCollectionMap<Setting>::SettingCollectionMap<Setting>
0x00004C00|SettingCollectionMap<Setting>::SettingCollectionMap<Setting>
0x00005250|?$NiTStringTemplateMap@V?$NiTMap@PBDPAVSetting::?$NiTStringTemplateMap@V?$NiTMap@PBDPAVSetting
0x00005310|NiTMap<char const *,Setting *>::NiTMap<char const *,Setting *>
0x00005370|?$NiTMapBase@V?$DFALL@V?$NiTMapItem@PBDPAVSetting::?$NiTMapBase@V?$DFALL@V?$NiTMapItem@PBDPAVSetting
0x00005570|NiTStringMap<Setting *>::NiTStringMap<Setting *>
0x000055D0|?$NiTStringTemplateMap@V?$NiTMap@PBDPAVSetting::?$NiTStringTemplateMap@V?$NiTMap@PBDPAVSetting
0x00005600|NiTMap<char const *,Setting *>::NiTMap<char const *,Setting *>
0x00005630|?$NiTMapBase@V?$DFALL@V?$NiTMapItem@PBDPAVSetting::?$NiTMapBase@V?$DFALL@V?$NiTMapItem@PBDPAVSetting
0x00006DE0|StatsMenu::StatusDataList::StatusDataList
0x00007020|EffectSetting::EffectSetting
0x00007230|EffectSetting::EffectSetting
0x00009080|EnchantmentItem::EnchantmentItem
0x00009190|MagicItemForm::MagicItemForm
0x000092A0|EnchantmentItem::EnchantmentItem
0x000098F0|IngredientItem::IngredientItem
0x00009B40|IngredientItem::IngredientItem
0x0000A140|MagicItem::MagicItem
0x0000C150|SettingT<GameSettingCollection>::SettingT<GameSettingCollection>
0x0000E130|Setting::Setting
0x0000E2C0|SpellItem::SpellItem
0x0000EC00|ExtraCell3D::ExtraCell3D
0x0000EC80|BSExtraData::BSExtraData
0x0000ECB0|BSExtraData::BSExtraData
0x0000ED30|ExtraCell3D::ExtraCell3D
0x0000EDA0|ExtraHavok::ExtraHavok
0x0000EE70|ExtraHavok::ExtraHavok
0x0000EF00|ExtraRegionList::ExtraRegionList
0x0000EFD0|ExtraCellAcousticSpace::ExtraCellAcousticSpace
0x0000F1B0|ExtraCellImpactSwap::ExtraCellImpactSwap
0x0000F210|ExtraCellImpactSwap::ExtraCellImpactSwap
0x0000F370|ExtraCellWaterType::ExtraCellWaterType
0x0000F410|ExtraProcessMiddleLow::ExtraProcessMiddleLow
0x0000F440|ExtraCellCanopyShadowMask::ExtraCellCanopyShadowMask
0x0000F590|ExtraSeenData::ExtraSeenData
0x0000F680|ExtraNorthRotation::ExtraNorthRotation
0x0000F6B0|ExtraDetachTime::ExtraDetachTime
0x0000F740|BaseExtraList::BaseExtraList
0x0000F7B0|BaseExtraList::BaseExtraList
0x00010360|ExtraDataList::ExtraDataList
0x000103B0|ExtraDataList::ExtraDataList
0x00011B40|ExtraReflectedRefs::ExtraReflectedRefs
0x00011BE0|ExtraReflectorRefs::ExtraReflectorRefs
0x00011C80|ExtraWaterLightRefs::ExtraWaterLightRefs
0x00011D20|ExtraLitWaterRefs::ExtraLitWaterRefs
0x00011E40|ExtraSpecialRenderFlags::ExtraSpecialRenderFlags
0x00011EA0|ExtraSpecialRenderFlags::ExtraSpecialRenderFlags
0x00016AD0|ExtraNavMeshPortal::ExtraNavMeshPortal
0x000183E0|ExtraRadioData::ExtraRadioData
0x0001B650|ExtraHealthPerc::ExtraHealthPerc
0x0001B790|ExtraObjectHealth::ExtraObjectHealth
0x0001BEF0|ExtraTerminalState::ExtraTerminalState
0x0001C5E0|ExtraEditorID::ExtraEditorID
0x0001E750|ExtraOpenCloseActivateRef::ExtraOpenCloseActivateRef
0x0001FB50|ExtraPrimitive::ExtraPrimitive
0x0001FCD0|ExtraPatrolRefData::ExtraPatrolRefData
0x0001FF80|ExtraOcclusionPlaneRefData::ExtraOcclusionPlaneRefData
0x000202D0|ExtraPortalRefData::ExtraPortalRefData
0x00020500|ExtraRoomRefData::ExtraRoomRefData
0x00021090|ExtraCollisionData::ExtraCollisionData
0x00021160|ExtraCollisionData::ExtraCollisionData
0x000222F0|ExtraRadius::ExtraRadius
0x00022420|ExtraRadiation::ExtraRadiation
0x0002C4B0|ExtraLock::ExtraLock
0x0002C580|ExtraTeleport::ExtraTeleport
0x0002C5E0|ExtraOwnership::ExtraOwnership
0x0002C610|ExtraGlobal::ExtraGlobal
0x0002C640|ExtraRank::ExtraRank
0x0002C670|ExtraCount::ExtraCount
0x0002C6A0|ExtraHealth::ExtraHealth
0x0002C6D0|ExtraUses::ExtraUses
0x0002C7D0|ExtraScale::ExtraScale
0x0002C800|ExtraHotKey::ExtraHotKey
0x0002C830|ExtraReferencePointer::ExtraReferencePointer
0x0002C860|ExtraTresPassPackage::ExtraTresPassPackage
0x0002C8C0|ExtraLeveledItem::ExtraLeveledItem
0x0002C900|ExtraPoison::ExtraPoison
0x0002C930|ExtraHeadingTarget::ExtraHeadingTarget
0x0002C9C0|ExtraObjectHealth::ExtraObjectHealth
0x0002C9F0|ExtraModelSwap::ExtraModelSwap
0x0002CA30|ExtraRadius::ExtraRadius
0x0002CA60|ExtraRadiation::ExtraRadiation
0x0002CA90|ExtraActorCause::ExtraActorCause
0x0002CB30|ExtraActorCause::ExtraActorCause
0x0002CBA0|ExtraAmmo::ExtraAmmo
0x0002CBE0|ExtraPackageData::ExtraPackageData
0x0002CC40|ExtraWeaponModFlags::ExtraWeaponModFlags
0x0002CCA0|ExtraWeaponModFlags::ExtraWeaponModFlags
0x0002CCC0|ExtraSecuritronFace::ExtraSecuritronFace
0x0002E210|ExtraModelSwap::ExtraModelSwap
0x0002E450|ExtraWeaponModFlags::ExtraWeaponModFlags
0x0002E650|ExtraModdingItem::ExtraModdingItem
0x0002E6D0|ExtraModdingItem::ExtraModdingItem
0x0002EC30|ExtraAmmo::ExtraAmmo
0x0002F4E0|NiTMap<TESObjectREFR *>::NiTMap<TESObjectREFR *>
0x0002F570|BSSimpleArray<TESBoundObject *>::BSSimpleArray<TESBoundObject *>
0x0002F7D0|BSSimpleArray<NavMeshPtr>::BSSimpleArray<NavMeshPtr>
0x0002F800|BSSimpleArray<NavMeshPtr>::BSSimpleArray<NavMeshPtr>
0x0002F830|BSSimpleArray<NavMeshPtr>::BSSimpleArray<NavMeshPtr>
0x0002FE10|?$NiTMapBase@V?$DFALL@V?$NiTMapItem@PAVTESObjectREFR::?$NiTMapBase@V?$DFALL@V?$NiTMapItem@PAVTESObjectREFR
0x0002FEE0|?$NiTMapBase@V?$DFALL@V?$NiTMapItem@PAVTESObjectREFR::?$NiTMapBase@V?$DFALL@V?$NiTMapItem@PAVTESObjectREFR
0x0002FF80|BSSimpleArray<TESBoundObject *>::BSSimpleArray<TESBoundObject *>
0x00030120|ExtraAnim::ExtraAnim
0x000302D0|ExtraDismemberedLimbs::ExtraDismemberedLimbs
0x00030780|ExtraStartingPosition::ExtraStartingPosition
0x000308C0|ExtraStartingWorldOrCell::ExtraStartingWorldOrCell
0x00030950|ExtraLight::ExtraLight
0x00030CA0|ExtraLock::ExtraLock
0x00030DD0|ExtraFollower::ExtraFollower
0x00030EA0|ExtraFollower::ExtraFollower
0x00030F30|ExtraGuardedRefData::ExtraGuardedRefData
0x000311F0|ExtraLeveledCreature::ExtraLeveledCreature
0x00031260|ExtraTeleport::ExtraTeleport
0x000313C0|ExtraMapMarker::ExtraMapMarker
0x00031520|ExtraAudioMarker::ExtraAudioMarker
0x00031680|ExtraAudioBuoyMarker::ExtraAudioBuoyMarker
0x00031780|ExtraAction::ExtraAction
0x00031890|ExtraContainerChanges::ExtraContainerChanges
0x000319B0|ExtraOriginalReference::ExtraOriginalReference
0x00031AE0|ExtraGlobal::ExtraGlobal
0x00031B80|ExtraRank::ExtraRank
0x00031C20|ExtraCount::ExtraCount
0x00031D10|ExtraHealth::ExtraHealth
0x00031E20|ExtraUses::ExtraUses
0x00031EC0|ExtraTimeLeft::ExtraTimeLeft
0x00031F60|ExtraCharge::ExtraCharge
0x00032040|ExtraScript::ExtraScript
0x00032220|ExtraScale::ExtraScale
0x000322C0|ExtraGhost::ExtraGhost
0x000322F0|ExtraWorn::ExtraWorn
0x00032320|ExtraWornLeft::ExtraWornLeft
0x00032350|ExtraCannotWear::ExtraCannotWear
0x00032380|ExtraHotKey::ExtraHotKey
0x000323B0|ExtraInfoGeneralTopic::ExtraInfoGeneralTopic
0x000324A0|ExtraInfoGeneralTopic::ExtraInfoGeneralTopic
0x000325B0|ExtraSeed::ExtraSeed
0x00032650|ExtraPackageStartLocation::ExtraPackageStartLocation
0x000326C0|ExtraPackageStartLocation::ExtraPackageStartLocation
0x000327E0|ExtraReferencePointer::ExtraReferencePointer
0x00032810|ExtraPackage::ExtraPackage
0x00032870|ExtraPackage::ExtraPackage
0x00032900|ExtraTresPassPackage::ExtraTresPassPackage
0x000329D0|ExtraPlayerCrimeList::ExtraPlayerCrimeList
0x00032AA0|ExtraPlayerCrimeList::ExtraPlayerCrimeList
0x00032B50|ExtraPlayerCrimeList::ExtraPlayerCrimeList
0x00032BE0|ExtraLeveledItem::ExtraLeveledItem
0x00032C20|ExtraPersistentCell::ExtraPersistentCell
0x00032C90|ExtraPersistentCell::ExtraPersistentCell
0x00032CB0|ExtraRagDollData::ExtraRagDollData
0x00032D10|ExtraRagDollData::ExtraRagDollData
0x00032E60|ExtraEncounterZone::ExtraEncounterZone
0x00032F00|ExtraUsedMarkers::ExtraUsedMarkers
0x00032F50|ExtraReservedMarkers::ExtraReservedMarkers
0x00033010|ExtraRunOncePacks::ExtraRunOncePacks
0x000330E0|ExtraRunOncePacks::ExtraRunOncePacks
0x00033260|ExtraDistantData::ExtraDistantData
0x00033300|ExtraEnableStateParent::ExtraEnableStateParent
0x000333A0|ExtraEnableStateChildren::ExtraEnableStateChildren
0x00033440|ExtraEnableStateChildren::ExtraEnableStateChildren
0x000334B0|ExtraRandomTeleportMarker::ExtraRandomTeleportMarker
0x00033530|ExtraLinkedRefChildren::ExtraLinkedRefChildren
0x000335D0|ExtraLinkedRefChildren::ExtraLinkedRefChildren
0x00033640|ExtraLinkedRef::ExtraLinkedRef
0x000336C0|ExtraAshPileRef::ExtraAshPileRef
0x00033790|ExtraActivateRefChildren::ExtraActivateRefChildren
0x00033830|ExtraActivateRefChildren::ExtraActivateRefChildren
0x000338B0|ExtraActivateRef::ExtraActivateRef
0x00033970|ExtraActivateRef::ExtraActivateRef
0x00033CA0|ExtraDecalRefs::ExtraDecalRefs
0x00034560|ExtraReflectedRefs::ExtraReflectedRefs
0x00034950|ExtraWaterLightRefs::ExtraWaterLightRefs
0x00034AF0|ExtraReflectorRefs::ExtraReflectorRefs
0x00034DC0|ExtraLitWaterRefs::ExtraLitWaterRefs
0x00034FC0|ExtraMerchantContainer::ExtraMerchantContainer
0x00035040|ExtraLevCreaModifier::ExtraLevCreaModifier
0x000351D0|ExtraLastFinishedSequence::ExtraLastFinishedSequence
0x000352A0|ExtraLastFinishedSequence::ExtraLastFinishedSequence
0x00035370|ExtraXTarget::ExtraXTarget
0x000353D0|ExtraXTarget::ExtraXTarget
0x00035440|ExtraEmittanceSource::ExtraEmittanceSource
0x000354A0|ExtraEmittanceSource::ExtraEmittanceSource
0x00035510|ExtraMultiBoundRef::ExtraMultiBoundRef
0x00035590|ExtraMultiBoundData::ExtraMultiBoundData
0x000355F0|ExtraMultiBoundData::ExtraMultiBoundData
0x00035690|ExtraMultiBound::ExtraMultiBound
0x000357A0|ExtraOcclusionPlane::ExtraOcclusionPlane
0x00035820|ExtraPortal::ExtraPortal
0x000358A0|ExtraRoom::ExtraRoom
0x00035920|ExtraItemDropper::ExtraItemDropper
0x00035950|ExtraDroppedItemList::ExtraDroppedItemList
0x000359F0|ExtraDroppedItemList::ExtraDroppedItemList
0x00035A60|ExtraSavedAnimation::ExtraSavedAnimation
0x00035B50|ExtraSavedHavokData::ExtraSavedHavokData
0x00035C40|ExtraFriendHits::ExtraFriendHits
0x00035F20|ExtraRefractionProperty::ExtraRefractionProperty
0x00035F80|ExtraRefractionProperty::ExtraRefractionProperty
0x00035FA0|ExtraEditorRefMoveData::ExtraEditorRefMoveData
0x000360C0|ExtraSound::ExtraSound
0x00036180|ExtraSound::ExtraSound
0x000361E0|ExtraCreatureAwakeSound::ExtraCreatureAwakeSound
0x000362A0|ExtraCreatureAwakeSound::ExtraCreatureAwakeSound
0x00036300|ExtraCreatureMovementSound::ExtraCreatureMovementSound
0x000364E0|ExtraWeaponIdleSound::ExtraWeaponIdleSound
0x00036540|ExtraWeaponAttackSound::ExtraWeaponAttackSound
0x00036600|ExtraWeaponAttackSound::ExtraWeaponAttackSound
0x00036660|ExtraActivateLoopSound::ExtraActivateLoopSound
0x00036720|ExtraActivateLoopSound::ExtraActivateLoopSound
0x00036AC0|ExtraTalkingActor::ExtraTalkingActor
0x00036B20|ExtraTalkingActor::ExtraTalkingActor
0x00036BB0|ExtraTalkingActor::ExtraTalkingActor
0x00036CB0|ExtraFactionChanges::ExtraFactionChanges
0x00036D80|ExtraFactionChanges::ExtraFactionChanges
0x00037440|ExtraSayTopicInfoOnceADay::ExtraSayTopicInfoOnceADay
0x00037510|ExtraSayTopicInfoOnceADay::ExtraSayTopicInfoOnceADay
0x000375C0|ExtraSayTopicInfoOnceADay::ExtraSayTopicInfoOnceADay
0x00037690|ExtraSayToTopicInfo::ExtraSayToTopicInfo
0x000376E0|ExtraSayToTopicInfo::ExtraSayToTopicInfo
0x00037750|ExtraWaterZoneMap::ExtraWaterZoneMap
0x00037970|ExtraIgnoredBySandbox::ExtraIgnoredBySandbox
0x000379A0|ExtraPatrolRefInUseData::ExtraPatrolRefInUseData
0x00037A90|ExtraPatrolRefInUseData::ExtraPatrolRefInUseData
0x00037C40|ExtraFollowerSwimBreadcrumbs::ExtraFollowerSwimBreadcrumbs
0x00037D10|ExtraFollowerSwimBreadcrumbs::ExtraFollowerSwimBreadcrumbs
0x000383B0|NiTMap<WaterZone *>::NiTMap<WaterZone *>
0x000383E0|BSMap<TESFaction *>::BSMap<TESFaction *>
0x00038570|BSSimpleArray<DismemberedLimb *>::BSSimpleArray<DismemberedLimb *>
0x000385A0|BSSimpleArray<DismemberedLimb *>::BSSimpleArray<DismemberedLimb *>
0x000385C0|BSSimpleArray<CombatTimeStamp>::BSSimpleArray<CombatTimeStamp>
0x000385F0|BSSimpleArray<CombatTimeStamp>::BSSimpleArray<CombatTimeStamp>
0x00038660|BSSimpleArray<unsigned int,1024>::BSSimpleArray<unsigned int,1024>
0x00038690|BSSimpleArray<unsigned int,1024>::BSSimpleArray<unsigned int,1024>
0x000386B0|?$NiTMapBase@V?$DFALL@V?$NiTMapItem@PAVWaterZone::?$NiTMapBase@V?$DFALL@V?$NiTMapItem@PAVWaterZone
0x00038720|NiTMap<WaterZone *>::NiTMap<WaterZone *>
0x00038780|?$NiTMapBase@V?$DFALL@V?$NiTMapItem@PAVWaterZone::?$NiTMapBase@V?$DFALL@V?$NiTMapItem@PAVWaterZone
0x00038820|BSMapBase<TESFaction *>::BSMapBase<TESFaction *>
0x00038900|BSMapBase<TESFaction *>::BSMapBase<TESFaction *>
0x000391C0|NiAlphaProperty::NiAlphaProperty
0x0003BD10|QueuedTexture::QueuedTexture
0x0003BE60|QueuedTexture::QueuedTexture
0x0003BEF0|QueuedTexture::QueuedTexture
0x0003BF80|QueuedTexture::QueuedTexture
0x0003C6E0|QueuedModel::QueuedModel
0x0003C890|QueuedModel::QueuedModel
0x0003C960|QueuedModel::QueuedModel
0x0003D090|BSStream::BSStream
0x0003D540|QueuedTreeBillboard::QueuedTreeBillboard
0x0003D5B0|QueuedTreeBillboard::QueuedTreeBillboard
0x0003D850|QueuedTreeModel::QueuedTreeModel
0x0003D8F0|QueuedTreeModel::QueuedTreeModel
0x0003E0F0|QueuedKF::QueuedKF
0x0003E580|QueuedAnimIdle::QueuedAnimIdle
0x0003E8B0|QueuedReplacementKF::QueuedReplacementKF
0x0003FD40|QueuedReference::QueuedReference
0x00040540|IOTask::IOTask
0x00040E50|QueuedTree::QueuedTree
0x000411D0|QueuedActor::QueuedActor
0x00041440|QueuedCharacter::QueuedCharacter
0x00041920|QueuedCreature::QueuedCreature
0x00041C50|QueuedFileLoad::QueuedFileLoad
0x00041D80|QueuedFileLoad::QueuedFileLoad
0x00041F80|QueuedFaceGenFile::QueuedFaceGenFile
0x00042130|QueuedFaceGenFile::QueuedFaceGenFile
0x000421D0|BackgroundCloneThread::BackgroundCloneThread
0x000422C0|BackgroundCloneThread::BackgroundCloneThread
0x00049090|BSTask<__int64>::BSTask<__int64>
0x000490E0|BSTask<__int64>::BSTask<__int64>
0x000492C0|LockFreeCaseInsensitiveStringMap<Model *>::LockFreeCaseInsensitiveStringMap<Model *>
0x000498E0|LockFreeStringMapIterator@?$LockFreeStringMap@PAVModel::LockFreeStringMapIterator@?$LockFreeStringMap@PAVModel
0x00049940|LockFreeMapIterator@?$LockFreeMap@PBDPAVModel::LockFreeMapIterator@?$LockFreeMap@PBDPAVModel
0x00049960|LockFreeStringMapIterator@?$LockFreeStringMap@PAVKFModel::LockFreeStringMapIterator@?$LockFreeStringMap@PAVKFModel
0x000499A0|LockFreeMapIterator@?$LockFreeMap@PBDPAVKFModel::LockFreeMapIterator@?$LockFreeMap@PBDPAVKFModel
0x000499C0|LockFreeMapIterator@?$LockFreeMap@PAVTESObjectREFR::LockFreeMapIterator@?$LockFreeMap@PAVTESObjectREFR
0x000499E0|LockFreeMapIterator@?$LockFreeMap@PAVAnimIdle::LockFreeMapIterator@?$LockFreeMap@PAVAnimIdle
0x00049A00|LockFreeMapIterator@?$LockFreeMap@PAVTESObjectREFR::LockFreeMapIterator@?$LockFreeMap@PAVTESObjectREFR
0x00049D60|LockFreeStringMap<KFModel *>::LockFreeStringMap<KFModel *>
0x00049EC0|LockFreeStringMap<LoadedFile *>::LockFreeStringMap<LoadedFile *>
0x00049F50|LockFreeStringMap<Model *>::LockFreeStringMap<Model *>
0x00049FA0|LockFreeStringMap<KFModel *>::LockFreeStringMap<KFModel *>
0x0004A100|LockFreeStringMap<LoadedFile *>::LockFreeStringMap<LoadedFile *>
0x0004A3D0|std::logic_error::logic_error
0x0004A400|std::length_error::length_error
0x0004B350|?$LockFreeQueue@V?$NiPointer@VQueuedReference::?$LockFreeQueue@V?$NiPointer@VQueuedReference
0x0004B4B0|InterfacedClass::InterfacedClass
0x0004B500|?$LockFreeQueue@V?$NiPointer@VAttachDistant3DTask::?$LockFreeQueue@V?$NiPointer@VAttachDistant3DTask
0x0004B750|LockFreeMap<TESObjectREFR *>::LockFreeMap<TESObjectREFR *>
0x0004BA10|LockFreeMap<AnimIdle *>::LockFreeMap<AnimIdle *>
0x0004BBE0|LockFreeMap<Animation *>::LockFreeMap<Animation *>
0x0004BE80|LockFreeMap<TESObjectREFR *>::LockFreeMap<TESObjectREFR *>
0x0004C1E0|LockFreeMap<char const *,Model *>::LockFreeMap<char const *,Model *>
0x0004C270|LockFreeMap<char const *,KFModel *>::LockFreeMap<char const *,KFModel *>
0x0004C3F0|LockFreeMap<char const *,KFModel *>::LockFreeMap<char const *,KFModel *>
0x0004C760|LockFreeMap<BSFileEntry *>::LockFreeMap<BSFileEntry *>
0x0004C920|LockFreeMap<char const *,LoadedFile *>::LockFreeMap<char const *,LoadedFile *>
0x0004CAE0|LockFreeMap<char const *,LoadedFile *>::LockFreeMap<char const *,LoadedFile *>
0x0004D6C0|std::bad_alloc::bad_alloc
0x0004D6F0|std::bad_alloc::bad_alloc
0x0004D770|?$LockFreeQueue@V?$NiPointer@VQueuedReference::?$LockFreeQueue@V?$NiPointer@VQueuedReference
0x0004D7F0|InterfacedClass::InterfacedClass
0x0004D840|?$LockFreeQueue@V?$NiPointer@VAttachDistant3DTask::?$LockFreeQueue@V?$NiPointer@VAttachDistant3DTask
0x0004D8F0|LockFreeMap<TESObjectREFR *>::LockFreeMap<TESObjectREFR *>
0x0004D9B0|LockFreeMap<AnimIdle *>::LockFreeMap<AnimIdle *>
0x0004DA70|LockFreeMap<Animation *>::LockFreeMap<Animation *>
0x0004DB30|LockFreeMap<TESObjectREFR *>::LockFreeMap<TESObjectREFR *>
0x0004DC50|LockFreeMap<BSFileEntry *>::LockFreeMap<BSFileEntry *>
0x0004DD10|std::bad_alloc::bad_alloc
0x0004F440|SettingT<INISettingCollection>::SettingT<INISettingCollection>
0x0004F4F0|SettingT<INISettingCollection>::SettingT<INISettingCollection>
0x0004F600|INISettingCollection::INISettingCollection
0x0004F650|SettingCollectionList<Setting>::SettingCollectionList<Setting>
0x0004F700|SettingCollectionList<Setting>::SettingCollectionList<Setting>
0x0004FB20|TES::TES
0x000505F0|BSTempNodeManager::BSTempNodeManager
0x00050770|TES::TES
0x00058EF0|BSTempNode::BSTempNode
0x00058F70|BSTempNode::BSTempNode
0x0005CF30|SettingT<INISettingCollection>::SettingT<INISettingCollection>
0x0005CFB0|Setting::Setting
0x0005CFE0|SettingT<INISettingCollection>::SettingT<INISettingCollection>
0x0005D060|SettingT<RendererSettingCollection>::SettingT<RendererSettingCollection>
0x0005D110|SettingT<RendererSettingCollection>::SettingT<RendererSettingCollection>
0x0005D220|RendererSettingCollection::RendererSettingCollection
0x0006FFD0|NiTArray<TESObjectCELL *>::NiTArray<TESObjectCELL *>
0x00070040|NiTPrimitiveArray<TESObjectCELL *>::NiTPrimitiveArray<TESObjectCELL *>
0x00070070|NiTArray<BGSAddonNode *>::NiTArray<BGSAddonNode *>
0x000700A0|NiTPrimitiveArray<BGSAddonNode *>::NiTPrimitiveArray<BGSAddonNode *>
0x00070110|NiTLargeArray<TESForm *>::NiTLargeArray<TESForm *>
0x000701D0|NiTLargePrimitiveArray<TESForm *>::NiTLargePrimitiveArray<TESForm *>
0x000704E0|NiTArray<TESObjectCELL *>::NiTArray<TESObjectCELL *>
0x00070550|NiTArray<BGSAddonNode *>::NiTArray<BGSAddonNode *>
0x000744A0|NiTPointerMap<unsigned int,TESFile *>::NiTPointerMap<unsigned int,TESFile *>
0x000744D0|NiTMap<unsigned int,TESFile *>::NiTMap<unsigned int,TESFile *>
0x00074560|NiTMapBase<NiTPointerAllocator<unsigned int> >::NiTMapBase<NiTPointerAllocator<unsigned int> >
0x000745D0|NiTPointerMap<unsigned int,TESFile *>::NiTPointerMap<unsigned int,TESFile *>
0x00074630|NiTMapBase<NiTPointerAllocator<unsigned int> >::NiTMapBase<NiTPointerAllocator<unsigned int> >
0x00074660|?$NiTMapBase@V?$DFALL@V?$NiTMapItem@IPAVTESFile::?$NiTMapBase@V?$DFALL@V?$NiTMapItem@IPAVTESFile
0x00074730|?$NiTMapBase@V?$DFALL@V?$NiTMapItem@IPAVTESFile::?$NiTMapBase@V?$DFALL@V?$NiTMapItem@IPAVTESFile
0x00074760|NiTArray<unsigned int,NiTMallocInterface<unsigned int> >::NiTArray<unsigned int,NiTMallocInterface<unsigned int> >
0x00074790|NiTPrimitiveArray<unsigned int>::NiTPrimitiveArray<unsigned int>
0x00074880|NiTArray<unsigned int,NiTMallocInterface<unsigned int> >::NiTArray<unsigned int,NiTMallocInterface<unsigned int> >
0x000748F0|BGSAmmoForm::BGSAmmoForm
0x00074D10|BGSBipedModelList::BGSBipedModelList
0x00074D40|BGSBipedModelList::BGSBipedModelList
0x00075350|BGSDestructibleObjectForm::BGSDestructibleObjectForm
0x00075380|BGSDestructibleObjectForm::BGSDestructibleObjectForm
0x00079110|BSSimpleArray<NiNode *>::BSSimpleArray<NiNode *>
0x00079140|BSSimpleArray<NiNode *>::BSSimpleArray<NiNode *>
0x000791F0|?$NiTMapBase@V?$DFALL@V?$NiTMapItem@PAVTESObjectREFR::?$NiTMapBase@V?$DFALL@V?$NiTMapItem@PAVTESObjectREFR
0x000792C0|?$NiTMapBase@V?$DFALL@V?$NiTMapItem@PAVTESObjectREFR::?$NiTMapBase@V?$DFALL@V?$NiTMapItem@PAVTESObjectREFR
0x000797C0|BGSIdleCollection::BGSIdleCollection
0x0007A130|BGSMessageIcon::BGSMessageIcon
0x0007B4F0|BGSPickupPutdownSounds::BGSPickupPutdownSounds
0x0007B520|BGSPickupPutdownSounds::BGSPickupPutdownSounds
0x0007B850|BGSRepairItemList::BGSRepairItemList
0x0007B880|BGSRepairItemList::BGSRepairItemList
0x0007C700|TESActorBaseData::TESActorBaseData
0x0007C880|TESActorBaseData::TESActorBaseData
0x0007ECB0|TESAIForm::TESAIForm
0x0007F9F0|TESAnimation::TESAnimation
0x0007FDC0|TESAttackDamageForm::TESAttackDamageForm
0x0007FDF0|TESAttackDamageForm::TESAttackDamageForm
0x0007FF70|TESAttributes::TESAttributes
0x0007FFA0|TESAttributes::TESAttributes
0x000803E0|TESModelRDT::TESModelRDT
0x00080400|TESBipedModelForm::TESBipedModelForm
0x00081680|TESContainer::TESContainer
0x00082C50|TESDescription::TESDescription
0x000830A0|TESEnchantableForm::TESEnchantableForm
0x00086930|NiTPointerMap<unsigned int,TESForm *>::NiTPointerMap<unsigned int,TESForm *>
0x00086990|NiTMapBase<NiTPointerAllocator<unsigned int> >::NiTMapBase<NiTPointerAllocator<unsigned int> >
0x00086A60|NiTMapBase<NiTPointerAllocator<unsigned int> >::NiTMapBase<NiTPointerAllocator<unsigned int> >
0x00086AB0|BSTCaseInsensitiveStringMap<TESForm *>::BSTCaseInsensitiveStringMap<TESForm *>
0x00086C60|BSTCaseInsensitiveStringMap<TESForm *>::BSTCaseInsensitiveStringMap<TESForm *>
0x00086CA0|?$NiTStringTemplateMap@V?$NiTMap@PBDPAVTESForm::?$NiTStringTemplateMap@V?$NiTMap@PBDPAVTESForm
0x00086DC0|?$NiTMapBase@V?$DFALL@V?$NiTMapItem@PBDPAVTESForm::?$NiTMapBase@V?$DFALL@V?$NiTMapItem@PBDPAVTESForm
0x00086EE0|NiTStringMap<TESForm *>::NiTStringMap<TESForm *>
0x00086F40|?$NiTStringTemplateMap@V?$NiTMap@PBDPAVTESForm::?$NiTStringTemplateMap@V?$NiTMap@PBDPAVTESForm
0x00086F70|NiTMap<char const *,TESForm *>::NiTMap<char const *,TESForm *>
0x00086FA0|?$NiTMapBase@V?$DFALL@V?$NiTMapItem@PBDPAVTESForm::?$NiTMapBase@V?$DFALL@V?$NiTMapItem@PBDPAVTESForm
0x000871D0|TESHealthForm::TESHealthForm
0x00087200|TESHealthForm::TESHealthForm
0x00087420|TESImageSpaceModifiableForm::TESImageSpaceModifiableForm
0x00087650|TESLeveledList::TESLeveledList
0x000876D0|TESLeveledList::TESLeveledList
0x00088F50|TESModel::TESModel
0x00089070|TESModel::TESModel
0x00089A60|TESModelList::TESModelList
0x00089AE0|TESModelList::TESModelList
0x0008A490|TESModelTextureSwap::TESModelTextureSwap
0x0008B380|BSMap<int,TEX_SWAP *>::BSMap<int,TEX_SWAP *>
0x0008B560|TESProduceForm::TESProduceForm
0x0008B800|TESRaceForm::TESRaceForm
0x0008BA70|TESReactionForm::TESReactionForm
0x0008CC50|TESScriptableForm::TESScriptableForm
0x0008CFE0|TESSpellList::TESSpellList
0x0008D060|TESSpellList::TESSpellList
0x0008E270|TESTexture::TESTexture
0x0008E2E0|TESTexture::TESTexture
0x0008E7A0|TESValueForm::TESValueForm
0x0008E7D0|TESValueForm::TESValueForm
0x0008EAC0|TESWeightForm::TESWeightForm
0x0008EAF0|TESWeightForm::TESWeightForm
0x0008EE70|AnimSequenceSingle::AnimSequenceSingle
0x0008EF40|AnimSequenceBase::AnimSequenceBase
0x0008F0C0|AnimSequenceMultiple::AnimSequenceMultiple
0x0008F1B0|AnimSequenceBase::AnimSequenceBase
0x0008F220|AnimSequenceMultiple::AnimSequenceMultiple
0x00090E10|AnimSequenceSingle::AnimSequenceSingle
0x000965D0|AnimIdle::AnimIdle
0x000968B0|NiRefObject::NiRefObject
0x00096910|NiRefObject::NiRefObject
0x000969B0|AnimIdle::AnimIdle
0x0009BAA0|BSAnimGroupSequence::BSAnimGroupSequence
0x0009C050|NiTPointerMap<unsigned short,AnimSequenceBase *>::NiTPointerMap<unsigned short,AnimSequenceBase *>
0x0009C100|NiTMapBase<NiTPointerAllocator<unsigned int> >::NiTMapBase<NiTPointerAllocator<unsigned int> >
0x0009C570|NiTMapBase<NiTPointerAllocator<unsigned int> >::NiTMapBase<NiTPointerAllocator<unsigned int> >
0x0009EC80|NiStencilProperty::NiStencilProperty
0x0009ED70|NiStencilProperty::NiStencilProperty
0x0009F1C0|BSSimpleArray<NiPoint3>::BSSimpleArray<NiPoint3>
0x0009F1F0|BSSimpleArray<NiPoint3>::BSSimpleArray<NiPoint3>
0x000A0F60|BSCullingProcess::BSCullingProcess
0x000A3A70|hkpAllRayHitCollector::hkpAllRayHitCollector
0x000A3AE0|hkpRayHitCollector::hkpRayHitCollector
0x000A3B30|hkpRayHitCollector::hkpRayHitCollector
0x000A4A40|SettingT<RendererSettingCollection>::SettingT<RendererSettingCollection>
0x000A4BD0|BGSPrimitive::BGSPrimitive
0x000A5280|BGSPrimitivePlane::BGSPrimitivePlane
0x000A9BF0|NiTMap<NiTexture *>::NiTMap<NiTexture *>
0x000A9C50|?$NiTMapBase@V?$DFALL@V?$NiTMapItem@PAVNiTexture::?$NiTMapBase@V?$DFALL@V?$NiTMapItem@PAVNiTexture
0x000A9D20|?$NiTMapBase@V?$DFALL@V?$NiTMapItem@PAVNiTexture::?$NiTMapBase@V?$DFALL@V?$NiTMapItem@PAVNiTexture
0x000A9DE0|BSSimpleArray<SCENE_INFO_DATA_STRUCT>::BSSimpleArray<SCENE_INFO_DATA_STRUCT>
0x000A9EF0|?$NiTMapBase@V?$DFALL@V?$NiTMapItem@PAVTESActorBase::?$NiTMapBase@V?$DFALL@V?$NiTMapItem@PAVTESActorBase
0x000A9F60|NiTMap<TESActorBase *>::NiTMap<TESActorBase *>
0x000A9FC0|?$NiTMapBase@V?$DFALL@V?$NiTMapItem@PAVTESActorBase::?$NiTMapBase@V?$DFALL@V?$NiTMapItem@PAVTESActorBase
0x000AA020|NiTMap<int,int>::NiTMap<int,int>
0x000AA080|?$NiTMapBase@V?$DFALL@V?$NiTMapItem@HH::?$NiTMapBase@V?$DFALL@V?$NiTMapItem@HH
0x000AA150|?$NiTMapBase@V?$DFALL@V?$NiTMapItem@HH::?$NiTMapBase@V?$DFALL@V?$NiTMapItem@HH
0x000AA1B0|NiTMap<ShadowSceneLight *>::NiTMap<ShadowSceneLight *>
0x000AA210|?$NiTMapBase@V?$DFALL@V?$NiTMapItem@PAVShadowSceneLight::?$NiTMapBase@V?$DFALL@V?$NiTMapItem@PAVShadowSceneLight
0x000AA2E0|?$NiTMapBase@V?$DFALL@V?$NiTMapItem@PAVShadowSceneLight::?$NiTMapBase@V?$DFALL@V?$NiTMapItem@PAVShadowSceneLight
0x000AFB20|NiTPointerMap<NiObject *>::NiTPointerMap<NiObject *>
0x000AFB50|NiTPointerMap<NiObject *>::NiTPointerMap<NiObject *>
0x000AFC20|?$NiTArray@V?$NiPointer@VNiAVObject::?$NiTArray@V?$NiPointer@VNiAVObject
0x000AFF00|?$NiTObjectArray@V?$NiPointer@VNiAVObject::?$NiTObjectArray@V?$NiPointer@VNiAVObject
0x000AFF30|NiTMapBase<NiTPointerAllocator<unsigned int> >::NiTMapBase<NiTPointerAllocator<unsigned int> >
0x000B0000|NiTMapBase<NiTPointerAllocator<unsigned int> >::NiTMapBase<NiTPointerAllocator<unsigned int> >
0x000B0030|NiTMapBase<NiTPointerAllocator<unsigned int> >::NiTMapBase<NiTPointerAllocator<unsigned int> >
0x000B0100|NiTMapBase<NiTPointerAllocator<unsigned int> >::NiTMapBase<NiTPointerAllocator<unsigned int> >
0x000B0480|BSAnimNoteReceiver::BSAnimNoteReceiver
0x000B0530|IBSAnimNoteReceiver::IBSAnimNoteReceiver
0x000B07B0|NiTArray<BSAnimNoteReceiver::BSAnimNoteReceiverType *>::BSAnimNoteReceiverType *>
0x000B5040|bhkMouseSpringAction::bhkMouseSpringAction
0x000B50C0|bhkUnaryAction::bhkUnaryAction
0x000B50F0|bhkAction::bhkAction
0x000B9950|NiTMap<unsigned int,VertexDist>::NiTMap<unsigned int,VertexDist>
0x000B99B0|?$NiTMapBase@V?$DFALL@V?$NiTMapItem@IUVertexDist::?$NiTMapBase@V?$DFALL@V?$NiTMapItem@IUVertexDist
0x000B9D30|?$NiTMapBase@V?$DFALL@V?$NiTMapItem@IUVertexDist::?$NiTMapBase@V?$DFALL@V?$NiTMapItem@IUVertexDist
0x000B9E00|GridArray::GridArray
0x000B9E50|GridArray::GridArray
0x000BA280|GridCellArray::GridCellArray
0x000BA400|GridCellArray::GridCellArray
0x000D4DE0|NiTMap<TESObject *>::NiTMap<TESObject *>
0x000D4E40|?$NiTMapBase@V?$DFALL@V?$NiTMapItem@PAVTESObject::?$NiTMapBase@V?$DFALL@V?$NiTMapItem@PAVTESObject
0x000D4F10|?$NiTMapBase@V?$DFALL@V?$NiTMapItem@PAVTESObject::?$NiTMapBase@V?$DFALL@V?$NiTMapItem@PAVTESObject
0x000D9000|?$NiTMapBase@V?$DFALL@V?$NiTMapItem@PAVNiAVObject::?$NiTMapBase@V?$DFALL@V?$NiTMapItem@PAVNiAVObject
0x000D90D0|?$NiTMapBase@V?$DFALL@V?$NiTMapItem@PAVNiAVObject::?$NiTMapBase@V?$DFALL@V?$NiTMapItem@PAVNiAVObject
0x000D9100|NiTPrimitiveArray<char *>::NiTPrimitiveArray<char *>
0x000D91B0|NiTArray<char *,NiTMallocInterface<char *> >::NiTArray<char *,NiTMallocInterface<char *> >
0x000D9210|NiTArray<char *,NiTMallocInterface<char *> >::NiTArray<char *,NiTMallocInterface<char *> >
0x000DE2F0|SettingT<RendererSettingCollection>::SettingT<RendererSettingCollection>
0x000DE370|SettingT<INIPrefSettingCollection>::SettingT<INIPrefSettingCollection>
0x000DE420|SettingT<INIPrefSettingCollection>::SettingT<INIPrefSettingCollection>
0x000DE530|INIPrefSettingCollection::INIPrefSettingCollection
0x000DEA80|BSCustomSplatterExtraData::BSCustomSplatterExtraData
0x000E04E0|BSSplatterExtraData::BSSplatterExtraData
0x000EBA20|ImageSpaceEffectParam::ImageSpaceEffectParam
0x000EBA90|ImageSpaceEffectParam::ImageSpaceEffectParam
0x000ED7A0|NiTPointerMap<TESObjectREFR *>::NiTPointerMap<TESObjectREFR *>
0x000ED7D0|NiTPointerMap<TESWaterForm *>::NiTPointerMap<TESWaterForm *>
0x000ED800|NiTPointerMap<TESObjectREFR *>::NiTPointerMap<TESObjectREFR *>
0x000ED960|NiTMapBase<NiTPointerAllocator<unsigned int> >::NiTMapBase<NiTPointerAllocator<unsigned int> >
0x000EDA60|NiTMapBase<NiTPointerAllocator<unsigned int> >::NiTMapBase<NiTPointerAllocator<unsigned int> >
0x000EDB30|NiTMapBase<NiTPointerAllocator<unsigned int> >::NiTMapBase<NiTPointerAllocator<unsigned int> >
0x000EDB60|NiTMapBase<NiTPointerAllocator<unsigned int> >::NiTMapBase<NiTPointerAllocator<unsigned int> >
0x000EDC30|NiTMapBase<NiTPointerAllocator<unsigned int> >::NiTMapBase<NiTPointerAllocator<unsigned int> >
0x000EDC60|NiTArray<enum BSTextureManager::eTextureType>::eTextureType>
0x000EDC90|NiTPrimitiveArray<enum BSTextureManager::eTextureType>::eTextureType>
0x000EDCC0|NiTArray<enum NiTexturingProperty::FilterMode>::FilterMode>
0x000EDCF0|NiTPrimitiveArray<enum NiTexturingProperty::FilterMode>::FilterMode>
0x000EDF70|NiTArray<enum BSTextureManager::eTextureType>::eTextureType>
0x000EDFE0|NiTArray<enum NiTexturingProperty::FilterMode>::FilterMode>
0x000EE050|BGSDecalNode::BGSDecalNode
0x000EE120|BGSDecalNode::BGSDecalNode
0x000EE1E0|BGSDecalNode::BGSDecalNode
0x000EEB00|BSAnimGroupSequence::BSAnimGroupSequence
0x000F0770|TESRegion::TESRegion
0x000F08C0|TESRegion::TESRegion
0x000F1400|TESRegionData::TESRegionData
0x000F1460|TESRegionData::TESRegionData
0x000F14A0|TESRegionData::TESRegionData
0x000F15F0|TESRegionDataGrass::TESRegionDataGrass
0x000F16C0|TESRegionDataGrass::TESRegionDataGrass
0x000F1730|TESRegionDataGrass::TESRegionDataGrass
0x000F1ED0|TESRegionDataImposter::TESRegionDataImposter
0x000F1F70|TESRegionDataImposter::TESRegionDataImposter
0x000F2790|TESRegionDataLandscape::TESRegionDataLandscape
0x000F2870|TESRegionDataLandscape::TESRegionDataLandscape
0x000F2930|TESRegionDataLandscape::TESRegionDataLandscape
0x000F3660|TESRegionDataManager::TESRegionDataManager
0x000F3CA0|TESRegionDataMap::TESRegionDataMap
0x000F3D50|TESRegionDataMap::TESRegionDataMap
0x000F3DE0|TESRegionDataMap::TESRegionDataMap
0x000F42A0|TESRegionDataSound::TESRegionDataSound
0x000F4480|TESRegionDataSound::TESRegionDataSound
0x000F5040|TESRegionDataWeather::TESRegionDataWeather
0x000F5140|TESRegionDataWeather::TESRegionDataWeather
0x000F5600|TESRegionObjectBase::TESRegionObjectBase
0x000F5620|TESRegionGrassObject::TESRegionGrassObject
0x000F5920|TESRegionGrassObject::TESRegionGrassObject
0x000F5E20|TESRegionGrassObjectList::TESRegionGrassObjectList
0x000F64B0|TESRegionList::TESRegionList
0x000F8B00|BGSAddonNode::BGSAddonNode
0x000F8BC0|BGSAddonNode::BGSAddonNode
0x000F91B0|BGSAddonNodeSoundHandleExtra::BGSAddonNodeSoundHandleExtra
0x000F9270|BGSAddonNodeSoundHandleExtra::BGSAddonNodeSoundHandleExtra
0x000F93B0|BGSConstructibleObject::BGSConstructibleObject
0x000F94B0|BGSConstructibleObject::BGSConstructibleObject
0x000F9CD0|BGSDebris::BGSDebris
0x000F9D90|BGSPreloadable::BGSPreloadable
0x000F9DB0|BGSDebris::BGSDebris
0x000FABF0|BGSExplosion::BGSExplosion
0x000FAD20|BGSExplosion::BGSExplosion
0x000FBAC0|BGSMovableStatic::BGSMovableStatic
0x000FC1B0|BGSPlaceableWater::BGSPlaceableWater
0x000FC270|BGSPlaceableWater::BGSPlaceableWater
0x000FCE60|BGSProjectile::BGSProjectile
0x000FCF80|BGSProjectile::BGSProjectile
0x000FE260|BGSStaticCollection::BGSStaticCollection
0x000FE310|BGSStaticCollection::BGSStaticCollection
0x000FE640|BGSTalkingActivator::BGSTalkingActivator
0x000FE710|BGSTalkingActivator::BGSTalkingActivator
0x000FF7E0|PathingLocation::PathingLocation
0x000FFAA0|BGSTerminal::BGSTerminal
0x000FFBA0|BGSTerminal::BGSTerminal
0x001026B0|TESAmmo::TESAmmo
0x00102880|TESAmmo::TESAmmo
0x00103BD0|TESCasinoChips::TESCasinoChips
0x00103D40|TESCasinoChips::TESCasinoChips
0x00104480|TESCasino::TESCasino
0x00104570|TESCasino::TESCasino
0x00105010|TESCombatStyle::TESCombatStyle
0x001050B0|TESCombatStyle::TESCombatStyle
0x00105C40|TESEffectShader::TESEffectShader
0x00105D20|TESEffectShader::TESEffectShader
0x00108450|TESFlora::TESFlora
0x00108510|TESFlora::TESFlora
0x00108E00|TESFurniture::TESFurniture
0x00108EE0|TESFurniture::TESFurniture
0x00109A10|TESGrass::TESGrass
0x00109CC0|TESGrass::TESGrass
0x0010A5A0|TESKey::TESKey
0x0010A6A0|TESKey::TESKey
0x0010A770|TESLevCharacter::TESLevCharacter
0x0010A850|TESLevCharacter::TESLevCharacter
0x0010ADF0|TESLevCreature::TESLevCreature
0x0010AED0|TESLevCreature::TESLevCreature
0x0010B400|TESLevItem::TESLevItem
0x0010B4C0|TESLevItem::TESLevItem
0x0010B8F0|TESLevSpell::TESLevSpell
0x0010B9B0|TESLevSpell::TESLevSpell
0x0010C6C0|TESObjectLIGH::TESObjectLIGH
0x0010C870|TESObjectLIGH::TESObjectLIGH
0x0010E820|TESBoundObject::TESBoundObject
0x0010F6F0|TESBoundAnimObject::TESBoundAnimObject
0x0010F740|TESBoundAnimObject::TESBoundAnimObject
0x0010F7A0|TESBoundTreeObject::TESBoundTreeObject
0x0010F7F0|TESBoundTreeObject::TESBoundTreeObject
0x0010F8C0|TESObject::TESObject
0x0010F930|TESObject::TESObject
0x001104F0|TESObjectACTI::TESObjectACTI
0x00110620|BGSOpenCloseForm::BGSOpenCloseForm
0x00110640|TESObjectACTI::TESObjectACTI
0x00111950|TESObjectANIO::TESObjectANIO
0x00111A10|TESObjectANIO::TESObjectANIO
0x00111E40|TESObjectARMA::TESObjectARMA
0x00111F60|TESObjectARMA::TESObjectARMA
0x001129F0|TESObjectARMO::TESObjectARMO
0x00112BD0|TESObjectARMO::TESObjectARMO
0x00114500|TESObjectBOOK::TESObjectBOOK
0x001146D0|TESObjectBOOK::TESObjectBOOK
0x00115440|TESObjectCLOT::TESObjectCLOT
0x001155B0|TESObjectCLOT::TESObjectCLOT
0x00119B20|NiTPointerMap<int,bool>::NiTPointerMap<int,bool>
0x00119B80|NiTMapBase<NiTPointerAllocator<unsigned int> >::NiTMapBase<NiTPointerAllocator<unsigned int> >
0x00119C50|NiTMapBase<NiTPointerAllocator<unsigned int> >::NiTMapBase<NiTPointerAllocator<unsigned int> >
0x00119CC0|TESObjectIMOD::TESObjectIMOD
0x00119E70|TESObjectIMOD::TESObjectIMOD
0x0011A6A0|TESObjectMISC::TESObjectMISC
0x0011A840|TESObjectMISC::TESObjectMISC
0x0011B140|TESObjectSTAT::TESObjectSTAT
0x0011B200|TESObjectSTAT::TESObjectSTAT
0x0011B6E0|TESObjectTREE::TESObjectTREE
0x0011B930|TESModelTree::TESModelTree
0x0011B970|TESIconTree::TESIconTree
0x0011B9B0|TESTexture1024::TESTexture1024
0x0011B9D0|TESObjectTREE::TESObjectTREE
0x0011CF00|NiBillboardNode::NiBillboardNode
0x0011D0D0|BSShaderTextureSet::BSShaderTextureSet
0x0011D770|TESObjectWEAP::TESObjectWEAP
0x0011DB00|TESObjectWEAP::TESObjectWEAP
0x00125C40|BGSEncounterZone::BGSEncounterZone
0x00125CE0|BGSEncounterZone::BGSEncounterZone
0x001265C0|BGSLightingTemplate::BGSLightingTemplate
0x001266F0|BGSLightingTemplate::BGSLightingTemplate
0x00126B00|LoadedReferenceMap::LoadedReferenceMap
0x00127770|NiTMap<unsigned int,TESObjectREFR *>::NiTMap<unsigned int,TESObjectREFR *>
0x001277D0|?$NiTMapBase@V?$DFALL@V?$NiTMapItem@IPAVTESObjectREFR::?$NiTMapBase@V?$DFALL@V?$NiTMapItem@IPAVTESObjectREFR
0x001278A0|?$NiTMapBase@V?$DFALL@V?$NiTMapItem@IPAVTESObjectREFR::?$NiTMapBase@V?$DFALL@V?$NiTMapItem@IPAVTESObjectREFR
0x00127C00|ExteriorCellLoaderTask::ExteriorCellLoaderTask
0x00127C70|ExteriorCellLoaderTask::ExteriorCellLoaderTask
0x00128800|LockFreeMapIterator@?$LockFreeMap@IV?$NiPointer@VExteriorCellLoaderTask::LockFreeMapIterator@?$LockFreeMap@IV?$NiPointer@VExteriorCellLoaderTask
0x001289E0|?$LockFreeMap@IV?$NiPointer@VExteriorCellLoaderTask::?$LockFreeMap@IV?$NiPointer@VExteriorCellLoaderTask
0x00128BE0|?$LockFreeMap@IV?$NiPointer@VExteriorCellLoaderTask::?$LockFreeMap@IV?$NiPointer@VExteriorCellLoaderTask
0x00129490|ImageSpaceModifierInstanceForm::ImageSpaceModifierInstanceForm
0x001295C0|ImageSpaceModifierInstance::ImageSpaceModifierInstance
0x00129690|ImageSpaceModifierInstanceForm::ImageSpaceModifierInstanceForm
0x00129700|ImageSpaceModifierInstanceForm::ImageSpaceModifierInstanceForm
0x00129FB0|ImageSpaceModifierInstanceDOF::ImageSpaceModifierInstanceDOF
0x0012A290|ImageSpaceModifierInstanceRB::ImageSpaceModifierInstanceRB
0x0012A590|ImageSpaceModifierInstanceDRB::ImageSpaceModifierInstanceDRB
0x0012A8B0|ImageSpaceModifierInstanceTemp::ImageSpaceModifierInstanceTemp
0x0012AB80|TESClimate::TESClimate
0x0012B310|TESImageSpace::TESImageSpace
0x0012B3B0|TESImageSpace::TESImageSpace
0x0012B8F0|TESImageSpaceModifier::TESImageSpaceModifier
0x0012BBD0|TESImageSpaceModifier::TESImageSpaceModifier
0x00133120|TESObjectLAND::TESObjectLAND
0x00133240|TESChildCell::TESChildCell
0x00133260|TESObjectLAND::TESObjectLAND
0x00137D40|BSPackedAdditionalGeometryData::BSPackedAdditionalGeometryData
0x00138D70|hkpMoppCode::hkpMoppCode
0x00138E10|hkReferencedObject::hkReferencedObject
0x00138E30|hkBaseObject::hkBaseObject
0x00138EF0|hkReferencedObject::hkReferencedObject
0x00138F20|hkBaseObject::hkBaseObject
0x0013A000|NiBinaryExtraData::NiBinaryExtraData
0x00140780|NiTPointerMap<unsigned int,TESGrassAreaParam * *>::NiTPointerMap<unsigned int,TESGrassAreaParam * *>
0x00140800|NiTArray<NiAdditionalGeometryData::NiAGDDataBlock *>::NiAGDDataBlock *>
0x00140830|NiTPrimitiveArray<NiAdditionalGeometryData::NiAGDDataBlock *>::NiAGDDataBlock *>
0x00140940|NiTMapBase<NiTPointerAllocator<unsigned int> >::NiTMapBase<NiTPointerAllocator<unsigned int> >
0x00140A10|NiTMapBase<NiTPointerAllocator<unsigned int> >::NiTMapBase<NiTPointerAllocator<unsigned int> >
0x00140B00|NiTArray<NiAdditionalGeometryData::NiAGDDataBlock *>::NiAGDDataBlock *>
0x00140C50|TESLandTexture::TESLandTexture
0x001415B0|TESObjectCELL::TESObjectCELL
0x00141810|TESObjectCELL::TESObjectCELL
0x0014AA80|CheckWithinMultiBoundTask::CheckWithinMultiBoundTask
0x00154590|TESWindListener::TESWindListener
0x00154650|hkpEntityListener::hkpEntityListener
0x00158D40|NiTMap<TESObjectREFR *>::NiTMap<TESObjectREFR *>
0x00158D70|NiTMap<TESForm *>::NiTMap<TESForm *>
0x00158DA0|NiTMap<TESObjectREFR *>::NiTMap<TESObjectREFR *>
0x00158EB0|?$NiTMapBase@V?$DFALL@V?$NiTMapItem@PAVTESObjectREFR::?$NiTMapBase@V?$DFALL@V?$NiTMapItem@PAVTESObjectREFR
0x00158F80|?$NiTMapBase@V?$DFALL@V?$NiTMapItem@PAVTESObjectREFR::?$NiTMapBase@V?$DFALL@V?$NiTMapItem@PAVTESObjectREFR
0x00158FB0|?$NiTMapBase@V?$DFALL@V?$NiTMapItem@PAVTESForm::?$NiTMapBase@V?$DFALL@V?$NiTMapItem@PAVTESForm
0x00159080|?$NiTMapBase@V?$DFALL@V?$NiTMapItem@PAVTESForm::?$NiTMapBase@V?$DFALL@V?$NiTMapItem@PAVTESForm
0x001590B0|?$NiTMapBase@V?$DFALL@V?$NiTMapItem@PAVTESObjectREFR::?$NiTMapBase@V?$DFALL@V?$NiTMapItem@PAVTESObjectREFR
0x00159230|?$NiTMapBase@V?$DFALL@V?$NiTMapItem@PAVTESObjectREFR::?$NiTMapBase@V?$DFALL@V?$NiTMapItem@PAVTESObjectREFR
0x00159460|NiTArray<TESObjectREFR *>::NiTArray<TESObjectREFR *>
0x001594B0|NiTPrimitiveArray<TESObjectREFR *>::NiTPrimitiveArray<TESObjectREFR *>
0x001595E0|BSScrapMap<TESObjectREFR *>::BSScrapMap<TESObjectREFR *>
0x001596A0|BSMapBase<TESObjectREFR *>::BSMapBase<TESObjectREFR *>
0x001596E0|BSScrapMap<TESObjectREFR *>::BSScrapMap<TESObjectREFR *>
0x00159AD0|NiTArray<TESObjectREFR *>::NiTArray<TESObjectREFR *>
0x00159B40|BSMapBase<TESObjectREFR *>::BSMapBase<TESObjectREFR *>
0x00159CC0|NiTMap<TESObjectREFR *>::NiTMap<TESObjectREFR *>
0x00159D20|?$NiTMapBase@V?$DFALL@V?$NiTMapItem@PAVTESObjectREFR::?$NiTMapBase@V?$DFALL@V?$NiTMapItem@PAVTESObjectREFR
0x00159DF0|?$NiTMapBase@V?$DFALL@V?$NiTMapItem@PAVTESObjectREFR::?$NiTMapBase@V?$DFALL@V?$NiTMapItem@PAVTESObjectREFR
0x00159E50|NiTMap<NiAVObject *>::NiTMap<NiAVObject *>
0x00159EB0|?$NiTMapBase@V?$DFALL@V?$NiTMapItem@PAVNiAVObject::?$NiTMapBase@V?$DFALL@V?$NiTMapItem@PAVNiAVObject
0x00159FF0|?$NiTMapBase@V?$DFALL@V?$NiTMapItem@PAVNiAVObject::?$NiTMapBase@V?$DFALL@V?$NiTMapItem@PAVNiAVObject
0x0015A430|TESObjectREFR::TESObjectREFR
0x0016D380|bhkRigidBody::bhkRigidBody
0x0016D410|bhkEntity::bhkEntity
0x0016D440|bhkWorldObject::bhkWorldObject
0x0016D580|bhkCollisionObject::bhkCollisionObject
0x0016D5F0|bhkWaterPhantomCallbackShape::bhkWaterPhantomCallbackShape
0x0016D610|hkpPhantomCallbackShape::hkpPhantomCallbackShape
0x0016D640|hkpShape::hkpShape
0x0016E2D0|bhkSimpleShapePhantom::bhkSimpleShapePhantom
0x0016E370|bhkShapePhantom::bhkShapePhantom
0x0016E3E0|bhkPhantom::bhkPhantom
0x0016E550|bhkAabbPhantom::bhkAabbPhantom
0x0016E610|bhkBoxShape::bhkBoxShape
0x0016E690|bhkConvexShape::bhkConvexShape
0x0016E6C0|bhkSphereRepShape::bhkSphereRepShape
0x0016E6F0|bhkShape::bhkShape
0x0016E950|bhkSphereShape::bhkSphereShape
0x0016F690|bhkAcousticSpacePhantomCallbackShape::bhkAcousticSpacePhantomCallbackShape
0x0017A8D0|ExtraAnimNoteReceiver::ExtraAnimNoteReceiver
0x0017A960|BSAnimNoteReceiver::BSAnimNoteReceiver
0x0017A9D0|IBSAnimNoteReceiver::IBSAnimNoteReceiver
0x0017C440|BSMap<TESObjectREFR *>::BSMap<TESObjectREFR *>
0x0017C470|NiTPointerMap<TESObjectREFR *>::NiTPointerMap<TESObjectREFR *>
0x0017C700|NiTPrimitiveArray<BSAnimNoteReceiver::BSAnimNoteReceiverType *>::BSAnimNoteReceiverType *>
0x0017C7E0|NiTMapBase<NiTPointerAllocator<unsigned int> >::NiTMapBase<NiTPointerAllocator<unsigned int> >
0x0017C930|NiTMapBase<NiTPointerAllocator<unsigned int> >::NiTMapBase<NiTPointerAllocator<unsigned int> >
0x0017C960|NiTMapBase<NiTPointerAllocator<unsigned int> >::NiTMapBase<NiTPointerAllocator<unsigned int> >
0x0017CA30|NiTMapBase<NiTPointerAllocator<unsigned int> >::NiTMapBase<NiTPointerAllocator<unsigned int> >
0x0017CB70|NiTArray<BSAnimNoteReceiver::BSAnimNoteReceiverType *>::BSAnimNoteReceiverType *>
0x0017EBA0|TESWaterForm::TESWaterForm
0x0017EE10|TESWaterForm::TESWaterForm
0x001807F0|TESWeather::TESWeather
0x001808E0|TESWeather::TESWeather
0x00181FD0|TESImageSpaceModifiableCountForm<6>::TESImageSpaceModifiableCountForm<6>
0x00182C20|TESWorldSpace::TESWorldSpace
0x00182E30|TESWorldSpace::TESWorldSpace
0x00188FA0|?$NiTPointerMap@IPAV?$BSSimpleList@PAVTESObjectREFR::?$NiTPointerMap@IPAV?$BSSimpleList@PAVTESObjectREFR
0x00188FD0|NiTMap<TESFile *>::NiTMap<TESFile *>
0x00189000|NiTPointerMap<int,TESObjectCELL *>::NiTPointerMap<int,TESObjectCELL *>
0x001890C0|NiTMapBase<NiTPointerAllocator<unsigned int> >::NiTMapBase<NiTPointerAllocator<unsigned int> >
0x001891C0|?$NiTMapBase@V?$DFALL@V?$NiTMapItem@PAVTESFile::?$NiTMapBase@V?$DFALL@V?$NiTMapItem@PAVTESFile
0x00189290|?$NiTMapBase@V?$DFALL@V?$NiTMapItem@PAVTESFile::?$NiTMapBase@V?$DFALL@V?$NiTMapItem@PAVTESFile
0x00189390|NiTMapBase<NiTPointerAllocator<unsigned int> >::NiTMapBase<NiTPointerAllocator<unsigned int> >
0x001898C0|BGSAcousticSpace::BGSAcousticSpace
0x00189960|BGSAcousticSpace::BGSAcousticSpace
0x0018A380|BGSCameraPath::BGSCameraPath
0x0018A450|BGSCameraPath::BGSCameraPath
0x0018B3F0|NiFormArray::NiFormArray
0x0018BC00|NiTArray<BGSCameraPath *>::NiTArray<BGSCameraPath *>
0x0018BC30|NiTPrimitiveArray<BGSCameraPath *>::NiTPrimitiveArray<BGSCameraPath *>
0x0018BCC0|NiTArray<BGSCameraPath *>::NiTArray<BGSCameraPath *>
0x0018BD30|BGSCameraShot::BGSCameraShot
0x0018BE90|BGSCameraShot::BGSCameraShot
0x0018D760|BGSDefaultObjectManager::BGSDefaultObjectManager
0x0018D820|BGSDefaultObjectManager::BGSDefaultObjectManager
0x0018DB40|BGSImpactData::BGSImpactData
0x0018DC10|BGSImpactData::BGSImpactData
0x0018E810|BGSImpactDataSet::BGSImpactDataSet
0x0018F820|BSMap<BGSImpactData *>::BSMap<BGSImpactData *>
0x0018F880|BSMapBase<BGSImpactData *>::BSMapBase<BGSImpactData *>
0x0018F960|BSMapBase<BGSImpactData *>::BSMapBase<BGSImpactData *>
0x00190210|BGSMenuIcon::BGSMenuIcon
0x001902D0|BGSMenuIcon::BGSMenuIcon
0x00190530|BGSMessage::BGSMessage
0x00190610|BGSMessage::BGSMessage
0x001912D0|TESSoundFile::TESSoundFile
0x00191320|BGSMusicType::BGSMusicType
0x00191B70|BGSRadiationStage::BGSRadiationStage
0x001922E0|BGSTextureSet::BGSTextureSet
0x001923C0|BGSTextureSet::BGSTextureSet
0x00195310|MediaLocationController::MediaLocationController
0x001960A0|MediaLocationController::MediaLocationController
0x00197610|MediaSet::MediaSet
0x001978B0|MediaSet::MediaSet
0x00199C40|TESAmmoEffect::TESAmmoEffect
0x00199D00|TESAmmoEffect::TESAmmoEffect
0x0019A4F0|TESCaravanCard::TESCaravanCard
0x0019AFC0|TESCaravanMoney::TESCaravanMoney
0x0019B880|TESCaravanDeck::TESCaravanDeck
0x0019B940|TESCaravanDeck::TESCaravanDeck
0x0019CF00|hkpClosestRayHitCollector::hkpClosestRayHitCollector
0x001A6320|TESGlobal::TESGlobal
0x001A63F0|TESGlobal::TESGlobal
0x001A66E0|TESLoadScreen::TESLoadScreen
0x001A67E0|TESLoadScreen::TESLoadScreen
0x001A7160|TESLoadScreenType::TESLoadScreenType
0x001A77B0|TESRecipeCategory::TESRecipeCategory
0x001A7C50|TESRecipe::TESRecipe
0x001A7D40|TESRecipe::TESRecipe
0x001D8AF0| ?? ::`Script::ResetDialogueFlags'::`2'::MobDialogueFlagResetter::MobDialogueFlagResetter
0x001D8B10|MobIterOperator::MobIterOperator
0x001E02E0|?$NiTArray@V?$NiPointer@VNiTexture::?$NiTArray@V?$NiPointer@VNiTexture
0x001E0310|?$NiTObjectArray@V?$NiPointer@VNiTexture::?$NiTObjectArray@V?$NiPointer@VNiTexture
0x001E0340|NiTArray<TESModel *>::NiTArray<TESModel *>
0x001E0370|NiTPrimitiveArray<TESModel *>::NiTPrimitiveArray<TESModel *>
0x001E03A0|NiTArray<TESTexture *>::NiTArray<TESTexture *>
0x001E0430|NiTPrimitiveArray<TESTexture *>::NiTPrimitiveArray<TESTexture *>
0x001E0460|NiTArray<char const *,NiTMallocInterface<char const *> >::NiTArray<char const *,NiTMallocInterface<char const *> >
0x001E0490|NiTPrimitiveArray<char const *>::NiTPrimitiveArray<char const *>
0x001E04C0|BSSimpleArray<TESObjectREFR *>::BSSimpleArray<TESObjectREFR *>
0x001E04F0|BSSimpleArray<TESObjectREFR *>::BSSimpleArray<TESObjectREFR *>
0x001E0510|BSSimpleArray<NavMeshInfo const *>::BSSimpleArray<NavMeshInfo const *>
0x001E0540|BSSimpleArray<NavMeshInfo const *>::BSSimpleArray<NavMeshInfo const *>
0x001E0560|BSSimpleArray<TESNPC *>::BSSimpleArray<TESNPC *>
0x001E0590|BSSimpleArray<TESNPC *>::BSSimpleArray<TESNPC *>
0x001E08E0|?$NiTArray@V?$NiPointer@VNiTexture::?$NiTArray@V?$NiPointer@VNiTexture
0x001E0950|NiTArray<TESModel *>::NiTArray<TESModel *>
0x001E09C0|NiTArray<TESTexture *>::NiTArray<TESTexture *>
0x001E0A30|NiTArray<char const *,NiTMallocInterface<char const *> >::NiTArray<char const *,NiTMallocInterface<char const *> >
0x001E2B70|TESSound::TESSound
0x001E2CA0|TESSound::TESSound
0x001E4AF0|BGSBodyPartData::BGSBodyPartData
0x001E4BC0|BGSBodyPartData::BGSBodyPartData
0x001E6420|BGSEntryPointFunctionData::BGSEntryPointFunctionData
0x001E6470|BGSEntryPointFunctionData::BGSEntryPointFunctionData
0x001E64B0|BGSEntryPointFunctionDataTwoValue::BGSEntryPointFunctionDataTwoValue
0x001E6510|BGSEntryPointFunctionDataLeveledList::BGSEntryPointFunctionDataLeveledList
0x001E6540|BGSEntryPointFunctionDataActivateChoice::BGSEntryPointFunctionDataActivateChoice
0x001E6600|BGSEntryPointFunctionDataActivateChoice::BGSEntryPointFunctionDataActivateChoice
0x001E72C0|BGSHeadPart::BGSHeadPart
0x001E73A0|BGSHeadPart::BGSHeadPart
0x001E7A90|BGSIdleMarker::BGSIdleMarker
0x001E7B40|BGSIdleMarker::BGSIdleMarker
0x001E9530|BGSPerkEntry::BGSPerkEntry
0x001E9590|BGSPerkEntry::BGSPerkEntry
0x001E9800|BGSQuestPerkEntry::BGSQuestPerkEntry
0x001E9BD0|BGSAbilityPerkEntry::BGSAbilityPerkEntry
0x001E9F60|BGSEntryPointPerkEntry::BGSEntryPointPerkEntry
0x001EA000|BGSEntryPointPerkEntry::BGSEntryPointPerkEntry
0x001EAAB0|BGSPerk::BGSPerk
0x001EABB0|BGSPerk::BGSPerk
0x001EC090|BGSQuestObjective::BGSQuestObjective
0x001EC140|BGSQuestObjective::BGSQuestObjective
0x001ED680|BGSRagdoll::BGSRagdoll
0x001EDC30|BGSRagdoll::BGSRagdoll
0x001EEDE0|BSSimpleArray<char const *,1024>::BSSimpleArray<char const *,1024>
0x001EEE10|BSSimpleArray<char const *,1024>::BSSimpleArray<char const *,1024>
0x001EEE30|BSSimpleArray<short,1024>::BSSimpleArray<short,1024>
0x001EEE60|BSSimpleArray<short,1024>::BSSimpleArray<short,1024>
0x001EEFC0|BSSimpleArray<FootIK_DATA::FootIK_Leg_DATA>::FootIK_Leg_DATA>
0x001EEFF0|BSSimpleArray<FootIK_DATA::FootIK_Leg_DATA>::FootIK_Leg_DATA>
0x001EF1A0|BSSimpleArray<LookIK_DATA::LookIK_Head_DATA>::LookIK_Head_DATA>
0x001EF1D0|BSSimpleArray<LookIK_DATA::LookIK_Head_DATA>::LookIK_Head_DATA>
0x001EF380|BSSimpleArray<GrabIK_DATA::GrabIK_Arm_DATA>::GrabIK_Arm_DATA>
0x001EF3B0|BSSimpleArray<GrabIK_DATA::GrabIK_Arm_DATA>::GrabIK_Arm_DATA>
0x001F00D0|BGSVoiceType::BGSVoiceType
0x001F2150|Reset3DMobIterator::Reset3DMobIterator
0x001F21C0|TESAnimGroup::TESAnimGroup
0x001F22D0|TESAnimGroup::TESAnimGroup
0x001F4E00|TESChallenge::TESChallenge
0x001F4F10|TESChallenge::TESChallenge
0x001F6610|TESClass::TESClass
0x001F7230|TESCreature::TESCreature
0x001F78E0|ActorValueOwner::ActorValueOwner
0x001FC050|TESEyes::TESEyes
0x001FC120|TESEyes::TESEyes
0x001FC680|TESFaction::TESFaction
0x001FC760|TESFaction::TESFaction
0x001FDAA0|TESHair::TESHair
0x001FDB90|TESHair::TESHair
0x001FE040|TESIdleForm::TESIdleForm
0x00200AD0|BSTCaseInsensitiveStringMap<IDLE_ANIM_ROOT *>::BSTCaseInsensitiveStringMap<IDLE_ANIM_ROOT *>
0x00200B00|BSTCaseInsensitiveStringMap<IDLE_ANIM_ROOT *>::BSTCaseInsensitiveStringMap<IDLE_ANIM_ROOT *>
0x00200D10|NiTPrimitiveArray<TESIdleForm *>::NiTPrimitiveArray<TESIdleForm *>
0x00200D90|?$NiTStringTemplateMap@V?$NiTMap@PBDPAVIDLE_ANIM_ROOT::?$NiTStringTemplateMap@V?$NiTMap@PBDPAVIDLE_ANIM_ROOT
0x00200EB0|?$NiTMapBase@V?$DFALL@V?$NiTMapItem@PBDPAVIDLE_ANIM_ROOT::?$NiTMapBase@V?$DFALL@V?$NiTMapItem@PBDPAVIDLE_ANIM_ROOT
0x00200FD0|NiTStringMap<IDLE_ANIM_ROOT *>::NiTStringMap<IDLE_ANIM_ROOT *>
0x00201000|NiTArray<TESIdleForm *>::NiTArray<TESIdleForm *>
0x002010A0|?$NiTStringTemplateMap@V?$NiTMap@PBDPAVIDLE_ANIM_ROOT::?$NiTStringTemplateMap@V?$NiTMap@PBDPAVIDLE_ANIM_ROOT
0x002010D0|NiTMap<char const *,IDLE_ANIM_ROOT *>::NiTMap<char const *,IDLE_ANIM_ROOT *>
0x00201100|?$NiTMapBase@V?$DFALL@V?$NiTMapItem@PBDPAVIDLE_ANIM_ROOT::?$NiTMapBase@V?$DFALL@V?$NiTMapItem@PBDPAVIDLE_ANIM_ROOT
0x002013C0|TESNPC::TESNPC
0x0020B9B0|NiTArray<FaceGenUndo *>::NiTArray<FaceGenUndo *>
0x0020B9E0|NiTPrimitiveArray<FaceGenUndo *>::NiTPrimitiveArray<FaceGenUndo *>
0x0020BAC0|BSSimpleArray<BGSHeadPart *>::BSSimpleArray<BGSHeadPart *>
0x0020BAE0|BSScrapArray<BGSHeadPart *>::BSScrapArray<BGSHeadPart *>
0x0020BDD0|BSSimpleArray<BGSHeadPart *>::BSSimpleArray<BGSHeadPart *>
0x00210210|TESRace::TESRace
0x002104A0|BGSTextureModel::BGSTextureModel
0x002104C0|TESRace::TESRace
0x002154B0|TESReputation::TESReputation
0x00217F40|TESSkill::TESSkill
0x0021BCF0|NiTLargeArray<TESTopicInfo *>::NiTLargeArray<TESTopicInfo *>
0x0021CCD0|TESTopicInfo::TESTopicInfo
0x0021F580|hkpEntityListener::hkpEntityListener
0x0021FA10|NiTMap<TESObjectREFR *>::NiTMap<TESObjectREFR *>
0x0021FA70|?$NiTMapBase@V?$DFALL@V?$NiTMapItem@PAVTESObjectREFR::?$NiTMapBase@V?$DFALL@V?$NiTMapItem@PAVTESObjectREFR
0x0021FAE0|NiTMap<TESObjectREFR *>::NiTMap<TESObjectREFR *>
0x0021FC50|ZoneEntry::ZoneEntry
0x0021FE70|TrapTargetEntry::TrapTargetEntry
0x00221D10|CellMopp::CellMopp
0x00221DC0|CellMopp::CellMopp
0x00222310|bhkTriSampledHeightFieldBvTreeShape::bhkTriSampledHeightFieldBvTreeShape
0x00222390|bhkBvTreeShape::bhkBvTreeShape
0x002227E0|?$NiTObjectArray@V?$NiPointer@VbhkRigidBody::?$NiTObjectArray@V?$NiPointer@VbhkRigidBody
0x00222870|?$NiTArray@V?$NiPointer@VbhkRigidBody::?$NiTArray@V?$NiPointer@VbhkRigidBody
0x00223430|FOCollisionListener::FOCollisionListener
0x002234B0|bhkContactListener::bhkContactListener
0x002235C0|FOCollisionListener::FOCollisionListener
0x00224150|FOIslandActivationListener::FOIslandActivationListener
0x002241C0|hkpIslandActivationListener::hkpIslandActivationListener
0x00224210|hkpIslandActivationListener::hkpIslandActivationListener
0x00224230|FOIslandActivationListener::FOIslandActivationListener
0x00224DE0|HavokStreambufFactory::HavokStreambufFactory
0x00224F90|HavokError::HavokError
0x00225B40|HavokError::HavokError
0x00225FC0|hkStreamReader::hkStreamReader
0x00226060|HavokFileStreambufReader::HavokFileStreambufReader
0x002261A0|HavokFileStreambufWriter::HavokFileStreambufWriter
0x00226280|HavokFileStreambufWriter::HavokFileStreambufWriter
0x00226FD0|LoadedAreaBound::LoadedAreaBound
0x002270F0|LoadedAreaBound::LoadedAreaBound
0x002299F0|NiTMap<bhkRigidBody *>::NiTMap<bhkRigidBody *>
0x00229BA0|?$NiTMapBase@V?$DFALL@V?$NiTMapItem@PAVbhkRigidBody::?$NiTMapBase@V?$DFALL@V?$NiTMapItem@PAVbhkRigidBody
0x00229E50|NiTMap<bhkRigidBody *>::NiTMap<bhkRigidBody *>
0x00229EB0|?$NiTMapBase@V?$DFALL@V?$NiTMapItem@PAVbhkRigidBody::?$NiTMapBase@V?$DFALL@V?$NiTMapItem@PAVbhkRigidBody
0x00229FD0|BSSimpleArray<bhkRigidBody *>::BSSimpleArray<bhkRigidBody *>
0x0022A000|BSSimpleArray<bhkRigidBody *>::BSSimpleArray<bhkRigidBody *>
0x0022A190|SpecificItemCollector::SpecificItemCollector
0x0022A220|hkpClosestRayHitCollector::hkpClosestRayHitCollector
0x0022A460|TESArrowTargetListener::TESArrowTargetListener
0x0022A480|bhkArrowTargetListener::bhkArrowTargetListener
0x0022C6E0|BSList<TriggerEntry::TriggerEvent *>::TriggerEvent *>
0x0022C750|BSPointerListBase<TriggerEntry::TriggerEvent *>::TriggerEvent *>
0x0022D350|hkpAllCdBodyPairCollector::hkpAllCdBodyPairCollector
0x0022D3C0|hkpCdBodyPairCollector::hkpCdBodyPairCollector
0x0022D420|hkpCdBodyPairCollector::hkpCdBodyPairCollector
0x0022D5C0|TESTrapListener::TESTrapListener
0x0022D680|bhkTrapListener::bhkTrapListener
0x0022D6F0|hkpPhantomListener::hkpPhantomListener
0x0022D740|hkpPhantomListener::hkpPhantomListener
0x0022D840|TrapEntry::TrapEntry
0x0022D8A0|TESTrapListener::TESTrapListener
0x0022DFA0|BSListBase<TriggerEntry::TriggerEvent *>::TriggerEvent *>
0x0022E040|BSListBase<TriggerEntry::TriggerEvent *>::TriggerEvent *>
0x0022E590|WaterTargetEntry::WaterTargetEntry
0x0022E630|TESWaterListener::TESWaterListener
0x0022E780|TESWaterListener::TESWaterListener
0x0022E860|TESWaterListener::TESWaterListener
0x00231230|WaterZone::WaterZone
0x00231750|BSSimpleArray<hkpCollidable const *>::BSSimpleArray<hkpCollidable const *>
0x00231780|BSSimpleArray<hkpCollidable const *>::BSSimpleArray<hkpCollidable const *>
0x00231850|NiTMap<hkpRigidBody *>::NiTMap<hkpRigidBody *>
0x002318B0|?$NiTMapBase@V?$DFALL@V?$NiTMapItem@PAVhkpRigidBody::?$NiTMapBase@V?$DFALL@V?$NiTMapItem@PAVhkpRigidBody
0x00231980|?$NiTMapBase@V?$DFALL@V?$NiTMapItem@PAVhkpRigidBody::?$NiTMapBase@V?$DFALL@V?$NiTMapItem@PAVhkpRigidBody
0x00232EE0|SettingT<BlendSettingCollection>::SettingT<BlendSettingCollection>
0x00232F90|SettingT<BlendSettingCollection>::SettingT<BlendSettingCollection>
0x00233000|SettingT<BlendSettingCollection>::SettingT<BlendSettingCollection>
0x00233080|Atmosphere::Atmosphere
0x00233190|Atmosphere::Atmosphere
0x00233CC0|Clouds::Clouds
0x00233E30|Clouds::Clouds
0x00234CE0|Moon::Moon
0x00236A40|Precipitation::Precipitation
0x00236B20|Precipitation::Precipitation
0x00239D40|Sky::Sky
0x0023A0B0|Sky::Sky
0x0023F830|SkyObject::SkyObject
0x0023F8D0|SkyObject::SkyObject
0x0023FA10|SkyTask::SkyTask
0x0023FC70|Stars::Stars
0x002404F0|Sun::Sun
0x002406A0|Sun::Sun
0x002442B0|BSSimpleArray<FollowerDist>::BSSimpleArray<FollowerDist>
0x002442E0|BSSimpleArray<FollowerDist>::BSSimpleArray<FollowerDist>
0x00249680|BSFaceGenAnimationData::BSFaceGenAnimationData
0x00249CE0|BSFaceGenAnimationData::BSFaceGenAnimationData
0x0024CCF0|BSFaceGenImage::BSFaceGenImage
0x0024CE20|BSFaceGenImage::BSFaceGenImage
0x0024EA80|BSFaceGenKeyframe::BSFaceGenKeyframe
0x0024EAE0|BSFaceGenKeyframe::BSFaceGenKeyframe
0x0024EB60|BSFaceGenKeyframeMultiple::BSFaceGenKeyframeMultiple
0x0024EC10|BSFaceGenKeyframeMultiple::BSFaceGenKeyframeMultiple
0x0024FD80|BSFaceGenModelMap::BSFaceGenModelMap
0x0024FE10|BSFaceGenModelMap::BSFaceGenModelMap
0x00250100|BSFaceGenModelMap::Entry::Entry
0x00258AA0|?$BSTCaseInsensitiveStringMap@V?$NiPointer@VEntry@BSFaceGenModelMap::?$BSTCaseInsensitiveStringMap@V?$NiPointer@VEntry@BSFaceGenModelMap
0x00258BB0|?$BSTCaseInsensitiveStringMap@V?$NiPointer@VEntry@BSFaceGenModelMap::?$BSTCaseInsensitiveStringMap@V?$NiPointer@VEntry@BSFaceGenModelMap
0x00258D50|?$NiTStringTemplateMap@V?$NiTMap@PBDV?$NiPointer@VEntry@BSFaceGenModelMap::?$NiTStringTemplateMap@V?$NiTMap@PBDV?$NiPointer@VEntry@BSFaceGenModelMap
0x00258E70|?$NiTMapBase@V?$DFALL@V?$NiTMapItem@PBDV?$NiPointer@VEntry@BSFaceGenModelMap::?$NiTMapBase@V?$DFALL@V?$NiTMapItem@PBDV?$NiPointer@VEntry@BSFaceGenModelMap
0x00259230|?$NiTStringMap@V?$NiPointer@VEntry@BSFaceGenModelMap::?$NiTStringMap@V?$NiPointer@VEntry@BSFaceGenModelMap
0x00259330|?$NiTStringTemplateMap@V?$NiTMap@PBDV?$NiPointer@VEntry@BSFaceGenModelMap::?$NiTStringTemplateMap@V?$NiTMap@PBDV?$NiPointer@VEntry@BSFaceGenModelMap
0x00259460|?$NiTMap@PBDV?$NiPointer@VEntry@BSFaceGenModelMap::?$NiTMap@PBDV?$NiPointer@VEntry@BSFaceGenModelMap
0x00259490|?$NiTMapBase@V?$DFALL@V?$NiTMapItem@PBDV?$NiPointer@VEntry@BSFaceGenModelMap::?$NiTMapBase@V?$DFALL@V?$NiTMapItem@PBDV?$NiPointer@VEntry@BSFaceGenModelMap
0x00259AE0|BSFaceGenModel::BSFaceGenModel
0x00259B50|BSFaceGenModel::BSFaceGenModel
0x0025BE60|BSFaceGenModelExtraData::BSFaceGenModelExtraData
0x00260690|BSFaceGenMorph::BSFaceGenMorph
0x002606E0|BSFaceGenMorph::BSFaceGenMorph
0x00260700|BSFaceGenMorphDifferential::BSFaceGenMorphDifferential
0x00260820|BSFaceGenMorphDifferential::BSFaceGenMorphDifferential
0x00260970|BSFaceGenMorphStatistical::BSFaceGenMorphStatistical
0x00260A50|BSFaceGenMorphStatistical::BSFaceGenMorphStatistical
0x00260BA0|BSFaceGenMorphDataHead::BSFaceGenMorphDataHead
0x00261D10|BSFaceGenMorphData::BSFaceGenMorphData
0x00261D40|BSFaceGenMorphData::BSFaceGenMorphData
0x002621D0|BSFaceGenMorphDataHair::BSFaceGenMorphDataHair
0x002623D0|BSFaceGenMorphDataHair::BSFaceGenMorphDataHair
0x002624C0|BSFaceGenBaseMorphExtraData::BSFaceGenBaseMorphExtraData
0x00262720|BSFaceGenBaseMorphExtraData::BSFaceGenBaseMorphExtraData
0x00262B00|BSFaceGenNiNode::BSFaceGenNiNode
0x00265C50|NiTPointerMap<TESObjectTREE *>::NiTPointerMap<TESObjectTREE *>
0x00265CB0|LockFreeMap<TESObjectREFR *>::LockFreeMap<TESObjectREFR *>
0x00265F50|NiTMapBase<NiTPointerAllocator<unsigned int> >::NiTMapBase<NiTPointerAllocator<unsigned int> >
0x00266020|NiTMapBase<NiTPointerAllocator<unsigned int> >::NiTMapBase<NiTPointerAllocator<unsigned int> >
0x002661E0|LockFreeMap<TESObjectREFR *>::LockFreeMap<TESObjectREFR *>
0x00266650|BSTreeModel::BSTreeModel
0x00266800|BSTreeModel::BSTreeModel
0x0026B120|BSTreeNode::BSTreeNode
0x0026B640|bhkCollisionObject::bhkCollisionObject
0x0026B6C0|BSTreeNode::BSTreeNode
0x0026D3D0|bhkPCollisionObject::bhkPCollisionObject
0x0026D490|bhkMultiSphereShape::bhkMultiSphereShape
0x0026D590|bhkTransformShape::bhkTransformShape
0x0026D6A0|bhkCapsuleShape::bhkCapsuleShape
0x0026FE40|ActorValueInfo::ActorValueInfo
0x00270080|ActorValueInfo::ActorValueInfo
0x002707C0|TESPackage::TESPackage
0x002708B0|TESPackage::TESPackage
0x0027ACF0|TESAmbushPackageData::TESAmbushPackageData
0x0027AD20|TESPackageData::TESPackageData
0x0027AD70|TESPackageData::TESPackageData
0x0027ADC0|TESAmbushPackageData::TESAmbushPackageData
0x0027B170|TESDialoguePackageData::TESDialoguePackageData
0x0027B210|TESDialoguePackageData::TESDialoguePackageData
0x0027B280|TESDialoguePackageData::TESDialoguePackageData
0x0027B950|TESEatPackageData::TESEatPackageData
0x0027B9B0|TESEatPackageData::TESEatPackageData
0x0027BBF0|TESEscortPackageData::TESEscortPackageData
0x0027BC60|TESEscortPackageData::TESEscortPackageData
0x0027BCA0|TESEscortPackageData::TESEscortPackageData
0x0027BFD0|TESFollowPackageData::TESFollowPackageData
0x0027C040|TESFollowPackageData::TESFollowPackageData
0x0027C080|TESFollowPackageData::TESFollowPackageData
0x0027C3F0|TESPatrolPackageData::TESPatrolPackageData
0x0027C450|TESPatrolPackageData::TESPatrolPackageData
0x0027C490|TESPatrolPackageData::TESPatrolPackageData
0x0027C770|TESUseItemPackageData::TESUseItemPackageData
0x0027C7D0|TESUseItemPackageData::TESUseItemPackageData
0x0027CAA0|TESUseWeaponPackageData::TESUseWeaponPackageData
0x0027CB70|TESUseWeaponPackageData::TESUseWeaponPackageData
0x0027CC20|TESUseWeaponPackageData::TESUseWeaponPackageData
0x0027CCD0|TESUseWeaponPackageData::TESUseWeaponPackageData
0x0027D8F0|UseWeaponActorPackageData::UseWeaponActorPackageData
0x0027D920|ActorPackageData::ActorPackageData
0x0027D970|ActorPackageData::ActorPackageData
0x0027D9C0|UseWeaponActorPackageData::UseWeaponActorPackageData
0x002824C0|NiTask::NiTask
0x00282860|BSTempEffect::BSTempEffect
0x00282B00|BSTempEffectDebris::BSTempEffectDebris
0x00282C40|BSTempEffectDebris::BSTempEffectDebris
0x00282F40|BSTempEffectDebris::BSTempEffectDebris
0x002836F0|BSList<BSTempEffectDebris *>::BSList<BSTempEffectDebris *>
0x00283760|BSPointerListBase<BSTempEffectDebris *>::BSPointerListBase<BSTempEffectDebris *>
0x002837B0|BSListBase<BSTempEffectDebris *>::BSListBase<BSTempEffectDebris *>
0x00283850|BSListBase<BSTempEffectDebris *>::BSListBase<BSTempEffectDebris *>
0x00283900|BSTempEffectGeometryDecal::BSTempEffectGeometryDecal
0x00288470|BSDismemberSkinInstance::BSDismemberSkinInstance
0x00288610|BSDismemberSkinInstance::BSDismemberSkinInstance
0x00288770|BSTempEffectGeometryDecal::BSTempEffectGeometryDecal
0x00288FC0|BSTempEffectParticle::BSTempEffectParticle
0x00289720|BSTempEffectParticle::BSTempEffectParticle
0x0028AB80|NiTArray<NiAVObject *>::NiTArray<NiAVObject *>
0x0028ABB0|NiTPrimitiveArray<NiAVObject *>::NiTPrimitiveArray<NiAVObject *>
0x0028AC40|NiTArray<NiAVObject *>::NiTArray<NiAVObject *>
0x0028AD20|BSTempEffectSimpleDecal::BSTempEffectSimpleDecal
0x0028B080|BSTempEffectSimpleDecal::BSTempEffectSimpleDecal
0x0028EB00|BSSimpleArray<DecalVertex *>::BSSimpleArray<DecalVertex *>
0x0028EB30|BSSimpleArray<DecalVertex *>::BSSimpleArray<DecalVertex *>
0x0028EB80|NavMesh::NavMesh
0x0028ED70|NavMesh::NavMesh
0x002916F0|?$NiTMap@GV?$NiPointer@VObstacleData::?$NiTMap@GV?$NiPointer@VObstacleData
0x00291720|NiTMap<unsigned short,NavMeshPOVData>::NiTMap<unsigned short,NavMeshPOVData>
0x002917D0|BSSimpleArray<unsigned short,1024>::BSSimpleArray<unsigned short,1024>
0x00291800|BSSimpleArray<unsigned short,1024>::BSSimpleArray<unsigned short,1024>
0x002918C0|?$NiTMapBase@V?$DFALL@V?$NiTMapItem@GV?$NiPointer@VObstacleData::?$NiTMapBase@V?$DFALL@V?$NiTMapItem@GV?$NiPointer@VObstacleData
0x00291A00|?$NiTMapBase@V?$DFALL@V?$NiTMapItem@GV?$NiPointer@VObstacleData::?$NiTMapBase@V?$DFALL@V?$NiTMapItem@GV?$NiPointer@VObstacleData
0x00291A60|BSSimpleArray<NavMeshVertex>::BSSimpleArray<NavMeshVertex>
0x00291A90|BSSimpleArray<NavMeshVertex>::BSSimpleArray<NavMeshVertex>
0x00291B10|BSSimpleArray<NavMeshTriangle>::BSSimpleArray<NavMeshTriangle>
0x00291B40|BSSimpleArray<NavMeshTriangle>::BSSimpleArray<NavMeshTriangle>
0x00291BC0|BSSimpleArray<EdgeExtraInfo>::BSSimpleArray<EdgeExtraInfo>
0x00291BF0|BSSimpleArray<EdgeExtraInfo>::BSSimpleArray<EdgeExtraInfo>
0x00291D40|BSSimpleArray<NavMeshTriangleDoorPortal>::BSSimpleArray<NavMeshTriangleDoorPortal>
0x00291D70|BSSimpleArray<NavMeshTriangleDoorPortal>::BSSimpleArray<NavMeshTriangleDoorPortal>
0x00291D90|BSSimpleArray<NavMeshClosedDoorInfo>::BSSimpleArray<NavMeshClosedDoorInfo>
0x00291DC0|BSSimpleArray<NavMeshClosedDoorInfo>::BSSimpleArray<NavMeshClosedDoorInfo>
0x00291DE0|?$NiTMapBase@V?$DFALL@V?$NiTMapItem@GUNavMeshPOVData::?$NiTMapBase@V?$DFALL@V?$NiTMapItem@GUNavMeshPOVData
0x00291F00|?$NiTMapBase@V?$DFALL@V?$NiTMapItem@GUNavMeshPOVData::?$NiTMapBase@V?$DFALL@V?$NiTMapItem@GUNavMeshPOVData
0x00291F60|?$BSSimpleArray@V?$NiPointer@VObstacleUndoData::?$BSSimpleArray@V?$NiPointer@VObstacleUndoData
0x00291F90|?$BSSimpleArray@V?$NiPointer@VObstacleUndoData::?$BSSimpleArray@V?$NiPointer@VObstacleUndoData
0x00291FE0|BSSimpleArray<NavMeshStaticAvoidNode>::BSSimpleArray<NavMeshStaticAvoidNode>
0x00294DE0|BSSimpleArray<int,1024>::BSSimpleArray<int,1024>
0x00294E10|BSSimpleArray<int,1024>::BSSimpleArray<int,1024>
0x0029AD40|NiTMap<FastNavMeshVertHandle>::NiTMap<FastNavMeshVertHandle>
0x0029ADA0|BSSimpleArray<unsigned short,1024>::BSSimpleArray<unsigned short,1024>
0x0029AEE0|BSSimpleArray<NavMeshInfo *>::BSSimpleArray<NavMeshInfo *>
0x0029AF10|BSSimpleArray<NavMeshInfo *>::BSSimpleArray<NavMeshInfo *>
0x0029AF30|BSSimpleArray<NavMeshEdgeHandle>::BSSimpleArray<NavMeshEdgeHandle>
0x0029AF60|BSSimpleArray<NavMeshEdgeHandle>::BSSimpleArray<NavMeshEdgeHandle>
0x0029B1D0|BSSimpleArray<bool,1024>::BSSimpleArray<bool,1024>
0x0029B2C0|BSSimpleArray<FastNavMeshEdgeHandle>::BSSimpleArray<FastNavMeshEdgeHandle>
0x0029B2F0|BSSimpleArray<FastNavMeshEdgeHandle>::BSSimpleArray<FastNavMeshEdgeHandle>
0x0029B360|?$NiTMapBase@V?$DFALL@V?$NiTMapItem@UFastNavMeshVertHandle::?$NiTMapBase@V?$DFALL@V?$NiTMapItem@UFastNavMeshVertHandle
0x0029B730|?$NiTMapBase@V?$DFALL@V?$NiTMapItem@UFastNavMeshVertHandle::?$NiTMapBase@V?$DFALL@V?$NiTMapItem@UFastNavMeshVertHandle
0x0029CD10|BSSimpleArray<NavMeshBounds::NavMeshBoundsTriangle>::NavMeshBoundsTriangle>
0x0029CD40|BSSimpleArray<NavMeshBounds::NavMeshBoundsTriangle>::NavMeshBoundsTriangle>
0x0029E110|NavMeshPOVSearch::NavMeshPOVSearch
0x0029E200|NavMeshPOVSearch::NavMeshPOVSearch
0x002A14B0|BSSimpleArray<NavMeshPOV *>::BSSimpleArray<NavMeshPOV *>
0x002A14E0|BSSimpleArray<NavMeshPOV *>::BSSimpleArray<NavMeshPOV *>
0x002A1500|AStarSearch<NavMeshPOVSearchNode>::AStarSearch<NavMeshPOVSearchNode>
0x002A15B0|AStarSearch<NavMeshPOVSearchNode>::AStarSearch<NavMeshPOVSearchNode>
0x002A16D0|?$BSSimpleArray@V?$BSSimpleArray@PAUNavMeshPOV::?$BSSimpleArray@V?$BSSimpleArray@PAUNavMeshPOV
0x002A1700|?$BSSimpleArray@V?$BSSimpleArray@PAUNavMeshPOV::?$BSSimpleArray@V?$BSSimpleArray@PAUNavMeshPOV
0x002A1860|BSSimpleArray<NavMeshPOVSearchNode>::BSSimpleArray<NavMeshPOVSearchNode>
0x002A1890|BSSimpleArray<NavMeshPOVSearchNode>::BSSimpleArray<NavMeshPOVSearchNode>
0x002A18B0|BSSimpleArray<NavMeshPOVSearchLink>::BSSimpleArray<NavMeshPOVSearchLink>
0x002A18E0|BSSimpleArray<NavMeshPOVSearchLink>::BSSimpleArray<NavMeshPOVSearchLink>
0x002A19B0|?$BSSimpleArray@V?$BSSimpleArray@UFastNavMeshVertHandle::?$BSSimpleArray@V?$BSSimpleArray@UFastNavMeshVertHandle
0x002A19E0|?$BSSimpleArray@V?$BSSimpleArray@UFastNavMeshVertHandle::?$BSSimpleArray@V?$BSSimpleArray@UFastNavMeshVertHandle
0x002A1A00|BSSimpleArray<RemoveIndex>::BSSimpleArray<RemoveIndex>
0x002A1A30|BSSimpleArray<RemoveIndex>::BSSimpleArray<RemoveIndex>
0x002A2500|?$BSScrapArray@PAV?$AStarNode@VNavMeshPOVSearchNode::?$BSScrapArray@PAV?$AStarNode@VNavMeshPOVSearchNode
0x002A2580|?$BSSimpleArray@PAV?$AStarNode@VNavMeshPOVSearchNode::?$BSSimpleArray@PAV?$AStarNode@VNavMeshPOVSearchNode
0x002A25D0|?$BSScrapArray@PAV?$AStarNode@VNavMeshPOVSearchNode::?$BSScrapArray@PAV?$AStarNode@VNavMeshPOVSearchNode
0x002A2850|?$BSSimpleArray@PAV?$AStarNode@VNavMeshPOVSearchNode::?$BSSimpleArray@PAV?$AStarNode@VNavMeshPOVSearchNode
0x002A2880|BSSimpleArray<FastNavMeshVertHandle>::BSSimpleArray<FastNavMeshVertHandle>
0x002A2900|BSSimpleArray<FastNavMeshVertHandle>::BSSimpleArray<FastNavMeshVertHandle>
0x002A6290|NiTMap<NavMesh *>::NiTMap<NavMesh *>
0x002A62C0|NiTMap<TESObjectCELL *>::NiTMap<TESObjectCELL *>
0x002A6370|?$NiTMapBase@V?$DFALL@V?$NiTMapItem@PAVNavMesh::?$NiTMapBase@V?$DFALL@V?$NiTMapItem@PAVNavMesh
0x002A64B0|?$NiTMapBase@V?$DFALL@V?$NiTMapItem@PAVNavMesh::?$NiTMapBase@V?$DFALL@V?$NiTMapItem@PAVNavMesh
0x002A64E0|?$NiTMapBase@V?$DFALL@V?$NiTMapItem@PAVTESObjectCELL::?$NiTMapBase@V?$DFALL@V?$NiTMapItem@PAVTESObjectCELL
0x002A65B0|?$NiTMapBase@V?$DFALL@V?$NiTMapItem@PAVTESObjectCELL::?$NiTMapBase@V?$DFALL@V?$NiTMapItem@PAVTESObjectCELL
0x002A65E0|BSSimpleArray<NiPoint3>::BSSimpleArray<NiPoint3>
0x002A6610|BSSimpleArray<NiColorA>::BSSimpleArray<NiColorA>
0x002A6640|BSSimpleArray<NiColorA>::BSSimpleArray<NiColorA>
0x002A67A0|BSSimpleArray<unsigned char,1024>::BSSimpleArray<unsigned char,1024>
0x002A67D0|BSSimpleArray<unsigned char,1024>::BSSimpleArray<unsigned char,1024>
0x002A6B00|NavMeshSearch::NavMeshSearch
0x002A7B10|AStarSearch<NavMeshSearchNode>::AStarSearch<NavMeshSearchNode>
0x002A7BC0|AStarSearch<NavMeshSearchNode>::AStarSearch<NavMeshSearchNode>
0x002A7F60|BSSimpleArray<NavMeshStaticAvoidNode *>::BSSimpleArray<NavMeshStaticAvoidNode *>
0x002A7F90|BSSimpleArray<NavMeshStaticAvoidNode *>::BSSimpleArray<NavMeshStaticAvoidNode *>
0x002A8530|?$BSScrapArray@PAV?$AStarNode@UNavMeshSearchNode::?$BSScrapArray@PAV?$AStarNode@UNavMeshSearchNode
0x002A85B0|?$BSSimpleArray@PAV?$AStarNode@UNavMeshSearchNode::?$BSSimpleArray@PAV?$AStarNode@UNavMeshSearchNode
0x002A8600|?$BSScrapArray@PAV?$AStarNode@UNavMeshSearchNode::?$BSScrapArray@PAV?$AStarNode@UNavMeshSearchNode
0x002A8A00|?$BSSimpleArray@PAV?$AStarNode@UNavMeshSearchNode::?$BSSimpleArray@PAV?$AStarNode@UNavMeshSearchNode
0x002A8B40|NavMeshSearchClosePoint::NavMeshSearchClosePoint
0x002A92C0|NavMeshSearchFlee::NavMeshSearchFlee
0x002A9CB0|NavMeshSearchHide::NavMeshSearchHide
0x002A9D60|NavMeshSearchHide::NavMeshSearchHide
0x002AA710|NavMeshSearchLOS::NavMeshSearchLOS
0x002AB410|NavMeshSearchMaxCost::NavMeshSearchMaxCost
0x002AB480|NavMeshSearchMaxCost::NavMeshSearchMaxCost
0x002ABBB0|BSScrapArray<NavMeshSearchNode>::BSScrapArray<NavMeshSearchNode>
0x002ABC30|BSSimpleArray<NavMeshSearchNode>::BSSimpleArray<NavMeshSearchNode>
0x002ABC50|BSScrapArray<NavMeshSearchNode>::BSScrapArray<NavMeshSearchNode>
0x002ABD40|BSScrapArray<NavMeshSearchLink>::BSScrapArray<NavMeshSearchLink>
0x002ABDC0|BSSimpleArray<NavMeshSearchLink>::BSSimpleArray<NavMeshSearchLink>
0x002ABDE0|BSScrapArray<NavMeshSearchLink>::BSScrapArray<NavMeshSearchLink>
0x002ABF60|BSSimpleArray<NavMeshSearchNode>::BSSimpleArray<NavMeshSearchNode>
0x002ABF90|BSSimpleArray<NavMeshSearchLink>::BSSimpleArray<NavMeshSearchLink>
0x002ABFC0|BSSimpleArray<PathingLocation>::BSSimpleArray<PathingLocation>
0x002AC0E0|NavMeshSearchSLPoint::NavMeshSearchSLPoint
0x002AC1B0|NavMeshSearchSLPoint::NavMeshSearchSLPoint
0x002AD1B0|BSScrapArray<NavMeshSearchNode>::BSScrapArray<NavMeshSearchNode>
0x002AD250|BSScrapArray<NavMeshSearchLink>::BSScrapArray<NavMeshSearchLink>
0x002AD4C0|PathSmootherPOVSearch::PathSmootherPOVSearch
0x002AD690|PathSmootherPOVSearch::PathSmootherPOVSearch
0x002B4220|?$BSScrapArray@PAV?$AStarNode@VPathSmootherPOVNode::?$BSScrapArray@PAV?$AStarNode@VPathSmootherPOVNode
0x002B42A0|?$BSSimpleArray@PAV?$AStarNode@VPathSmootherPOVNode::?$BSSimpleArray@PAV?$AStarNode@VPathSmootherPOVNode
0x002B42F0|?$BSScrapArray@PAV?$AStarNode@VPathSmootherPOVNode::?$BSScrapArray@PAV?$AStarNode@VPathSmootherPOVNode
0x002B4670|?$BSSimpleArray@PAV?$AStarNode@VPathSmootherPOVNode::?$BSSimpleArray@PAV?$AStarNode@VPathSmootherPOVNode
0x002B5C30|NavMeshInfoMap::NavMeshInfoMap
0x002B8250|?$NiTMapBase@V?$DFALL@V?$NiTMapItem@IPAV?$BSSimpleArray@PAVNavMeshInfo::?$NiTMapBase@V?$DFALL@V?$NiTMapItem@IPAV?$BSSimpleArray@PAVNavMeshInfo
0x002B8340|NavMeshInfoSearch::NavMeshInfoSearch
0x002B8420|NavMeshInfoSearch::NavMeshInfoSearch
0x002B8D90|AStarSearch<NavMeshInfo const *>::AStarSearch<NavMeshInfo const *>
0x002B8E40|AStarSearch<NavMeshInfo const *>::AStarSearch<NavMeshInfo const *>
0x002B9590|?$BSScrapArray@PAV?$AStarNode@PBVNavMeshInfo::?$BSScrapArray@PAV?$AStarNode@PBVNavMeshInfo
0x002B9610|?$BSSimpleArray@PAV?$AStarNode@PBVNavMeshInfo::?$BSSimpleArray@PAV?$AStarNode@PBVNavMeshInfo
0x002B9660|?$BSScrapArray@PAV?$AStarNode@PBVNavMeshInfo::?$BSScrapArray@PAV?$AStarNode@PBVNavMeshInfo
0x002B9760|?$BSSimpleArray@PAV?$AStarNode@PBVNavMeshInfo::?$BSSimpleArray@PAV?$AStarNode@PBVNavMeshInfo
0x002BF690|BSSimpleArray<BoundsTriangleInfo>::BSSimpleArray<BoundsTriangleInfo>
0x002BF6C0|BSSimpleArray<BoundsTriangleInfo>::BSSimpleArray<BoundsTriangleInfo>
0x002BF6E0|BSSimpleArray<PortalEdgeSwap>::BSSimpleArray<PortalEdgeSwap>
0x002BF710|BSSimpleArray<PortalEdgeSwap>::BSSimpleArray<PortalEdgeSwap>
0x002BF7D0|BSScrapArray<NavMeshObstacleVertex *>::BSScrapArray<NavMeshObstacleVertex *>
0x002BF870|BSSimpleArray<NavMeshObstacleVertex *>::BSSimpleArray<NavMeshObstacleVertex *>
0x002BF890|BSScrapArray<NavMeshObstacleVertex *>::BSScrapArray<NavMeshObstacleVertex *>
0x002BFA10|BSScrapArray<NavMeshObstacleEdge *>::BSScrapArray<NavMeshObstacleEdge *>
0x002BFAB0|BSSimpleArray<NavMeshObstacleEdge *>::BSSimpleArray<NavMeshObstacleEdge *>
0x002BFAD0|BSScrapArray<NavMeshObstacleEdge *>::BSScrapArray<NavMeshObstacleEdge *>
0x002C23C0|ObstacleData::ObstacleData
0x002DAE60|BSSimpleArray<PathingCoverLocation>::BSSimpleArray<PathingCoverLocation>
0x002DAE90|BSSimpleArray<PathingCoverLocation>::BSSimpleArray<PathingCoverLocation>
0x002DC100|BSSimpleArray<PathingNode *>::BSSimpleArray<PathingNode *>
0x002DC2F0|BSSimpleArray<float,1024>::BSSimpleArray<float,1024>
0x002DC370|BSSimpleArray<CrossedTriangle>::BSSimpleArray<CrossedTriangle>
0x002DCBB0|PathingLocation::PathingLocation
0x002DCC40|PathingLocation::PathingLocation
0x002DCE10|PathingLocation::PathingLocation
0x002DCE60|PathingLocation::PathingLocation
0x002DCEA0|PathingLocation::PathingLocation
0x002DCEE0|PathingLocation::PathingLocation
0x002DCF20|PathingLocation::PathingLocation
0x002DD010|PathingLocation::PathingLocation
0x002DD0D0|PathingLocation::PathingLocation
0x002DD220|PathingLocation::PathingLocation
0x002E0EA0|NiTMap<unsigned int,PathingLOSGrid *>::NiTMap<unsigned int,PathingLOSGrid *>
0x002E0FF0|?$NiTMapBase@V?$DFALL@V?$NiTMapItem@IPAVPathingLOSGrid::?$NiTMapBase@V?$DFALL@V?$NiTMapItem@IPAVPathingLOSGrid
0x002E1020|BSSimpleArray<PathingLOSGridCell *>::BSSimpleArray<PathingLOSGridCell *>
0x002E1050|BSSimpleArray<PathingLOSGridCell *>::BSSimpleArray<PathingLOSGridCell *>
0x002E1070|BSSimpleArray<char,1024>::BSSimpleArray<char,1024>
0x002E10A0|BSSimpleArray<char,1024>::BSSimpleArray<char,1024>
0x002E1370|PathingLOSMap::PathingLOSMap
0x002E1470|PathingLOSMap::PathingLOSMap
0x002E2080|NiTMap<unsigned int,unsigned int>::NiTMap<unsigned int,unsigned int>
0x002E20E0|?$NiTMapBase@V?$DFALL@V?$NiTMapItem@II::?$NiTMapBase@V?$DFALL@V?$NiTMapItem@II
0x002E21B0|?$NiTMapBase@V?$DFALL@V?$NiTMapItem@II::?$NiTMapBase@V?$DFALL@V?$NiTMapItem@II
0x002E2420|PathingRequest::PathingRequest
0x002E2620|PathingRequest::PathingRequest
0x002E26A0|PathingRequest::PathingRequest
0x002E3850|PathingAvoidNodeArray::PathingAvoidNodeArray
0x002E3960|BSSimpleArrayRefCounted<PathingAvoidNode>::BSSimpleArrayRefCounted<PathingAvoidNode>
0x002E39D0|BSSimpleArrayRefCounted<PathingAvoidNode>::BSSimpleArrayRefCounted<PathingAvoidNode>
0x002E3A80|BSSimpleArray<PathingAvoidNode>::BSSimpleArray<PathingAvoidNode>
0x002E3AB0|BSSimpleArray<PathingAvoidNode>::BSSimpleArray<PathingAvoidNode>
0x002E3FB0|PathingRequestClosePoint::PathingRequestClosePoint
0x002E4BF0|PathingRequestCoveredMove::PathingRequestCoveredMove
0x002E4D20|PathingRequestCoveredMove::PathingRequestCoveredMove
0x002E5400|PathingRequestFlee::PathingRequestFlee
0x002E5640|PathingRequestHide::PathingRequestHide
0x002E5940|PathingRequestLOS::PathingRequestLOS
0x002E5DB0|PathingRequestOptimalLocation::PathingRequestOptimalLocation
0x002E5FA0|PathingRequestSafeStraightLine::PathingRequestSafeStraightLine
0x002E6010|PathingRequestSafeStraightLine::PathingRequestSafeStraightLine
0x002E61A0|PathingSearchRayCast::PathingSearchRayCast
0x002E62B0|PathingSearchRayCast::PathingSearchRayCast
0x002E7650|PathingSolution::PathingSolution
0x002E7720|PathingSolution::PathingSolution
0x002E9050|BSSimpleArray<VirtualPathingNode>::BSSimpleArray<VirtualPathingNode>
0x002E9080|BSSimpleArray<VirtualPathingNode>::BSSimpleArray<VirtualPathingNode>
0x002E9230|BSSimpleArray<PathingNode>::BSSimpleArray<PathingNode>
0x002E9260|BSSimpleArray<PathingNode>::BSSimpleArray<PathingNode>
0x002E9CC0|PathingTaskData::PathingTaskData
0x002E9E20|PathingTaskData::PathingTaskData
0x002EBD30|BSTStaticFreeList<PathingMessage>::BSTStaticFreeList<PathingMessage>
0x002EBDA0|BSTFreeList<PathingMessage>::BSTFreeList<PathingMessage>
0x002EBDC0|LockFreeMapIterator@?$LockFreeMap@PAVPathingRequest::LockFreeMapIterator@?$LockFreeMap@PAVPathingRequest
0x002EBE90|BSSimpleArray<RayCastPathRequest *>::BSSimpleArray<RayCastPathRequest *>
0x002EBEC0|BSSimpleArray<RayCastPathRequest *>::BSSimpleArray<RayCastPathRequest *>
0x002EBEE0|BSSimpleArray<RayCastPath *>::BSSimpleArray<RayCastPath *>
0x002EBF10|BSSimpleArray<RayCastPath *>::BSSimpleArray<RayCastPath *>
0x002EC000|BSTStaticFreeList<PathingMessage>::BSTStaticFreeList<PathingMessage>
0x002EC090|BSTCommonLLMessageQueue<PathingMessage>::BSTCommonLLMessageQueue<PathingMessage>
0x002EC130|BSTCommonLLMessageQueue<PathingMessage>::BSTCommonLLMessageQueue<PathingMessage>
0x002EC1C0|BSTCommonMessageQueue<PathingMessage>::BSTCommonMessageQueue<PathingMessage>
0x002EC1E0|BSTMessageQueue<PathingMessage>::BSTMessageQueue<PathingMessage>
0x002EC340|?$BSTCommonStaticMessageQueue@V?$NiPointer@VNiAVObject::?$BSTCommonStaticMessageQueue@V?$NiPointer@VNiAVObject
0x002EC3F0|?$BSTCommonStaticMessageQueue@V?$NiPointer@VNiAVObject::?$BSTCommonStaticMessageQueue@V?$NiPointer@VNiAVObject
0x002EC410|?$BSTCommonMessageQueue@V?$NiPointer@VNiAVObject::?$BSTCommonMessageQueue@V?$NiPointer@VNiAVObject
0x002EC430|?$BSTMessageQueue@V?$NiPointer@VNiAVObject::?$BSTMessageQueue@V?$NiPointer@VNiAVObject
0x002EC660|LockFreeMap<PathingRequest *>::LockFreeMap<PathingRequest *>
0x002EC870|LockFreeMap<PathingRequest *>::LockFreeMap<PathingRequest *>
0x002ECB40|BSTCommonMessageQueue<PathingMessage>::BSTCommonMessageQueue<PathingMessage>
0x002ECB70|?$BSTCommonMessageQueue@V?$NiPointer@VNiAVObject::?$BSTCommonMessageQueue@V?$NiPointer@VNiAVObject
0x002ECC00|BSTMessageQueue<PathingMessage>::BSTMessageQueue<PathingMessage>
0x002ECC20|?$BSTMessageQueue@V?$NiPointer@VNiAVObject::?$BSTMessageQueue@V?$NiPointer@VNiAVObject
0x002ECC40|BSTFreeList<PathingMessage>::BSTFreeList<PathingMessage>
0x002ECE90|BSTStaticFreeList<ActorPathingMessage>::BSTStaticFreeList<ActorPathingMessage>
0x002ECF20|BSTFreeList<ActorPathingMessage>::BSTFreeList<ActorPathingMessage>
0x002ECFA0|BSTStaticFreeList<ActorPathingMessage>::BSTStaticFreeList<ActorPathingMessage>
0x002ED010|BSTFreeList<ActorPathingMessage>::BSTFreeList<ActorPathingMessage>
0x002F2510|BSScrapArray<PathSmoother::PathEdge *>::PathEdge *>
0x002F25B0|BSSimpleArray<PathSmoother::PathEdge *>::PathEdge *>
0x002F25D0|BSScrapArray<PathSmoother::PathEdge *>::PathEdge *>
0x002F2630|BSScrapArray<PathSmoother::UniqueVert *>::UniqueVert *>
0x002F26D0|BSSimpleArray<PathSmoother::UniqueVert *>::UniqueVert *>
0x002F26F0|BSScrapArray<PathSmoother::UniqueVert *>::UniqueVert *>
0x002F2750|BSScrapArray<PathSmoother::BoundsEdge *>::BoundsEdge *>
0x002F27F0|BSSimpleArray<PathSmoother::BoundsEdge *>::BoundsEdge *>
0x002F2810|BSScrapArray<PathSmoother::BoundsEdge *>::BoundsEdge *>
0x002F2B30|BSScrapArray<PathingLocation>::BSScrapArray<PathingLocation>
0x002F2BB0|BSScrapArray<PathingLocation>::BSScrapArray<PathingLocation>
0x002F2CA0|BSScrapArray<bool,1024>::BSScrapArray<bool,1024>
0x002F2D80|BSScrapArray<PathSmoother::AvoidNode>::AvoidNode>
0x002F2E00|BSSimpleArray<PathSmoother::AvoidNode>::AvoidNode>
0x002F2E40|BSScrapArray<PathSmoother::AvoidNode>::AvoidNode>
0x002F30E0|BSSimpleArray<PathSmoother::PathEdge *>::PathEdge *>
0x002F3110|BSSimpleArray<PathSmoother::UniqueVert *>::UniqueVert *>
0x002F3140|BSSimpleArray<PathSmoother::BoundsEdge *>::BoundsEdge *>
0x002F31C0|BSSimpleArray<PathSmoother::AvoidNode>::AvoidNode>
0x002F3460|TeleportDoorSearch::TeleportDoorSearch
0x002F3BD0|AStarSearch<ParentSpaceNode>::AStarSearch<ParentSpaceNode>
0x002F3C80|AStarSearch<ParentSpaceNode>::AStarSearch<ParentSpaceNode>
0x002F4640|?$BSSimpleArray@PAV?$AStarNode@UParentSpaceNode::?$BSSimpleArray@PAV?$AStarNode@UParentSpaceNode
0x002F4690|?$BSScrapArray@PAV?$AStarNode@UParentSpaceNode::?$BSScrapArray@PAV?$AStarNode@UParentSpaceNode
0x002F4880|?$BSSimpleArray@PAV?$AStarNode@UParentSpaceNode::?$BSSimpleArray@PAV?$AStarNode@UParentSpaceNode
0x002F4B10|BSSimpleArray<ParentSpaceNode>::BSSimpleArray<ParentSpaceNode>
0x002F4B40|BSSimpleArray<ParentSpaceNode>::BSSimpleArray<ParentSpaceNode>
0x002F4B60|BSSimpleArray<TeleportLink>::BSSimpleArray<TeleportLink>
0x002F4B90|BSSimpleArray<TeleportLink>::BSSimpleArray<TeleportLink>
0x002F6D10|BGSDistantObjectBlockLoadTask::BGSDistantObjectBlockLoadTask
0x002F6FE0|BGSDistantObjectBlockLoadTask::BGSDistantObjectBlockLoadTask
0x002F9360|BGSDistantTreeBlockLoadTask::BGSDistantTreeBlockLoadTask
0x002F94A0|BGSDistantTreeBlockLoadTask::BGSDistantTreeBlockLoadTask
0x002F9680|BSMap<unsigned int,BGSDistantTreeBlock::InstanceData *>::InstanceData *>
0x002F96B0|BSMap<unsigned int,BGSDistantTreeBlock::TreeGroup *>::TreeGroup *>
0x002F9740|BSSimpleArray<BGSDistantTreeBlock::InstanceData>::InstanceData>
0x002F9770|BSSimpleArray<BGSDistantTreeBlock::InstanceData>::InstanceData>
0x002F9870|BSSimpleArray<BGSDistantTreeBlock::TreeGroup *>::TreeGroup *>
0x002F98A0|BSSimpleArray<BGSDistantTreeBlock::TreeGroup *>::TreeGroup *>
0x002F98C0|BSMapBase<unsigned int,BGSDistantTreeBlock::InstanceData *>::InstanceData *>
0x002F99A0|BSMapBase<unsigned int,BGSDistantTreeBlock::InstanceData *>::InstanceData *>
0x002F9A00|BSMapBase<unsigned int,BGSDistantTreeBlock::TreeGroup *>::TreeGroup *>
0x002F9BE0|BSMapBase<unsigned int,BGSDistantTreeBlock::TreeGroup *>::TreeGroup *>
0x002FA100|BSSimpleArray<BGSDistantTreeBlock::TreeType>::TreeType>
0x002FA160|BSSimpleArray<BGSDistantTreeBlock::TreeType>::TreeType>
0x002FB980|BGSTerrainChunkLoadTask::BGSTerrainChunkLoadTask
0x002FBB10|BGSTerrainChunkLoadTask::BGSTerrainChunkLoadTask
0x002FF920|CCallback<Steam>::CCallback<Steam>
0x002FF970|CCallbackBase::CCallbackBase
0x002FF9A0|CCallback<Steam>::CCallback<Steam>
0x002FF9F0|CCallback<Steam>::CCallback<Steam>
0x002FFA40|CCallback<Steam>::CCallback<Steam>
0x002FFA70|CCallback<Steam>::CCallback<Steam>
0x002FFAC0|CCallback<Steam>::CCallback<Steam>
0x00300480|NiTPrimitiveArray<BGSMenuPacker::PackedMenu *>::PackedMenu *>
0x00300500|NiTArray<BGSMenuPacker::PackedMenu *>::PackedMenu *>
0x00300560|NiTArray<BGSMenuPacker::PackedMenu *>::PackedMenu *>
0x00305FE0|FORenderedTerminal::FORenderedTerminal
0x00309810|TileMenu::TileMenu
0x00309840|TileRect::TileRect
0x00309860|Tile::Tile
0x003099B0|TileRect::TileRect
0x00309E80|BSSimpleArray<Tile::Value *>::Value *>
0x00309EB0|BSSimpleArray<Tile::Value *>::Value *>
0x00309F00|SettingT<INIPrefSettingCollection>::SettingT<INIPrefSettingCollection>
0x0030B5D0|TileImage::TileImage
0x0030B6C0|TileImage::TileImage
0x0031F240|TutorialMenu::TutorialMenu
0x0031F340|StatsMenu::StatsMenu
0x0031F570|StatsMenu::NamedEffectsList::NamedEffectsList
0x0031F600|StatsMenu::StatusEffectList::StatusEffectList
0x0031F700|StatsMenu::StatsMenu
0x0031FA80|TextEditMenu::TextEditMenu
0x0031FB60|TextEditMenu::TextEditMenu
0x0031FBF0|SurgeryMenu::SurgeryMenu
0x00321150|ListBox<enum ActorValue::Index>::Index>
0x00321920|ListBox<PerkRankData *>::ListBox<PerkRankData *>
0x003220D0|ListBox<enum MiscStatManager::MiscStatID>::MiscStatID>
0x00323070|ListBox<TESReputation *>::ListBox<TESReputation *>
0x00323F00|BSSimpleArray<SPECIALBookMenu::SpecialBookTextItem *>::SpecialBookTextItem *>
0x00323F50|BSSimpleArray<SPECIALBookMenu::SpecialBookButton *>::SpecialBookButton *>
0x00323F80|BSSimpleArray<SPECIALBookMenu::SpecialBookButton *>::SpecialBookButton *>
0x00323FA0|BSSimpleArray<LoveTesterMenu::LoveTesterTextItem *>::LoveTesterTextItem *>
0x00323FD0|BSSimpleArray<LoveTesterMenu::LoveTesterTextItem *>::LoveTesterTextItem *>
0x00323FF0|BSSimpleArray<LoveTesterMenu::LoveTesterLightBulbGlows *>::LoveTesterLightBulbGlows *>
0x00324020|BSSimpleArray<LoveTesterMenu::LoveTesterLightBulbGlows *>::LoveTesterLightBulbGlows *>
0x00324040|BSSimpleArray<LoveTesterMenu::LoveTesterButton *>::LoveTesterButton *>
0x00324070|BSSimpleArray<LoveTesterMenu::LoveTesterButton *>::LoveTesterButton *>
0x003240C0|ListBoxBase::ListBoxBase
0x00326DF0|RecipeMenu::RecipeMenu
0x00326F50|RecipeMenu::RecipeMenu
0x00329A70|ListBox<TESRecipe *>::ListBox<TESRecipe *>
0x0033B7E0|CaravanMenu::CaravanMenu
0x0033BBA0|CaravanMenu::CaravanMenu
0x00353210|BSSimpleArray<CaravanAIPackage *>::BSSimpleArray<CaravanAIPackage *>
0x00353230|CharGenMenu::CharGenMenu
0x003533B0|CharGenMenu::CharGenMenu
0x00354B40|CompanionWheelMenu::CompanionWheelMenu
0x00354C60|CompanionWheelMenu::CompanionWheelMenu
0x00357A50|ComputersMenu::ComputersMenu
0x0035A060|ListBox<TERMINAL_MENU_ITEM *>::ListBox<TERMINAL_MENU_ITEM *>
0x0035B0D0|ContainerMenu::ContainerMenu
0x0035B270|ContainerMenu::ContainerMenu
0x0035F070|CreditsMenu::CreditsMenu
0x00361470|BSSimpleArray<NiFixedString>::BSSimpleArray<NiFixedString>
0x003614A0|BSSimpleArray<NiFixedString>::BSSimpleArray<NiFixedString>
0x003617A0|DialogMenu::DialogMenu
0x00361960|DialogMenu::DialogMenu
0x003643C0|ListBox<int>::ListBox<int>
0x003658E0|HackingMenu::HackingMenu
0x0036BB40|HUDMainMenu::HUDMainMenu
0x0036BE30|HUDMainMenu::HUDMainMenu
0x0037F970|BSSimpleArray<HUDMainMenu::SubtitleData *>::SubtitleData *>
0x0037F9A0|BSSimpleArray<HUDMainMenu::SubtitleData *>::SubtitleData *>
0x0037FA00|InventoryMenu::InventoryMenu
0x0037FB80|InventoryMenu::InventoryMenu
0x00383310|ItemModMenu::ItemModMenu
0x00383650|ItemModMenu::ItemModMenu
0x00384A40|LevelUpMenu::LevelUpMenu
0x00384BF0|LevelUpMenu::LevelUpMenu
0x00386C80|ListBox<BGSPerk *>::ListBox<BGSPerk *>
0x00388300|BSSimpleArray<EffectItemData>::BSSimpleArray<EffectItemData>
0x00388390|BSSimpleArray<EffectItemData>::BSSimpleArray<EffectItemData>
0x00388440|LoadingMenu::LoadingMenu
0x003887A0|LoadingMenu::LoadingMenu
0x0038D2F0|LoadingMenuThread::LoadingMenuThread
0x0038D420|LoadingMenuThread::LoadingMenuThread
0x00396740|MapMenu::MapMenu
0x00396A80|MapMenu::MapMenu
0x003A1A70|BSSimpleArray<BSStringT<char> >::BSSimpleArray<BSStringT<char> >
0x003A1AA0|BSSimpleArray<BSStringT<char> >::BSSimpleArray<BSStringT<char> >
0x003A4470|ListBox<BGSQuestObjective *>::ListBox<BGSQuestObjective *>
0x003A51C0|ListBox<TESChallenge *>::ListBox<TESChallenge *>
0x003A8A10|MessageMenu::MessageMenu
0x003A8B10|MessageMenu::MessageMenu
0x003AB590|BSSimpleArray<MessageMenu::MessageMenuEntry *>::MessageMenuEntry *>
0x003AB5F0|BSSimpleArray<MessageMenu::MessageMenuEntry *>::MessageMenuEntry *>
0x003AB670|BSSimpleArray<MessageMenu::PerkActivation *>::PerkActivation *>
0x003AB690|PlayerNameEntryMenu::PlayerNameEntryMenu
0x003AB7A0|PlayerNameEntryMenu::PlayerNameEntryMenu
0x003AC1F0|RaceSexMenu::RaceSexMenu
0x003AC9F0|FORenderedMenuRaceSex::FORenderedMenuRaceSex
0x003B5400|RepairMenu::RepairMenu
0x003B7400|RepairServicesMenu::RepairServicesMenu
0x003B8D30|RouletteMenu::RouletteMenu
0x003BFB30|SleepWaitMenu::SleepWaitMenu
0x003C06F0|SlotMachineMenu::SlotMachineMenu
0x003C0870|SlotMachineMenu::SlotMachineMenu
0x003CB330|StartMenu::StartMenu
0x003CB540|StartMenu::OptionListBox::OptionListBox
0x003CB5B0|StartMenu::StartMenu
0x003CE690|StartMenu::Option::Option
0x003D6350|StartMenu::UserOption::UserOption
0x003D6F80|ListBox<StartMenu::Option *>::Option *>
0x003D7D30|ListBox<BGSSaveLoadFileEntry *>::ListBox<BGSSaveLoadFileEntry *>
0x003D9F90|BSSimpleArray<StartMenu::Option *>::Option *>
0x003D9FF0|BSSimpleArray<StartMenu::Option *>::Option *>
0x003DA010|BSSimpleArray<StartMenu::UserOption *>::UserOption *>
0x003DA070|BSSimpleArray<StartMenu::UserOption *>::UserOption *>
0x003DA090|BSSimpleArray<StartMenu::VideoRes>::VideoRes>
0x003DA0F0|BSSimpleArray<StartMenu::VideoRes>::VideoRes>
0x003E6780|TraitMenu::TraitMenu
0x003E6910|TraitMenu::TraitMenu
0x003E7A80|TraitSelectMenu::TraitSelectMenu
0x003E9130|VATSMenu::VATSMenu
0x003F7A70|FOPipboyManager::FOPipboyManager
0x003F7CE0|FOPipboyManager::FOPipboyManager
0x003FAA20|FORenderedMenu::FORenderedMenu
0x003FAD10|FORenderedMenu::FORenderedMenu
0x003FED10|FORenderedMenuRaceSex::FORenderedMenuRaceSex
0x00402B20|NiTMap<unsigned int,IDebugTextPage *>::NiTMap<unsigned int,IDebugTextPage *>
0x00402B80|?$NiTMapBase@V?$DFALL@V?$NiTMapItem@IPAVIDebugTextPage::?$NiTMapBase@V?$DFALL@V?$NiTMapItem@IPAVIDebugTextPage
0x00402C50|?$NiTMapBase@V?$DFALL@V?$NiTMapItem@IPAVIDebugTextPage::?$NiTMapBase@V?$DFALL@V?$NiTMapItem@IPAVIDebugTextPage
0x00402CB0|AbsorbEffect::AbsorbEffect
0x00402E20|AbsorbEffect::AbsorbEffect
0x00403ED0|ActiveEffect::ActiveEffect
0x00406C20|AssociatedItemEffect::AssociatedItemEffect
0x00407790|bhkTelekinesisListener::bhkTelekinesisListener
0x00407E10|BoundItemEffect::BoundItemEffect
0x00407EE0|BoundItemEffect::BoundItemEffect
0x0040A900|CalmEffect::CalmEffect
0x0040ACF0|ChameleonEffect::ChameleonEffect
0x0040B370|CommandCreatureEffect::CommandCreatureEffect
0x0040B560|CommandEffect::CommandEffect
0x0040BA90|CommandHumanoidEffect::CommandHumanoidEffect
0x0040BC70|ConcussionEffect::ConcussionEffect
0x0040C070|CureEffect::CureEffect
0x0040C0B0|CureEffect::CureEffect
0x0040C460|DarknessEffect::DarknessEffect
0x0040C890|DemoralizeEffect::DemoralizeEffect
0x0040CD30|DetectLifeEffect::DetectLifeEffect
0x0040CD90|DetectLifeEffect::DetectLifeEffect
0x0040D210|DisintegrateArmorEffect::DisintegrateArmorEffect
0x0040D6B0|DisintegrateWeaponEffect::DisintegrateWeaponEffect
0x0040D900|DispelEffect::DispelEffect
0x0040DBB0|FrenzyEffect::FrenzyEffect
0x0040E030|InvisibilityEffect::InvisibilityEffect
0x0040E610|LightEffect::LightEffect
0x0040F390|LockEffect::LockEffect
0x0040F6E0|MagicBallProjectile::MagicBallProjectile
0x0040FB30|MagicBallProjectile::MagicBallProjectile
0x004117D0|MagicBoltProjectile::MagicBoltProjectile
0x00411E10|MagicBoltProjectile::MagicBoltProjectile
0x00415300|MagicCaster::MagicCaster
0x004153B0|MagicCaster::MagicCaster
0x004192A0|MagicFogProjectile::MagicFogProjectile
0x004196E0|MagicFogProjectile::MagicFogProjectile
0x0041B650|MagicHitEffect::MagicHitEffect
0x0041B700|MagicHitEffect::MagicHitEffect
0x0041B7B0|MagicHitEffect::MagicHitEffect
0x0041C530|MagicModelHitEffect::MagicModelHitEffect
0x0041C630|MagicModelHitEffect::MagicModelHitEffect
0x0041C720|MagicModelHitEffect::MagicModelHitEffect
0x0041DBB0|MagicProjectile::MagicProjectile
0x0041DD00|MagicProjectile::MagicProjectile
0x0041DE70|MagicProjectile::MagicProjectile
0x0041F220|MagicShaderHitEffect::MagicShaderHitEffect
0x0041F350|MagicShaderHitEffect::MagicShaderHitEffect
0x0041F580|MagicShaderHitEffect::MagicShaderHitEffect
0x0041F770|MagicShaderHitEffect::MagicShaderHitEffect
0x00422530|?$BSSimpleArray@V?$NiPointer@VParticleShaderProperty::?$BSSimpleArray@V?$NiPointer@VParticleShaderProperty
0x00422560|?$BSSimpleArray@V?$NiPointer@VParticleShaderProperty::?$BSSimpleArray@V?$NiPointer@VParticleShaderProperty
0x00422580|?$BSSimpleArray@V?$NiPointer@VNiAVObject::?$BSSimpleArray@V?$NiPointer@VNiAVObject
0x004225B0|?$BSSimpleArray@V?$NiPointer@VNiAVObject::?$BSSimpleArray@V?$NiPointer@VNiAVObject
0x00422600|BSSimpleArray<char *,1024>::BSSimpleArray<char *,1024>
0x00422630|BSSimpleArray<char *,1024>::BSSimpleArray<char *,1024>
0x00422920|MagicSprayProjectile::MagicSprayProjectile
0x00422A40|MagicTarget::MagicTarget
0x00422A80|MagicTarget::MagicTarget
0x00425710|NightEyeEffect::NightEyeEffect
0x00425A10|NonActorMagicCaster::NonActorMagicCaster
0x00425AD0|NonActorMagicCaster::NonActorMagicCaster
0x00425B60|NonActorMagicCaster::NonActorMagicCaster
0x00425EA0|NonActorMagicTarget::NonActorMagicTarget
0x00425FD0|NonActorMagicTarget::NonActorMagicTarget
0x004260B0|OpenEffect::OpenEffect
0x004262E0|ParalysisEffect::ParalysisEffect
0x004265B0|ReanimateEffect::ReanimateEffect
0x00427740|ScriptEffect::ScriptEffect
0x004277F0|ScriptEffect::ScriptEffect
0x00427F20|ShieldEffect::ShieldEffect
0x00428470|SummonCreatureEffect::SummonCreatureEffect
0x00429A70|SunDamageEffect::SunDamageEffect
0x0042A460|TelekinesisEffect::TelekinesisEffect
0x0042B370|TurnUndeadEffect::TurnUndeadEffect
0x0042BA60|ValueModifierEffect::ValueModifierEffect
0x0042CF80|VampirismEffect::VampirismEffect
0x0042EE80|NiTPointerMap<unsigned int,BSSoundHandle *>::NiTPointerMap<unsigned int,BSSoundHandle *>
0x0042EEE0|NiTMapBase<NiTPointerAllocator<unsigned int> >::NiTMapBase<NiTPointerAllocator<unsigned int> >
0x0042EFB0|NiTMapBase<NiTPointerAllocator<unsigned int> >::NiTMapBase<NiTPointerAllocator<unsigned int> >
0x0042F010|CBSAStream::CBSAStream
0x0042F140|CAsyncStream::CAsyncStream
0x0042F240|CAsyncStream::CAsyncStream
0x0042F260|CBSAStream::CBSAStream
0x0042F610|`anonymous namespace'::FAMThread::FAMThread
0x0042F6C0|`anonymous namespace'::FAMThread::FAMThread
0x00431E20|CBSAReader::CBSAReader
0x00431FB0|CBSAReader::CBSAReader
0x004372C0|RadioConvTask::RadioConvTask
0x0043B5E0|NiTPointerMap<int,unsigned int>::NiTPointerMap<int,unsigned int>
0x0043B640|NiTMapBase<NiTPointerAllocator<unsigned int> >::NiTMapBase<NiTPointerAllocator<unsigned int> >
0x0043B710|NiTMapBase<NiTPointerAllocator<unsigned int> >::NiTMapBase<NiTPointerAllocator<unsigned int> >
0x00441190|BGSReconstructFormsMap::BGSReconstructFormsMap
0x00441340|BGSReconstructCellsMap::BGSReconstructCellsMap
0x004413A0|BGSReconstructCellsMap::BGSReconstructCellsMap
0x00441720|BGSReconstructCellSubBlocksMap::BGSReconstructCellSubBlocksMap
0x004419F0|BGSReconstructCellBlocksMap::BGSReconstructCellBlocksMap
0x00441A60|BGSReconstructCellBlocksMap::BGSReconstructCellBlocksMap
0x00441EA0|BGSReconstructWorldSpacesMap::BGSReconstructWorldSpacesMap
0x00441F00|BGSReconstructWorldSpacesMap::BGSReconstructWorldSpacesMap
0x00442180|BGSReconstructFormsInFileMap::BGSReconstructFormsInFileMap
0x004421F0|BGSReconstructFormsInFileMap::BGSReconstructFormsInFileMap
0x00443190|BGSOffsetDataArray::BGSOffsetDataArray
0x00444040|NiTMap<unsigned int,ReconstructFormData>::NiTMap<unsigned int,ReconstructFormData>
0x004440A0|NiTMap<unsigned int,BGSReconstructCellsMap *>::NiTMap<unsigned int,BGSReconstructCellsMap *>
0x004440D0|NiTMap<unsigned int,BGSReconstructCellSubBlocksMap *>::NiTMap<unsigned int,BGSReconstructCellSubBlocksMap *>
0x00444100|NiTMap<unsigned int,BGSReconstructCellBlocksMap *>::NiTMap<unsigned int,BGSReconstructCellBlocksMap *>
0x00444130|NiTMap<TESFile *>::NiTMap<TESFile *>
0x004442A0|?$NiTMapBase@V?$DFALL@V?$NiTMapItem@IUReconstructFormData::?$NiTMapBase@V?$DFALL@V?$NiTMapItem@IUReconstructFormData
0x004444D0|?$NiTMapBase@V?$DFALL@V?$NiTMapItem@IUReconstructFormData::?$NiTMapBase@V?$DFALL@V?$NiTMapItem@IUReconstructFormData
0x00444590|?$NiTMapBase@V?$DFALL@V?$NiTMapItem@IPAVBGSReconstructFormsMap::?$NiTMapBase@V?$DFALL@V?$NiTMapItem@IPAVBGSReconstructFormsMap
0x00444660|?$NiTMapBase@V?$DFALL@V?$NiTMapItem@IPAVBGSReconstructFormsMap::?$NiTMapBase@V?$DFALL@V?$NiTMapItem@IPAVBGSReconstructFormsMap
0x00444690|?$NiTMapBase@V?$DFALL@V?$NiTMapItem@IPAVBGSReconstructCellsMap::?$NiTMapBase@V?$DFALL@V?$NiTMapItem@IPAVBGSReconstructCellsMap
0x00444840|?$NiTMapBase@V?$DFALL@V?$NiTMapItem@IPAVBGSReconstructCellsMap::?$NiTMapBase@V?$DFALL@V?$NiTMapItem@IPAVBGSReconstructCellsMap
0x00444870|?$NiTMapBase@V?$DFALL@V?$NiTMapItem@IPAVBGSReconstructCellSubBlocksMap::?$NiTMapBase@V?$DFALL@V?$NiTMapItem@IPAVBGSReconstructCellSubBlocksMap
0x00444940|?$NiTMapBase@V?$DFALL@V?$NiTMapItem@IPAVBGSReconstructCellSubBlocksMap::?$NiTMapBase@V?$DFALL@V?$NiTMapItem@IPAVBGSReconstructCellSubBlocksMap
0x00444970|?$NiTMapBase@V?$DFALL@V?$NiTMapItem@IPAVBGSReconstructCellBlocksMap::?$NiTMapBase@V?$DFALL@V?$NiTMapItem@IPAVBGSReconstructCellBlocksMap
0x00444A40|?$NiTMapBase@V?$DFALL@V?$NiTMapItem@IPAVBGSReconstructCellBlocksMap::?$NiTMapBase@V?$DFALL@V?$NiTMapItem@IPAVBGSReconstructCellBlocksMap
0x00444A90|BSSimpleArray<ReconstructFormData>::BSSimpleArray<ReconstructFormData>
0x00444AC0|BSSimpleArray<ReconstructFormData>::BSSimpleArray<ReconstructFormData>
0x00444DB0|?$NiTMapBase@V?$DFALL@V?$NiTMapItem@PAVTESFile::?$NiTMapBase@V?$DFALL@V?$NiTMapItem@PAVTESFile
0x00444E80|?$NiTMapBase@V?$DFALL@V?$NiTMapItem@PAVTESFile::?$NiTMapBase@V?$DFALL@V?$NiTMapItem@PAVTESFile
0x00444F00|BSScrapArray<OffsetData>::BSScrapArray<OffsetData>
0x00444FA0|BSSimpleArray<OffsetData>::BSSimpleArray<OffsetData>
0x00444FF0|BSScrapArray<OffsetData>::BSScrapArray<OffsetData>
0x00445430|BSSimpleArray<OffsetData>::BSSimpleArray<OffsetData>
0x00445550|BGSSaveLoadChangesMap::BGSSaveLoadChangesMap
0x00445B30|NiTPointerMap<unsigned int,BGSFormChanges *>::NiTPointerMap<unsigned int,BGSFormChanges *>
0x00445B90|NiTMapBase<NiTPointerAllocator<unsigned int> >::NiTMapBase<NiTPointerAllocator<unsigned int> >
0x0044B4B0|NiTMap<unsigned int,Actor *>::NiTMap<unsigned int,Actor *>
0x0044B4E0|NiTMap<__int64,int>::NiTMap<__int64,int>
0x0044B570|BSSimpleArray<BGSLoadFormBuffer *>::BSSimpleArray<BGSLoadFormBuffer *>
0x0044B5A0|BSSimpleArray<BGSLoadFormBuffer *>::BSSimpleArray<BGSLoadFormBuffer *>
0x0044B650|?$NiTMapBase@V?$DFALL@V?$NiTMapItem@IPAVActor::?$NiTMapBase@V?$DFALL@V?$NiTMapItem@IPAVActor
0x0044B720|?$NiTMapBase@V?$DFALL@V?$NiTMapItem@IPAVActor::?$NiTMapBase@V?$DFALL@V?$NiTMapItem@IPAVActor
0x0044B750|?$NiTMapBase@V?$DFALL@V?$NiTMapItem@_JH::?$NiTMapBase@V?$DFALL@V?$NiTMapItem@_JH
0x0044BA20|?$NiTMapBase@V?$DFALL@V?$NiTMapItem@_JH::?$NiTMapBase@V?$DFALL@V?$NiTMapItem@_JH
0x0044D2A0|?$NiTMapBase@V?$DFALL@V?$NiTMapItem@PAVTESGlobal::?$NiTMapBase@V?$DFALL@V?$NiTMapItem@PAVTESGlobal
0x0044D450|?$NiTMapBase@V?$DFALL@V?$NiTMapItem@PAVTESGlobal::?$NiTMapBase@V?$DFALL@V?$NiTMapItem@PAVTESGlobal
0x00452810|BGSCellNumericIDArrayMap::BGSCellNumericIDArrayMap
0x00452FA0|?$NiTMap@IPAV?$BSSimpleArray@I$0EAA::?$NiTMap@IPAV?$BSSimpleArray@I$0EAA
0x00452FD0|NiTPointerMap<unsigned int,unsigned int>::NiTPointerMap<unsigned int,unsigned int>
0x00453000|NiTPointerMap<unsigned int,BGSCellNumericIDArrayMap *>::NiTPointerMap<unsigned int,BGSCellNumericIDArrayMap *>
0x004530C0|?$NiTMapBase@V?$DFALL@V?$NiTMapItem@IPAV?$BSSimpleArray@I$0EAA::?$NiTMapBase@V?$DFALL@V?$NiTMapItem@IPAV?$BSSimpleArray@I$0EAA
0x00453210|?$NiTMapBase@V?$DFALL@V?$NiTMapItem@IPAV?$BSSimpleArray@I$0EAA::?$NiTMapBase@V?$DFALL@V?$NiTMapItem@IPAV?$BSSimpleArray@I$0EAA
0x00453270|NiTMapBase<NiTPointerAllocator<unsigned int> >::NiTMapBase<NiTPointerAllocator<unsigned int> >
0x00453340|NiTMapBase<NiTPointerAllocator<unsigned int> >::NiTMapBase<NiTPointerAllocator<unsigned int> >
0x00453370|NiTMapBase<NiTPointerAllocator<unsigned int> >::NiTMapBase<NiTPointerAllocator<unsigned int> >
0x00453440|NiTMapBase<NiTPointerAllocator<unsigned int> >::NiTMapBase<NiTPointerAllocator<unsigned int> >
0x00453810|BGSSaveLoadStatsMap::BGSSaveLoadStatsMap
0x004538B0|BGSSaveLoadStatsMap::BGSSaveLoadStatsMap
0x00454C80|NiTMap<enum ENUM_FORM_ID>::NiTMap<enum ENUM_FORM_ID>
0x00454DB0|?$NiTMapBase@V?$DFALL@V?$NiTMapItem@W4ENUM_FORM_ID::?$NiTMapBase@V?$DFALL@V?$NiTMapItem@W4ENUM_FORM_ID
0x00454EA0|ChangesMap::ChangesMap
0x004552B0|InteriorCellNewReferencesMap::InteriorCellNewReferencesMap
0x00455310|InteriorCellNewReferencesMap::InteriorCellNewReferencesMap
0x004553E0|ExteriorCellNewReferencesMap::ExteriorCellNewReferencesMap
0x00455440|ExteriorCellNewReferencesMap::ExteriorCellNewReferencesMap
0x00455550|NumericIDBufferMap::NumericIDBufferMap
0x004555B0|NumericIDBufferMap::NumericIDBufferMap
0x00463360|NiTPointerMap<unsigned int,ChangeData *>::NiTPointerMap<unsigned int,ChangeData *>
0x00463390|NiTPointerMap<unsigned int,BSSimpleList<unsigned int> *>::NiTPointerMap<unsigned int,BSSimpleList<unsigned int> *>
0x004633C0|?$NiTPointerMap@IPAV?$BSSimpleList@PAUExteriorCellReferenceData::?$NiTPointerMap@IPAV?$BSSimpleList@PAUExteriorCellReferenceData
0x004633F0|NiTPointerMap<unsigned int,void *>::NiTPointerMap<unsigned int,void *>
0x00463420|?$NiTPointerMap@EPAV?$BSSimpleList@PAULoadFormHeader::?$NiTPointerMap@EPAV?$BSSimpleList@PAULoadFormHeader
0x00463450|?$NiTMap@IPAV?$BSSimpleList@PAUExpiredCellData::?$NiTMap@IPAV?$BSSimpleList@PAUExpiredCellData
0x004635A0|NiTLargePrimitiveArray<unsigned int>::NiTLargePrimitiveArray<unsigned int>
0x004635D0|NiTMapBase<NiTPointerAllocator<unsigned int> >::NiTMapBase<NiTPointerAllocator<unsigned int> >
0x004636A0|NiTMapBase<NiTPointerAllocator<unsigned int> >::NiTMapBase<NiTPointerAllocator<unsigned int> >
0x004636D0|NiTMapBase<NiTPointerAllocator<unsigned int> >::NiTMapBase<NiTPointerAllocator<unsigned int> >
0x004637A0|NiTMapBase<NiTPointerAllocator<unsigned int> >::NiTMapBase<NiTPointerAllocator<unsigned int> >
0x004637D0|NiTMapBase<NiTPointerAllocator<unsigned int> >::NiTMapBase<NiTPointerAllocator<unsigned int> >
0x004638C0|NiTMapBase<NiTPointerAllocator<unsigned int> >::NiTMapBase<NiTPointerAllocator<unsigned int> >
0x004638F0|NiTMapBase<NiTPointerAllocator<unsigned int> >::NiTMapBase<NiTPointerAllocator<unsigned int> >
0x004639C0|NiTMapBase<NiTPointerAllocator<unsigned int> >::NiTMapBase<NiTPointerAllocator<unsigned int> >
0x004639F0|NiTMapBase<NiTPointerAllocator<unsigned int> >::NiTMapBase<NiTPointerAllocator<unsigned int> >
0x00463D30|NiTMapBase<NiTPointerAllocator<unsigned int> >::NiTMapBase<NiTPointerAllocator<unsigned int> >
0x00463D60|NiTLargeArray<FormAndFlags *>::NiTLargeArray<FormAndFlags *>
0x00463E00|NiTLargePrimitiveArray<FormAndFlags *>::NiTLargePrimitiveArray<FormAndFlags *>
0x00463E30|?$NiTMapBase@V?$DFALL@V?$NiTMapItem@IPAV?$BSSimpleList@PAUExpiredCellData::?$NiTMapBase@V?$DFALL@V?$NiTMapItem@IPAV?$BSSimpleList@PAUExpiredCellData
0x00463F00|?$NiTMapBase@V?$DFALL@V?$NiTMapItem@IPAV?$BSSimpleList@PAUExpiredCellData::?$NiTMapBase@V?$DFALL@V?$NiTMapItem@IPAV?$BSSimpleList@PAUExpiredCellData
0x00464100|NiTLargeArray<unsigned int,NiTMallocInterface<unsigned int> >::NiTLargeArray<unsigned int,NiTMallocInterface<unsigned int> >
0x00464160|NiTLargeArray<unsigned int,NiTMallocInterface<unsigned int> >::NiTLargeArray<unsigned int,NiTMallocInterface<unsigned int> >
0x004641D0|NiTLargeArray<FormAndFlags *>::NiTLargeArray<FormAndFlags *>
0x004643B0|BGSLoadFormBuffer::BGSLoadFormBuffer
0x004646B0|BGSLoadGameBuffer::BGSLoadGameBuffer
0x004646F0|BGSLoadGameBuffer::BGSLoadGameBuffer
0x00465660|NiTMap<TESForm *>::NiTMap<TESForm *>
0x004656C0|?$NiTMapBase@V?$DFALL@V?$NiTMapItem@PAVTESForm::?$NiTMapBase@V?$DFALL@V?$NiTMapItem@PAVTESForm
0x00465840|?$NiTMapBase@V?$DFALL@V?$NiTMapItem@PAVTESForm::?$NiTMapBase@V?$DFALL@V?$NiTMapItem@PAVTESForm
0x00465BD0|BGSSaveGameBuffer::BGSSaveGameBuffer
0x00465C10|BGSSaveGameBuffer::BGSSaveGameBuffer
0x004670E0|BGSMoviePlayer::BGSMoviePlayer
0x00467180|BGSMoviePlayer::BGSMoviePlayer
0x004699C0|NiTObjectArray<TESObjectREFR *>::NiTObjectArray<TESObjectREFR *>
0x00469A40|NiTArray<TESObjectREFR *>::NiTArray<TESObjectREFR *>
0x00469B10|NiTObjectArray<BipedAnim *>::NiTObjectArray<BipedAnim *>
0x00469B90|NiTArray<BipedAnim *>::NiTArray<BipedAnim *>
0x00469BF0|NiTArray<BipedAnim *>::NiTArray<BipedAnim *>
0x00469C60|NiTObjectArray<Animation *>::NiTObjectArray<Animation *>
0x00469CE0|NiTArray<Animation *>::NiTArray<Animation *>
0x00469D40|NiTArray<Animation *>::NiTArray<Animation *>
0x00469DB0|?$NiTObjectArray@V?$NiPointer@VBSTempEffect::?$NiTObjectArray@V?$NiPointer@VBSTempEffect
0x00469E30|?$NiTArray@V?$NiPointer@VBSTempEffect::?$NiTArray@V?$NiPointer@VBSTempEffect
0x00469E90|?$NiTArray@V?$NiPointer@VBSTempEffect::?$NiTArray@V?$NiPointer@VBSTempEffect
0x00469F00|BSSimpleArray<NavMesh *>::BSSimpleArray<NavMesh *>
0x00472E00|HighActorCuller::HighActorCuller
0x00472EA0|BSFadeNodeCuller::BSFadeNodeCuller
0x004779F0|RegSettingCollection::RegSettingCollection
0x00477A80|BSTCommonScrapHeapMessageQueue<BSPackedTask>::BSTCommonScrapHeapMessageQueue<BSPackedTask>
0x00477AC0|BSTCommonScrapHeapMessageQueue<BSPackedTask>::BSTCommonScrapHeapMessageQueue<BSPackedTask>
0x00477B40|BSTCommonMessageQueue<BSPackedTask>::BSTCommonMessageQueue<BSPackedTask>
0x00477B60|BSTMessageQueue<BSPackedTask>::BSTMessageQueue<BSPackedTask>
0x00477D80|BSTCommonMessageQueue<BSPackedTask>::BSTCommonMessageQueue<BSPackedTask>
0x00477DF0|BSTMessageQueue<BSPackedTask>::BSTMessageQueue<BSPackedTask>
0x00477F10|SettingT<RegSettingCollection>::SettingT<RegSettingCollection>
0x00477FC0|SettingT<RegSettingCollection>::SettingT<RegSettingCollection>
0x004783C0|MemoryManagerFile::MemoryManagerFile
0x00478430|IMemoryManagerFile::IMemoryManagerFile
0x004784B0|IMemoryManagerFile::IMemoryManagerFile
0x00478610|SceneGraph::SceneGraph
0x00478690|SceneGraph::SceneGraph
0x00479940|SeenData::SeenData
0x004799A0|SeenData::SeenData
0x0047A100|IntSeenData::IntSeenData
0x0047A170|IntSeenData::IntSeenData
0x0047D1B0|?$BSScrapArray@V?$NiPointer@VNiAVObject::?$BSScrapArray@V?$NiPointer@VNiAVObject
0x0047D230|?$BSScrapArray@V?$NiPointer@VNiAVObject::?$BSScrapArray@V?$NiPointer@VNiAVObject
0x0047D2C0|BSSimpleArray<ActorHavokSyncData>::BSSimpleArray<ActorHavokSyncData>
0x0047D320|BSSimpleArray<ActorHavokSyncData>::BSSimpleArray<ActorHavokSyncData>
0x0047D420|?$BSSimpleArray@V?$NiPointer@VNiNode::?$BSSimpleArray@V?$NiPointer@VNiNode
0x0047D480|?$BSSimpleArray@V?$NiPointer@VNiNode::?$BSSimpleArray@V?$NiPointer@VNiNode
0x0047D4A0|Actor::Actor
0x0047D860|CachedValuesOwner::CachedValuesOwner
0x0047DCB0|Actor::Actor
0x004AFF30|bhkFilteredCdBodyCollector::bhkFilteredCdBodyCollector
0x004C1C00|BSSimpleArray<Actor *>::BSSimpleArray<Actor *>
0x004C1CB0|BSSimpleArray<Actor *>::BSSimpleArray<Actor *>
0x004C7630|AILinearTaskThread::AILinearTaskThread
0x004C76A0|BSLinearTaskThread::BSLinearTaskThread
0x004C82A0|DetectionTaskData::DetectionTaskData
0x004C8430|DetectionTaskData::DetectionTaskData
0x004C8830|AnimationTaskData::AnimationTaskData
0x004C8890|AnimationTaskData::AnimationTaskData
0x004C89A0|ActorUpdateTaskData::ActorUpdateTaskData
0x004C8A00|ActorUpdateTaskData::ActorUpdateTaskData
0x004C8AE0|PackageUpdateTaskData::PackageUpdateTaskData
0x004C8B50|PackageUpdateTaskData::PackageUpdateTaskData
0x004C9020|ActorsScriptTaskData::ActorsScriptTaskData
0x004C9080|ActorsScriptTaskData::ActorsScriptTaskData
0x004C9170|MovementTaskData::MovementTaskData
0x004C91D0|MovementTaskData::MovementTaskData
0x004C9BD0|AITaskThread::AITaskThread
0x004CA350|BSTStaticFreeList<MobileObjectMessage>::BSTStaticFreeList<MobileObjectMessage>
0x004CA3C0|BSTFreeList<MobileObjectMessage>::BSTFreeList<MobileObjectMessage>
0x004CA440|BSTCommonLLMessageQueue<MobileObjectMessage>::BSTCommonLLMessageQueue<MobileObjectMessage>
0x004CA480|BSTCommonLLMessageQueue<MobileObjectMessage>::BSTCommonLLMessageQueue<MobileObjectMessage>
0x004CA500|BSTCommonMessageQueue<MobileObjectMessage>::BSTCommonMessageQueue<MobileObjectMessage>
0x004CA520|BSTMessageQueue<MobileObjectMessage>::BSTMessageQueue<MobileObjectMessage>
0x004CA680|BSTStaticFreeList<MobileObjectMessage>::BSTStaticFreeList<MobileObjectMessage>
0x004CA740|BSTCommonMessageQueue<MobileObjectMessage>::BSTCommonMessageQueue<MobileObjectMessage>
0x004CA7A0|BSTMessageQueue<MobileObjectMessage>::BSTMessageQueue<MobileObjectMessage>
0x004CA800|BSTFreeList<MobileObjectMessage>::BSTFreeList<MobileObjectMessage>
0x004CAB20|ArrowProjectile::ArrowProjectile
0x004CACE0|ArrowProjectile::ArrowProjectile
0x004D0270|BaseProcess::BaseProcess
0x004D0640|BaseProcess::BaseProcess
0x004D1650|BSPlayerDistanceCheckController::BSPlayerDistanceCheckController
0x004D1D30|Character::Character
0x004D1F40|Character::Character
0x004D2060|Character::Character
0x004D43A0|Creature::Creature
0x004D4500|Creature::Creature
0x004D45F0|Creature::Creature
0x004D6AF0|HighActorCuller::HighActorCuller
0x004D7510|HighProcess::HighProcess
0x004D98E0|HighProcess::HighProcess
0x004DF900|ActorPathingMessageQueue::ActorPathingMessageQueue
0x004E5118|bhkBoxShape::bhkBoxShape
0x00505580|BSTCommonLLMessageQueue<ActorPathingMessage>::BSTCommonLLMessageQueue<ActorPathingMessage>
0x005055C0|BSTCommonLLMessageQueue<ActorPathingMessage>::BSTCommonLLMessageQueue<ActorPathingMessage>
0x00505650|BSTCommonMessageQueue<ActorPathingMessage>::BSTCommonMessageQueue<ActorPathingMessage>
0x00505670|BSTMessageQueue<ActorPathingMessage>::BSTMessageQueue<ActorPathingMessage>
0x005058E0|BSSimpleArray<TESIdleForm *>::BSSimpleArray<TESIdleForm *>
0x00505910|BSSimpleArray<TESIdleForm *>::BSSimpleArray<TESIdleForm *>
0x00505990|BSTCommonMessageQueue<ActorPathingMessage>::BSTCommonMessageQueue<ActorPathingMessage>
0x005059F0|BSTMessageQueue<ActorPathingMessage>::BSTMessageQueue<ActorPathingMessage>
0x00505BA0|LipTask::LipTask
0x00506110|LockFreeMapIterator@?$LockFreeMap@PAVMobileObject::LockFreeMapIterator@?$LockFreeMap@PAVMobileObject
0x00506160|LockFreeMap<MobileObject *>::LockFreeMap<MobileObject *>
0x00506508|LockFreeMap<MobileObject *>::LockFreeMap<MobileObject *>
0x00506DC0|LowProcess::LowProcess
0x00506FE0|LowProcess::LowProcess
0x005137B0|NiTMap<LowProcess *>::NiTMap<LowProcess *>
0x00513810|?$NiTMapBase@V?$DFALL@V?$NiTMapItem@PAVLowProcess::?$NiTMapBase@V?$DFALL@V?$NiTMapItem@PAVLowProcess
0x005138E0|?$NiTMapBase@V?$DFALL@V?$NiTMapItem@PAVLowProcess::?$NiTMapBase@V?$DFALL@V?$NiTMapItem@PAVLowProcess
0x00513FE0|MiddleHighProcess::MiddleHighProcess
0x00514610|MiddleHighProcess::MiddleHighProcess
0x0052CA00|MiddleLowProcess::MiddleLowProcess
0x0052EB50|MobileObject::MobileObject
0x0052EC40|MobileObject::MobileObject
0x00538180|PlayerCharacter::PlayerCharacter
0x005398D0|PlayerCharacter::PlayerCharacter
0x0054DBB0|bhkSphereShape::bhkSphereShape
0x0056A280|NiTMap<unsigned int,unsigned char>::NiTMap<unsigned int,unsigned char>
0x0056A390|?$NiTMapBase@V?$DFALL@V?$NiTMapItem@IE::?$NiTMapBase@V?$DFALL@V?$NiTMapItem@IE
0x0056A4B0|NiTMap<unsigned int,unsigned char>::NiTMap<unsigned int,unsigned char>
0x0056A510|?$NiTMapBase@V?$DFALL@V?$NiTMapItem@IE::?$NiTMapBase@V?$DFALL@V?$NiTMapItem@IE
0x0056A570|BSSimpleArray<ItemChange *>::BSSimpleArray<ItemChange *>
0x0056A5A0|BSSimpleArray<ItemChange *>::BSSimpleArray<ItemChange *>
0x0056A5C0|BSSimpleArray<TESAmmo *>::BSSimpleArray<TESAmmo *>
0x0056A5F0|BSSimpleArray<TESAmmo *>::BSSimpleArray<TESAmmo *>
0x0056A658|NiTPrimitiveArray<TESRegion *>::NiTPrimitiveArray<TESRegion *>
0x0056A750|NiTArray<TESRegion *>::NiTArray<TESRegion *>
0x0056A7B0|NiTArray<TESRegion *>::NiTArray<TESRegion *>
0x0056AD00|NiTArray<MobileObject *>::NiTArray<MobileObject *>
0x0056AF30|NiTPrimitiveArray<MobileObject *>::NiTPrimitiveArray<MobileObject *>
0x0056AFE0|NiTArray<MobileObject *>::NiTArray<MobileObject *>
0x005789E0|BSScrapArray<Animation *>::BSScrapArray<Animation *>
0x00578A60|BSSimpleArray<Animation *>::BSSimpleArray<Animation *>
0x00578A80|BSScrapArray<Animation *>::BSScrapArray<Animation *>
0x00578AE0|BSScrapArray<Actor *>::BSScrapArray<Actor *>
0x00578B60|BSScrapArray<Actor *>::BSScrapArray<Actor *>
0x00578C50|BSScrapArray<EffectTaskData>::BSScrapArray<EffectTaskData>
0x00578CD0|BSSimpleArray<EffectTaskData>::BSSimpleArray<EffectTaskData>
0x00578CF0|BSScrapArray<EffectTaskData>::BSScrapArray<EffectTaskData>
0x00578E70|BSSimpleArray<Animation *>::BSSimpleArray<Animation *>
0x00578EA0|BSSimpleArray<EffectTaskData>::BSSimpleArray<EffectTaskData>
0x00579BD0|CombatAction::CombatAction
0x00579C80|CombatAction::CombatAction
0x0057BFE0|CombatActionMoveAndSwitchToMelee::CombatActionMoveAndSwitchToMelee
0x0057C170|CombatActionMoveAndAttackRanged::CombatActionMoveAndAttackRanged
0x0057C3A0|CombatActionMoveAndAttackRangedExplosive::CombatActionMoveAndAttackRangedExplosive
0x0057C560|CombatActionMoveAndAttackGrenade::CombatActionMoveAndAttackGrenade
0x0057D770|CombatController::CombatController
0x0057E330|CombatPlanner::CombatPlanner
0x00582430|BSSimpleArray<CombatProcedure *>::BSSimpleArray<CombatProcedure *>
0x00582460|BSSimpleArray<CombatProcedure *>::BSSimpleArray<CombatProcedure *>
0x00582480|AStarSearch<CombatPlanNode *>::AStarSearch<CombatPlanNode *>
0x00582530|AStarSearch<CombatPlanNode *>::AStarSearch<CombatPlanNode *>
0x00583080|CombatCoverMap::CombatCoverMap
0x00583130|CombatCoverMap::CombatCoverMap
0x00583670|NiTMap<unsigned int,ReservedCoverLocation *>::NiTMap<unsigned int,ReservedCoverLocation *>
0x005836D0|BSSimpleArray<CoverReservation>::BSSimpleArray<CoverReservation>
0x00583700|BSSimpleArray<CoverReservation>::BSSimpleArray<CoverReservation>
0x005837B0|?$NiTMapBase@V?$DFALL@V?$NiTMapItem@IPAVReservedCoverLocation::?$NiTMapBase@V?$DFALL@V?$NiTMapItem@IPAVReservedCoverLocation
0x00583820|NiTMap<unsigned int,ReservedCoverLocation *>::NiTMap<unsigned int,ReservedCoverLocation *>
0x00583880|?$NiTMapBase@V?$DFALL@V?$NiTMapItem@IPAVReservedCoverLocation::?$NiTMapBase@V?$DFALL@V?$NiTMapItem@IPAVReservedCoverLocation
0x00584290|CombatGoal::CombatGoal
0x00584BB0|CombatGoal::CombatGoal
0x0058ED30|BSSimpleArray<CombatTarget>::BSSimpleArray<CombatTarget>
0x0058ED60|BSSimpleArray<CombatTarget>::BSSimpleArray<CombatTarget>
0x0058EFF0|BSSimpleArray<CombatMember>::BSSimpleArray<CombatMember>
0x0058F020|BSSimpleArray<CombatMember>::BSSimpleArray<CombatMember>
0x0058F2A0|BSSimpleArray<CombatSearchLocation>::BSSimpleArray<CombatSearchLocation>
0x0058F2D0|BSSimpleArray<CombatSearchLocation>::BSSimpleArray<CombatSearchLocation>
0x0058F4C0|BSSimpleArray<CombatSearchDoor>::BSSimpleArray<CombatSearchDoor>
0x0058F4F0|BSSimpleArray<CombatSearchDoor>::BSSimpleArray<CombatSearchDoor>
0x0058F510|BSSimpleArray<CombatGroupCluster *>::BSSimpleArray<CombatGroupCluster *>
0x0058F560|BSSimpleArray<GroupMemberData>::BSSimpleArray<GroupMemberData>
0x0058F5F0|BSScrapArray<PathingLocation>::BSScrapArray<PathingLocation>
0x0058FF88|CombatGroupStrategyFlank::CombatGroupStrategyFlank
0x00590EF0|BSSimpleArray<GroupMemberData>::BSSimpleArray<GroupMemberData>
0x00593820|NiTMap<Actor *>::NiTMap<Actor *>
0x00593880|NiTArray<CombatGroup *>::NiTArray<CombatGroup *>
0x00593960|NiTPrimitiveArray<CombatGroup *>::NiTPrimitiveArray<CombatGroup *>
0x00593990|?$NiTMapBase@V?$DFALL@V?$NiTMapItem@PAVActor::?$NiTMapBase@V?$DFALL@V?$NiTMapItem@PAVActor
0x00593BC0|?$NiTMapBase@V?$DFALL@V?$NiTMapItem@PAVActor::?$NiTMapBase@V?$DFALL@V?$NiTMapItem@PAVActor
0x00593CF0|NiTArray<CombatGroup *>::NiTArray<CombatGroup *>
0x005964C0|BSScrapArray<CombatPlanNode *>::BSScrapArray<CombatPlanNode *>
0x00596540|BSSimpleArray<CombatPlanNode *>::BSSimpleArray<CombatPlanNode *>
0x00596560|BSScrapArray<CombatPlanNode *>::BSScrapArray<CombatPlanNode *>
0x005965C0|BSScrapArray<CombatPlanLink *>::BSScrapArray<CombatPlanLink *>
0x00596640|BSSimpleArray<CombatPlanLink *>::BSSimpleArray<CombatPlanLink *>
0x00596660|BSScrapArray<CombatPlanLink *>::BSScrapArray<CombatPlanLink *>
0x005966C0|?$BSSimpleArray@PAV?$AStarNode@PAVCombatPlanNode::?$BSSimpleArray@PAV?$AStarNode@PAVCombatPlanNode
0x005966F0|?$BSSimpleArray@PAV?$AStarNode@PAVCombatPlanNode::?$BSSimpleArray@PAV?$AStarNode@PAVCombatPlanNode
0x00596BA0|BSSimpleArray<CombatPlanNode *>::BSSimpleArray<CombatPlanNode *>
0x00596BD0|BSSimpleArray<CombatPlanLink *>::BSSimpleArray<CombatPlanLink *>
0x00596C00|?$BSScrapArray@PAV?$AStarNode@PAVCombatPlanNode::?$BSScrapArray@PAV?$AStarNode@PAVCombatPlanNode
0x00596C80|?$BSScrapArray@PAV?$AStarNode@PAVCombatPlanNode::?$BSScrapArray@PAV?$AStarNode@PAVCombatPlanNode
0x00596DB0|?$BSSimpleArray@PAV?$AStarNode@PAVCombatPlanNode::?$BSSimpleArray@PAV?$AStarNode@PAVCombatPlanNode
0x0059AA80|PathingCoverLocation::PathingCoverLocation
0x005A33E0|BSSimpleArray<TESObjectWEAP *>::BSSimpleArray<TESObjectWEAP *>
0x005A3410|BSSimpleArray<TESObjectWEAP *>::BSSimpleArray<TESObjectWEAP *>
0x005A3430|BSSimpleArray<UnreachableCoverLocation>::BSSimpleArray<UnreachableCoverLocation>
0x005A3460|BSSimpleArray<UnreachableCoverLocation>::BSSimpleArray<UnreachableCoverLocation>
0x005A35C0|BSSimpleArray<UnreachableLocation>::BSSimpleArray<UnreachableLocation>
0x005A35F0|BSSimpleArray<UnreachableLocation>::BSSimpleArray<UnreachableLocation>
0x005A3750|BSSimpleArray<TESAmmo *>::BSSimpleArray<TESAmmo *>
0x005A37E0|BSSimpleArray<WeaponData>::BSSimpleArray<WeaponData>
0x005A3810|BSSimpleArray<WeaponData>::BSSimpleArray<WeaponData>
0x005A3E90|CombatTargetMap::CombatTargetMap
0x005A3F18|CombatTargetMap::CombatTargetMap
0x005A4290|NiTMap<Actor *>::NiTMap<Actor *>
0x005A42F0|BSSimpleArray<Actor *>::BSSimpleArray<Actor *>
0x005A43B0|?$NiTMapBase@V?$DFALL@V?$NiTMapItem@PAVActor::?$NiTMapBase@V?$DFALL@V?$NiTMapItem@PAVActor
0x005A4480|?$NiTMapBase@V?$DFALL@V?$NiTMapItem@PAVActor::?$NiTMapBase@V?$DFALL@V?$NiTMapItem@PAVActor
0x005A4FB0|CombatThreatMap::CombatThreatMap
0x005A5D20|NiTMap<unsigned int,CombatThreat *>::NiTMap<unsigned int,CombatThreat *>
0x005A5D80|?$NiTMapBase@V?$DFALL@V?$NiTMapItem@IPAVCombatThreat::?$NiTMapBase@V?$DFALL@V?$NiTMapItem@IPAVCombatThreat
0x005A5E50|?$NiTMapBase@V?$DFALL@V?$NiTMapItem@IPAVCombatThreat::?$NiTMapBase@V?$DFALL@V?$NiTMapItem@IPAVCombatThreat
0x005A7BC0|SpecificItemCollector::SpecificItemCollector
0x005ABF30|Explosion::Explosion
0x005AC200|Explosion::Explosion
0x005AC5A0|Explosion::Explosion
0x005AE178|bhkLiquidAction::bhkLiquidAction
0x005AFAF0|hkpFixedBufferCdPointCollector::hkpFixedBufferCdPointCollector
0x005B7940|BSSimpleArray<BGSBodyPart *>::BSSimpleArray<BGSBodyPart *>
0x005B7970|BSSimpleArray<BGSBodyPart *>::BSSimpleArray<BGSBodyPart *>
0x005B7BC0|MissileProjectile::MissileProjectile
0x005BA410|bhkHingeConstraint::bhkHingeConstraint
0x005BA4A0|bhkConstraint::bhkConstraint
0x005BA550|hkHingeConstraintCinfo::hkHingeConstraintCinfo
0x005BA5F0|hkConstraintCinfo::hkConstraintCinfo
0x005BBC70|Projectile::Projectile
0x005BBEF0|Projectile::Projectile
0x005BC470|Projectile::Projectile
0x005CA680|CombatProcedure::CombatProcedure
0x005CA6C0|CombatProcedure::CombatProcedure
0x005CA740|CombatProcedureActivateObject::CombatProcedureActivateObject
0x005CAFA0|CombatProcedureAttackGrenade::CombatProcedureAttackGrenade
0x005CBB50|CombatProcedureAttackLow::CombatProcedureAttackLow
0x005CC220|CombatProcedureAttackMelee::CombatProcedureAttackMelee
0x005D0980|CombatProcedureAttackRanged::CombatProcedureAttackRanged
0x005D2478|CombatProcedureBeInCover::CombatProcedureBeInCover
0x005D2550|CombatProcedureBeInCover::CombatProcedureBeInCover
0x005D3B30|CombatProcedureEngageTarget::CombatProcedureEngageTarget
0x005D5B40|CombatProcedureEvade::CombatProcedureEvade
0x005D6120|CombatProcedureHideFromTarget::CombatProcedureHideFromTarget
0x005D6BA0|CombatProcedureMove::CombatProcedureMove
0x005D8C40|CombatProcedureSearch::CombatProcedureSearch
0x005DA7A0|CombatProcedureSwitchWeapon::CombatProcedureSwitchWeapon
0x005DAA90|CombatProcedureUseCombatItem::CombatProcedureUseCombatItem
0x005DAD00|ActorMover::ActorMover
0x005DAEF0|ActorMover::ActorMover
0x005DFD70|ActorPathHandler::ActorPathHandler
0x005DFE40|ActorPathHandler::ActorPathHandler
0x005DFED0|ActorPathHandler::ActorPathHandler
0x005E03E0|DetailedActorPathHandler::DetailedActorPathHandler
0x005E2690|DoorInPathFilter::DoorInPathFilter
0x005E9950|BSSimpleArray<DetailedActorPathHandler::ActorAvoidanceData>::ActorAvoidanceData>
0x005E9980|BSSimpleArray<DetailedActorPathHandler::ActorAvoidanceData>::ActorAvoidanceData>
0x005E9BB0|NiTPrimitiveArray<Actor *>::NiTPrimitiveArray<Actor *>
0x005E9C30|NiTArray<Actor *>::NiTArray<Actor *>
0x005E9C90|NiTArray<Actor *>::NiTArray<Actor *>
0x005E9D00|PlayerMover::PlayerMover
0x005E9E30|PlayerMover::PlayerMover
0x005EA7C0|VirtualActorPathHandler::VirtualActorPathHandler
0x005EC6A0|AlarmPackage::AlarmPackage
0x005EC700|AlarmPackage::AlarmPackage
0x005ED330|BackUpPackage::BackUpPackage
0x005F0900|EscortActorPackageData::EscortActorPackageData
0x005F09B0|EscortActorPackageData::EscortActorPackageData
0x005F10C0|FleePackage::FleePackage
0x005F27A0|GuardActorPackageData::GuardActorPackageData
0x005F2830|GuardActorPackageData::GuardActorPackageData
0x005F29A0|PatrolActorPackageData::PatrolActorPackageData
0x005F2A70|PatrolActorPackageData::PatrolActorPackageData
0x005F3900|SandBoxActorPackageData::SandBoxActorPackageData
0x005F3A70|SandBoxActorPackageData::SandBoxActorPackageData
0x005F61B0|BSSimpleArray<SandBoxChoiceListItem>::BSSimpleArray<SandBoxChoiceListItem>
0x005F61E0|BSSimpleArray<SandBoxChoiceListItem>::BSSimpleArray<SandBoxChoiceListItem>
0x005F67B0|SearchPackage::SearchPackage
0x005F7410|SpectatorPackage::SpectatorPackage
0x005F8AE0|BSSimpleArray<SpectatorThreatInfo>::BSSimpleArray<SpectatorThreatInfo>
0x005F8B10|BSSimpleArray<SpectatorThreatInfo>::BSSimpleArray<SpectatorThreatInfo>
0x005F9450|TrespassPackage::TrespassPackage
0x005F9F70|CEnumPins::CEnumPins
0x005FA100|CEnumMediaTypes::CEnumMediaTypes
0x005FA560|CMediaSample::CMediaSample
0x005FB1C0|CMemAllocator::CMemAllocator
0x005FC600|CEnumPins::CEnumPins
0x005FCB60|CMediaSample::CMediaSample
0x005FD3C0|CAsyncOutputPin::CAsyncOutputPin
0x005FDC10|CAsyncReader::CAsyncReader
0x005FDD70|CAsyncOutputPin::CAsyncOutputPin
0x005FDDF0|CAsyncReader::CAsyncReader
0x005FF340|Tile::Tile
0x0060ABE0|Tile::Extra::Extra
0x0060BC80|Tile3D::Tile3D
0x0060D2A0|NiTMapBase<NiTPointerAllocator<unsigned int> >::NiTMapBase<NiTPointerAllocator<unsigned int> >
0x0060D390|NiTMapBase<NiTPointerAllocator<unsigned int> >::NiTMapBase<NiTPointerAllocator<unsigned int> >
0x0060D3C0|NiTMapBase<NiTPointerAllocator<unsigned int> >::NiTMapBase<NiTPointerAllocator<unsigned int> >
0x0060D5F0|NiTMapBase<NiTPointerAllocator<unsigned int> >::NiTMapBase<NiTPointerAllocator<unsigned int> >
0x0060D710|NiTMapBase<NiTPointerAllocator<unsigned int> >::NiTMapBase<NiTPointerAllocator<unsigned int> >
0x0060D790|NiTMapBase<NiTPointerAllocator<unsigned int> >::NiTMapBase<NiTPointerAllocator<unsigned int> >
0x0060D8E0|NiTMapBase<NiTPointerAllocator<unsigned int> >::NiTMapBase<NiTPointerAllocator<unsigned int> >
0x0060D960|NiTMapBase<NiTPointerAllocator<unsigned int> >::NiTMapBase<NiTPointerAllocator<unsigned int> >
0x0060DB40|DebugText::DebugText
0x0060DCC0|DebugText::DebugText
0x00611CD0|BSSimpleArray<DebugText::sPrintData *>::sPrintData *>
0x00611D00|BSSimpleArray<DebugText::sPrintData *>::sPrintData *>
0x0061BEF0|BSSimpleArray<ButtonIcon>::BSSimpleArray<ButtonIcon>
0x0061BF80|BSSimpleArray<ButtonIcon>::BSSimpleArray<ButtonIcon>
0x0061C4A0|Menu::Menu
0x0061C520|Menu::Menu
0x0061D410|NiTPrimitiveArray<char const *>::NiTPrimitiveArray<char const *>
0x0061D84D|NiTArray<char const *,NiTMallocInterface<char const *> >::NiTArray<char const *,NiTMallocInterface<char const *> >
0x0061E1A0|NiTArray<XMLStorage *>::NiTArray<XMLStorage *>
0x0061E450|NiTArray<XMLStorage *>::NiTArray<XMLStorage *>
0x0061E880|NiTMapBase<NiTPointerAllocator<unsigned int> >::NiTMapBase<NiTPointerAllocator<unsigned int> >
0x0061E900|NiTMapBase<NiTPointerAllocator<unsigned int> >::NiTMapBase<NiTPointerAllocator<unsigned int> >
0x0061EAA0|NiTMapBase<NiTPointerAllocator<unsigned int> >::NiTMapBase<NiTPointerAllocator<unsigned int> >
0x0061EBC0|NiTMapBase<NiTPointerAllocator<unsigned int> >::NiTMapBase<NiTPointerAllocator<unsigned int> >
0x0061EC70|NiTMapBase<NiTPointerAllocator<unsigned int> >::NiTMapBase<NiTPointerAllocator<unsigned int> >
0x0061ED60|NiTMapBase<NiTPointerAllocator<unsigned int> >::NiTMapBase<NiTPointerAllocator<unsigned int> >
0x0061EDE0|NiTMapBase<NiTPointerAllocator<unsigned int> >::NiTMapBase<NiTPointerAllocator<unsigned int> >
0x0061EEB0|NiTArray<Tile *>::NiTArray<Tile *>
0x0061EFF0|TileRect::TileRect
0x00620650|Tile3D::Tile3D
0x00621660|RadialTile::RadialTile
0x00621690|RadialTile::RadialTile
0x0062E460|?$NiTStringTemplateMap@V?$NiTPointerMap@PBDPAVNiControllerSequence::?$NiTStringTemplateMap@V?$NiTPointerMap@PBDPAVNiControllerSequence
0x0062E480|NiTPointerMap<char const *,NiControllerSequence *>::NiTPointerMap<char const *,NiControllerSequence *>
0x0062E520|NiTMapBase<NiTPointerAllocator<unsigned int> >::NiTMapBase<NiTPointerAllocator<unsigned int> >
0x0062EBB0|NiControllerManager::NiControllerManager
0x00635390|?$NiTObjectArray@V?$NiPointer@VNiInterpController::?$NiTObjectArray@V?$NiPointer@VNiInterpController
0x00635640|NiControllerSequence::NiControllerSequence
0x00635960|BSMultiTargetTreadTransfController::BSMultiTargetTreadTransfController
0x006359F0|BSMultiTargetTreadTransfController::BSMultiTargetTreadTransfController
0x00636070|BSMultiTargetTreadTransfController::BSMultiTargetTreadTransfController
0x00636560|NiTransformController::NiTransformController
0x00636890|NiBlendInterpolator::NiBlendInterpolator
0x006370B0|NiBlendInterpolator::NiBlendInterpolator
0x00637170|NiBlendInterpolator::NiBlendInterpolator
0x00638E08|NiSingleInterpController::NiSingleInterpController
0x00639230|NiBlendAccumTransformInterpolator::NiBlendAccumTransformInterpolator
0x00639290|NiBlendAccumTransformInterpolator::NiBlendAccumTransformInterpolator
0x0063AF10|NiGeomMorpherController::NiGeomMorpherController
0x0063BD10|NiColorInterpolator::NiColorInterpolator
0x0063C340|NiFloatInterpolator::NiFloatInterpolator
0x0063C390|NiFloatInterpolator::NiFloatInterpolator
0x0063CA10|NiKeyBasedInterpolator::NiKeyBasedInterpolator
0x0063CA30|NiKeyBasedInterpolator::NiKeyBasedInterpolator
0x0063CC80|NiFloatData::NiFloatData
0x0063DD40|NiPathInterpolator::NiPathInterpolator
0x0063F060|NiPathInterpolator::NiPathInterpolator
0x0063FAE0|NiTransformInterpolator::NiTransformInterpolator
0x00640520|NiBlendFloatInterpolator::NiBlendFloatInterpolator
0x006409B0|NiBlendTransformInterpolator::NiBlendTransformInterpolator
0x00640A70|NiBlendTransformInterpolator::NiBlendTransformInterpolator
0x00641450|NiTArray<BSAnimNoteListener::BSAnimReceiverType *>::BSAnimReceiverType *>
0x006414F0|NiTPrimitiveArray<BSAnimNoteListener::BSAnimReceiverType *>::BSAnimReceiverType *>
0x00642F80|BSBlendTreadTransfInterpolator::BSBlendTreadTransfInterpolator
0x00643840|BSTreadTransfInterpolator::BSTreadTransfInterpolator
0x00644830|BSAnimNote::BSAnimNote
0x00644970|BSAnimNotes::BSAnimNotes
0x00644FB8|NiUVData::NiUVData
0x00645B60|NiUVController::NiUVController
0x00646740|NiTextureTransformController::NiTextureTransformController
0x00646D50|NiTextKeyExtraData::NiTextKeyExtraData
0x006478F0|NiSequence::NiSequence
0x00648128|NiRotData::NiRotData
0x00648FB0|NiPosData::NiPosData
0x006495F0|NiPoint3Interpolator::NiPoint3Interpolator
0x00649650|NiPoint3Interpolator::NiPoint3Interpolator
0x0064BCF0|NiLookAtInterpolator::NiLookAtInterpolator
0x0064BE20|NiLookAtInterpolator::NiLookAtInterpolator
0x0064D668|?$NiTPointerMap@PBDV?$NiPointer@VNiSequence::?$NiTPointerMap@PBDV?$NiPointer@VNiSequence
0x0064E270|NiTransformData::NiTransformData
0x0064F018|NiFloatsExtraDataController::NiFloatsExtraDataController
0x0064F570|NiFlipController::NiFlipController
0x0064F820|?$NiTObjectArray@V?$NiPointer@VNiTexture::?$NiTObjectArray@V?$NiPointer@VNiTexture
0x006509F0|NiBSplineFloatInterpolator::NiBSplineFloatInterpolator
0x00650C28|NiBSplineFloatInterpolator::NiBSplineFloatInterpolator
0x00651628|NiBSplineCompFloatInterpolator::NiBSplineCompFloatInterpolator
0x00651C10|NiBSplineColorInterpolator::NiBSplineColorInterpolator
0x00653280|NiBoolInterpolator::NiBoolInterpolator
0x006532D0|NiBoolInterpolator::NiBoolInterpolator
0x006540A0|NiTPointerMap<NiNode *>::NiTPointerMap<NiNode *>
0x00654198|?$NiTArray@PAV?$NiTPrimitiveSet@PAVNiNode::?$NiTArray@PAV?$NiTPrimitiveSet@PAVNiNode
0x006543F0|?$NiTArray@PAV?$NiTPrimitiveSet@PAVNiNode::?$NiTArray@PAV?$NiTPrimitiveSet@PAVNiNode
0x00655488|NiBlendQuaternionInterpolator::NiBlendQuaternionInterpolator
0x00655B30|NiBlendPoint3Interpolator::NiBlendPoint3Interpolator
0x00656560|NiBlendBoolInterpolator::NiBlendBoolInterpolator
0x006565C8|NiBlendBoolInterpolator::NiBlendBoolInterpolator
0x00656C10|NiTask::NiTask
0x00656D78|NiTask::NiTask
0x00657010|NiInterpolator::NiInterpolator
0x006572A0|NiExtraDataController::NiExtraDataController
0x006572D0|NiExtraDataController::NiExtraDataController
0x00657640|NiFloatInterpController::NiFloatInterpController
0x00657790|NiBoolInterpController::NiBoolInterpController
0x00657990|NiFloatController::NiFloatController
0x00657C80|NiPoint3InterpController::NiPoint3InterpController
0x00657F20|NiBSplineInterpolator::NiBSplineInterpolator
0x00657F80|NiBSplineInterpolator::NiBSplineInterpolator
0x0065A390|NiAVObject::NiAVObject
0x0065B470|NiTArray<char *,NiTMallocInterface<char *> >::NiTArray<char *,NiTMallocInterface<char *> >
0x0065C240|NiObjectNET::NiObjectNET
0x0065C760|NiTArray<unsigned short,NiTMallocInterface<unsigned short> >::NiTArray<unsigned short,NiTMallocInterface<unsigned short> >
0x0065D3A0|NiRefObject::NiRefObject
0x0065D3D0|NiRefObject::NiRefObject
0x0065E930|?$NiTArray@V?$NiPointer@VNiAVObject::?$NiTArray@V?$NiPointer@VNiAVObject
0x0065ECB0|NiNode::NiNode
0x0065FCA0|NiSourceTexture::NiSourceTexture
0x0065FD38|NiTexture::NiTexture
0x00662B60|NiRenderer::NiRenderer
0x00663850|?$NiTPointerMap@PBDP6APAVNiObject::?$NiTPointerMap@PBDP6APAVNiObject
0x00663910|NiTStringTemplateMap<NiTPointerMap<char const *,unsigned short> >::NiTStringTemplateMap<NiTPointerMap<char const *,unsigned short> >
0x00663940|NiTPointerMap<char const *,unsigned short>::NiTPointerMap<char const *,unsigned short>
0x00666600|NiTMapBase<NiTPointerAllocator<unsigned int> >::NiTMapBase<NiTPointerAllocator<unsigned int> >
0x00667C70|NiGeometryData::NiGeometryData
0x00669030|NiDynamicEffect::NiDynamicEffect
0x00669320|NiDynamicEffect::NiDynamicEffect
0x006693E0|NiCullingProcess::NiCullingProcess
0x00669400|NiCullingProcess::NiCullingProcess
0x00669E00|NiTexturingProperty::Map::Map
0x0066A0B0|NiTArray<NiTexturingProperty::Map *>::Map *>
0x0066A8B0|NiTexturingProperty::Map::Map
0x0066BD30|NiTexturingProperty::ShaderMap::ShaderMap
0x0066D228|NiTimeController::NiTimeController
0x0066D290|NiTimeController::NiTimeController
0x0066F468|NiStencilProperty::NiStencilProperty
0x0066FAE0|NiCamera::NiCamera
0x006712F0|NiCamera::NiCamera
0x00671F60|NiLight::NiLight
0x00672010|NiLight::NiLight
0x00673080|NiTArray<NiAdditionalGeometryData::NiAGDDataBlock *>::NiAGDDataBlock *>
0x006744A0|NiTriShape::NiTriShape
0x00675C20|NiDirectionalLight::NiDirectionalLight
0x00675E20|NiTriStripsData::NiTriStripsData
0x00676040|NiTriStripsData::NiTriStripsData
0x00676650|NiRefObject::NiRefObject
0x00676680|NiRefObject::NiRefObject
0x0067AFF0|NiDevImageConverter::NiDevImageConverter
0x0067B110|NiDevImageConverter::NiDevImageConverter
0x0067B300|NiExtraData::NiExtraData
0x0067B8C0|NiTriShapeData::NiTriShapeData
0x0067D670|NiPointLight::NiPointLight
0x0067F668|BSPackedAdditionalGeometryData::NiBSPackedAGDDataBlock::NiBSPackedAGDDataBlock
0x0067F8F8|NiBinaryExtraData::NiBinaryExtraData
0x00680540|NiGeometry::NiGeometry
0x00680580|NiGeometry::NiGeometry
0x00680FC0|NiCollisionObject::NiCollisionObject
0x006816C8|NiTriShapeDynamicData::NiTriShapeDynamicData
0x00681BD0|NiSkinPartition::Partition::Partition
0x006824D0|NiSkinPartition::NiSkinPartition
0x006833B0|NiTMapBase<NiTPointerAllocator<unsigned int> >::NiTMapBase<NiTPointerAllocator<unsigned int> >
0x00685580|NiSkinInstance::NiSkinInstance
0x00687810|NiScreenElements::NiScreenElements
0x006881E0|NiScreenElementsData::NiScreenElementsData
0x00689720|NiTriBasedGeom::NiTriBasedGeom
0x00689740|NiTriBasedGeom::NiTriBasedGeom
0x00689760|NiTriBasedGeom::NiTriBasedGeom
0x0068A920|NiTriBasedGeomData::NiTriBasedGeomData
0x0068A990|NiTriBasedGeomData::NiTriBasedGeomData
0x0068ADA0|NiImageReader::NiImageReader
0x0068AE50|NiNIFImageReader::NiNIFImageReader
0x0068B128|NiPalette::NiPalette
0x0068E410|NiBMPReader::NiBMPReader
0x0068F1C0|Ni2DBuffer::Ni2DBuffer
0x0068F440|NiRefObject::NiRefObject
0x0068F490|NiShader::NiShader
0x0068F4A8|NiRefObject::NiRefObject
0x0068F5C0|NiCullingProperty::NiCullingProperty
0x0068F810|NiRefObject::NiRefObject
0x0068F950|NiRefObject::NiRefObject
0x0068F9B8|NiRefObject::NiRefObject
0x0068FA60|?$NiTFixedStringMapBase@V?$DFALL@V?$NiTMapItem@VNiFixedString::?$NiTFixedStringMapBase@V?$DFALL@V?$NiTMapItem@VNiFixedString
0x0068FDD8|NiRefObject::NiRefObject
0x00690090|NiScreenGeometry::NiScreenGeometry
0x00690A50|NiTArray<NiScreenGeometryData::ScreenElement *>::ScreenElement *>
0x006911D0|NiScreenGeometryData::NiScreenGeometryData
0x00691D90|?$NiTArray@V?$NiPointer@VNiScreenPolygon::?$NiTArray@V?$NiPointer@VNiScreenPolygon
0x00691DD8|?$NiTArray@V?$NiPointer@VNiScreenTexture::?$NiTArray@V?$NiPointer@VNiScreenTexture
0x00692350|NiTriStripsDynamicData::NiTriStripsDynamicData
0x00692710|NiTextureEffect::NiTextureEffect
0x00694370|NiTArray<unsigned int,NiTMallocInterface<unsigned int> >::NiTArray<unsigned int,NiTMallocInterface<unsigned int> >
0x006952B8|NiSortAdjustNode::NiSortAdjustNode
0x00695590|NiScreenTexture::NiScreenTexture
0x00696800|NiParticlesData::NiParticlesData
0x00698240|NiTexture::RendererData::RendererData
0x00699470|NiTArray<unsigned int,NiTMallocInterface<unsigned int> >::NiTArray<unsigned int,NiTMallocInterface<unsigned int> >
0x00699950|NiIntegersExtraData::NiIntegersExtraData
0x00699C70|NiIntegerExtraData::NiIntegerExtraData
0x0069AEB8|NiBSPNode::NiBSPNode
0x0069B120|NiParticles::NiParticles
0x0069B480|NiAlphaAccumulator::NiAlphaAccumulator
0x0069B4A0|NiAlphaAccumulator::NiAlphaAccumulator
0x0069BE80|NiRefObject::NiRefObject
0x006A0390|NiRefObject::NiRefObject
0x006A06F8|NiSingleShaderMaterial::NiSingleShaderMaterial
0x006A0E00|NiAccumulator::NiAccumulator
0x006A0F00|NiBackToFrontAccumulator::NiBackToFrontAccumulator
0x006A14B0|NiFile::NiFile
0x006A14D0|NiFile::NiFile
0x006A1690|NiFile::NiFile
0x006A1D10|NiBinaryStream::NiBinaryStream
0x006A1D30|NiBinaryStream::NiBinaryStream
0x006A24F0|NiSearchPath::NiSearchPath
0x006A2D30|NiMemStream::NiMemStream
0x006A2FB0|NiMemStream::NiMemStream
0x006A2FF0|NiMemStream::NiMemStream
0x006A3880|BSMap<unsigned int,ScrapHeap *>::BSMap<unsigned int,ScrapHeap *>
0x006A47E0|BSMapBase<unsigned int,ScrapHeap *>::BSMapBase<unsigned int,ScrapHeap *>
0x006A4A60|BSMapBase<unsigned int,ScrapHeap *>::BSMapBase<unsigned int,ScrapHeap *>
0x006A4AE0|BSMapBase<unsigned int,ScrapHeap *>::BSMapBase<unsigned int,ScrapHeap *>
0x006A4C60|BSCoreMessage::BSCoreMessage
0x006A4C80|BSCoreMessage::BSCoreMessage
0x006A6360|BSThread::BSThread
0x006A63C0|BSThread::BSThread
0x006A7400|ZeroOverheadHeap::ZeroOverheadHeap
0x006A74C0|IMemoryHeap::IMemoryHeap
0x006A7810|IMemoryHeap::IMemoryHeap
0x006A78A0|MemoryHeap::MemoryHeap
0x006A7930|MemoryHeap::MemoryHeap
0x006A8068|BSListBase<BSSemaphore *>::BSListBase<BSSemaphore *>
0x006A8078|BSList<BSSemaphore *>::BSList<BSSemaphore *>
0x006A8410|OEI::IO::IO_Thread::IO_Thread
0x006A8A00|BSListBase<OEI::IO::IO_Request *>::IO_Request *>
0x006A8CA0|AbstractHeap::AbstractHeap
0x006A8DA0|IMemoryHeap::IMemoryHeap
0x006AAA80|FutBinaryFileC::FutBinaryFileC
0x006AAB30|BSFaceGenBinaryFile::BSFaceGenBinaryFile
0x006B042F|BSFaceGenBinaryFile::BSFaceGenBinaryFile
0x006B2958|BSFaceGenBinaryFile::BSFaceGenBinaryFile
0x006C1720|std::bad_alloc::bad_alloc
0x006C3DF0|FutBinaryFileC::FutBinaryFileC
0x006C9C70|std::ios_base::ios_base
0x006C9CB0|std::ios_base::ios_base
0x006C9D60|std::ios_base::ios_base
0x006CA270|std::runtime_error::runtime_error
0x006CA300|std::runtime_error::runtime_error
0x006CA4B0|std::ios_base::ios_base
0x006CB4D0|basic_istringstream<char,std::char_traits<char> >::char_traits<char> >
0x006CB5F0|basic_istream<char,std::char_traits<char> >::char_traits<char> >
0x006CB610|basic_stringbuf<char,std::char_traits<char> >::char_traits<char> >
0x006CB6B0|basic_streambuf<char,std::char_traits<char> >::char_traits<char> >
0x006CC6E8|basic_ios<char,std::char_traits<char> >::char_traits<char> >
0x006CC770|basic_istream<char,std::char_traits<char> >::char_traits<char> >
0x006CC7A0|basic_filebuf<char,std::char_traits<char> >::char_traits<char> >
0x006CC8C0|basic_filebuf<char,std::char_traits<char> >::char_traits<char> >
0x006CC948|basic_istream<char,std::char_traits<char> >::char_traits<char> >
0x006CC970|basic_filebuf<char,std::char_traits<char> >::char_traits<char> >
0x006CDC90|basic_filebuf<char,std::char_traits<char> >::char_traits<char> >
0x006CDEB0|basic_filebuf<char,std::char_traits<char> >::char_traits<char> >
0x006CDF38|basic_ostream<char,std::char_traits<char> >::char_traits<char> >
0x006CE2D0|std::ios_base::ios_base
0x006CE330|std::ios_base::ios_base
0x006CF900|basic_stringbuf<char,std::char_traits<char> >::char_traits<char> >
0x006D0630|basic_streambuf<char,std::char_traits<char> >::char_traits<char> >
0x006D41A0|std::locale::facet::facet
0x006D5310|std::bad_alloc::bad_alloc
0x006D5370|std::bad_alloc::bad_alloc
0x006D53E8|std::bad_alloc::bad_alloc
0x006D5430|std::bad_alloc::bad_alloc
0x006D6F40|BSAudio::BSAudio
0x006D7000|BSAudio::BSAudio
0x006D90E0|BSAudioManager::BSAudioManager
0x006D93F0|BSAudioManager::BSAudioManager
0x006D94D0|NiTMapBase<NiTPointerAllocator<unsigned int> >::NiTMapBase<NiTPointerAllocator<unsigned int> >
0x006E6F50|AudioLoadTask::AudioLoadTask
0x006E7020|AudioLoadTask::AudioLoadTask
0x006E77D0|BSAudioManagerThread::BSAudioManagerThread
0x006E78A0|BSAudioManagerThread::BSAudioManagerThread
0x006E7B40|NiTMapBase<NiTPointerAllocator<unsigned int> >::NiTMapBase<NiTPointerAllocator<unsigned int> >
0x006E7BC0|NiTMapBase<NiTPointerAllocator<unsigned int> >::NiTMapBase<NiTPointerAllocator<unsigned int> >
0x006E7C40|NiTMapBase<NiTPointerAllocator<unsigned int> >::NiTMapBase<NiTPointerAllocator<unsigned int> >
0x006E8C30|NiTMapBase<NiTPointerAllocator<unsigned int> >::NiTMapBase<NiTPointerAllocator<unsigned int> >
0x006E8C60|NiTMapBase<NiTPointerAllocator<unsigned int> >::NiTMapBase<NiTPointerAllocator<unsigned int> >
0x006E8CE0|NiTMapBase<NiTPointerAllocator<unsigned int> >::NiTMapBase<NiTPointerAllocator<unsigned int> >
0x006E8D10|NiTMapBase<NiTPointerAllocator<unsigned int> >::NiTMapBase<NiTPointerAllocator<unsigned int> >
0x006E8D90|NiTMapBase<NiTPointerAllocator<unsigned int> >::NiTMapBase<NiTPointerAllocator<unsigned int> >
0x006E8E70|NiTMapBase<NiTPointerAllocator<unsigned int> >::NiTMapBase<NiTPointerAllocator<unsigned int> >
0x006E9070|NiTMapBase<NiTPointerAllocator<unsigned int> >::NiTMapBase<NiTPointerAllocator<unsigned int> >
0x006E92E0|BSGameSound::BSGameSound
0x006E9360|BSGameSound::BSGameSound
0x006E93F0|BSGameSound::BSGameSound
0x006EA1B0|BSWin32Audio::BSWin32Audio
0x006EA210|BSWin32Audio::BSWin32Audio
0x006EA738|BSWin32AudioListener::BSWin32AudioListener
0x006EA770|BSAudioListener::BSAudioListener
0x006EAAB0|BSAudioListener::BSAudioListener
0x006EAC48|BSWin32GameSound::BSWin32GameSound
0x006EAE10|BSWin32GameSound::BSWin32GameSound
0x006EAFB0|BSWin32GameSound::BSWin32GameSound
0x006F2ED0|BSSaveDataSystemUtility::BSSaveDataSystemUtility
0x006F2F20|BSSaveDataSystemUtility::BSSaveDataSystemUtility
0x006F30A0|BSSystemUtility::BSSystemUtility
0x006F3120|BSSystemUtility::BSSystemUtility
0x006F33F0|BSMsgDialogSystemUtility::BSMsgDialogSystemUtility
0x006F3420|BSMsgDialogSystemUtility::BSMsgDialogSystemUtility
0x006F3570|BSSystemUtilitiesStrings::BSSystemUtilitiesStrings
0x006F35C0|BSSystemUtilitiesStrings::BSSystemUtilitiesStrings
0x006F38D0|BSCacheDriveSystemUtility::BSCacheDriveSystemUtility
0x006F3900|BSCacheDriveSystemUtility::BSCacheDriveSystemUtility
0x006F3980|BSGameDataSystemUtility::BSGameDataSystemUtility
0x006F39C0|BSGameDataSystemUtility::BSGameDataSystemUtility
0x006F3A40|BSDiscBootSystemUtility::BSDiscBootSystemUtility
0x006F3A80|BSDiscBootSystemUtility::BSDiscBootSystemUtility
0x006F3B20|BSSysInfoSystemUtility::BSSysInfoSystemUtility
0x006F3B50|BSSysInfoSystemUtility::BSSysInfoSystemUtility
0x006F8E60|Archive::Archive
0x006FB300|ArchiveFile::ArchiveFile
0x006FB520|ArchiveFile::ArchiveFile
0x006FBFE0|CompressedArchiveFile::CompressedArchiveFile
0x006FC430|CompressedArchiveFile::CompressedArchiveFile
0x006FCCE0|BSSimpleArray<BSHash *>::BSSimpleArray<BSHash *>
0x006FCDC0|BSSimpleArray<BSHash *>::BSSimpleArray<BSHash *>
0x006FE9F0|BSSimpleArray<char const *,1024>::BSSimpleArray<char const *,1024>
0x006FF180|BSFile::BSFile
0x00700260|BSFile::BSFile
0x00700E40|BSTaskletManagerCallback::BSTaskletManagerCallback
0x00700EC0|BSTaskletData::BSTaskletData
0x00700F20|BSFileCache::BSFileCache
0x00701020|BSFileCache::BSFileCache
0x00701C00|BSWin32FileCache::BSWin32FileCache
0x00701C20|BSWin32FileCache::BSWin32FileCache
0x00701D50|BSWin32TaskletManager::BSWin32TaskletManager
0x00701F00|BSTaskletManager::BSTaskletManager
0x00702720|BSTaskletManager::BSTaskletManager
0x007027C0|BSWin32TaskletGroupData::BSWin32TaskletGroupData
0x00702860|BSTaskletGroupData::BSTaskletGroupData
0x007029A0|BSTaskletGroupData::BSTaskletGroupData
0x007096A0|std::runtime_error::runtime_error
0x00709780|std::runtime_error::runtime_error
0x00710830|std::bad_alloc::bad_alloc
0x007108E0|std::bad_alloc::bad_alloc
0x00716B00|std::bad_alloc::bad_alloc
0x00723980|std::bad_alloc::bad_alloc
0x00723AA0|std::bad_alloc::bad_alloc
0x00723B50|std::bad_alloc::bad_alloc
0x00723BB0|std::bad_alloc::bad_alloc
0x0072E4A0|std::bad_alloc::bad_alloc
0x00735F00|std::bad_alloc::bad_alloc
0x0073B540|std::bad_alloc::bad_alloc
0x0073C3B0|std::logic_error::logic_error
0x0073C440|std::out_of_range::out_of_range
0x0073C910|std::locale::facet::facet
0x0073F030|CIdvCamera::CIdvCamera
0x0073F0A0|CIdvCamera::CIdvCamera
0x00742DF0|std::bad_alloc::bad_alloc
0x00743638|PosGen::PosGen
0x007436B0|Random::Random
0x00743AE0|Normal::Normal
0x00743CA0|Normal::Normal
0x007581C0|NiRefObject::NiRefObject
0x00758828|BSStream::BSStream
0x00760B10|NiRefObject::NiRefObject
0x00760B50|NiRefObject::NiRefObject
0x00766810|NiRefObject::NiRefObject
0x00766850|NiRefObject::NiRefObject
0x007668B0|NiRefObject::NiRefObject
0x00766A88|NiRefObject::NiRefObject
0x0077E300|?$NiTArray@V?$NiPointer@VNiShaderConstantMapEntry::?$NiTArray@V?$NiPointer@VNiShaderConstantMapEntry
0x0077E330|?$NiTObjectArray@V?$NiPointer@VNiShaderConstantMapEntry::?$NiTObjectArray@V?$NiPointer@VNiShaderConstantMapEntry
0x0078A8E0|NiTArray<enum NiTexturingProperty::FilterMode>::FilterMode>
0x0079F130|BSSimpleArray<NiNode *>::BSSimpleArray<NiNode *>
0x0079FDA0|NiRefObject::NiRefObject
0x007A3190|BSCullingProcess::BSCullingProcess
0x007A3390|BSCullingProcess::BSCullingProcess
0x007A6420|NiTPrimitiveArray<NiAdditionalGeometryData::NiAGDDataBlock *>::NiAGDDataBlock *>
0x007B33C0|NiRefObject::NiRefObject
0x007B34A0|NiRefObject::NiRefObject
0x007B3950|NiRefObject::NiRefObject
0x007B3B10|NiRefObject::NiRefObject
0x0081B5C0|NiParticleSystem::NiParticleSystem
0x0081C280|NiPSysEmitterCtlr::NiPSysEmitterCtlr
0x0081C390|NiPSysEmitterCtlr::NiPSysEmitterCtlr
0x0081C5F0|NiPSysEmitterCtlr::NiPSysEmitterCtlr
0x0081CF20|NiRefObject::NiRefObject
0x0081D678|NiRefObject::NiRefObject
0x0081F550|?$NiTArray@V?$NiPointer@VNiGeometry::?$NiTArray@V?$NiPointer@VNiGeometry
0x0081FFA8|NiPSysSphereEmitter::NiPSysSphereEmitter
0x0081FFF8|NiPSysSphereEmitter::NiPSysSphereEmitter
0x00821FE0|NiPSysEmitter::NiPSysEmitter
0x00824CA0|NiPSysData::NiPSysData
0x00824EF0|NiPSysData::NiPSysData
0x00825880|NiPSysUpdateTask::NiPSysUpdateTask
0x008258B8|NiTask::NiTask
0x00825EF0|BSStripPSysData::BSStripPSysData
0x00827108|NiPSysUpdateCtlr::NiPSysUpdateCtlr
0x00829D88|NiPSysModifierActiveCtlr::NiPSysModifierActiveCtlr
0x00829FC0|NiPSysInitialRotSpeedCtlr::NiPSysInitialRotSpeedCtlr
0x0082D6A8|NiPSysBoundUpdateModifier::NiPSysBoundUpdateModifier
0x00830840|NiPSysAirFieldAirFrictionCtlr::NiPSysAirFieldAirFrictionCtlr
0x008309D0|?$NiTArray@PAV?$NiTObjectArray@V?$NiPointer@VNiAVObject::?$NiTArray@PAV?$NiTObjectArray@V?$NiPointer@VNiAVObject
0x00830C00|?$NiTPrimitiveArray@PAV?$NiTObjectArray@V?$NiPointer@VNiAVObject::?$NiTPrimitiveArray@PAV?$NiTObjectArray@V?$NiPointer@VNiAVObject
0x00831260|NiPSysModifierCtlr::NiPSysModifierCtlr
0x008312A0|NiPSysModifierCtlr::NiPSysModifierCtlr
0x00831440|NiPSysModifierCtlr::NiPSysModifierCtlr
0x00831750|NiPSysModifier::NiPSysModifier
0x00831AF0|NiPSysVolumeEmitter::NiPSysVolumeEmitter
0x00831BD0|NiPSysVolumeEmitter::NiPSysVolumeEmitter
0x00832B60|NiPSysModifierBoolCtlr::NiPSysModifierBoolCtlr
0x00832D80|NiPSysModifierFloatCtlr::NiPSysModifierFloatCtlr
0x00835EB0|BSMultiBound::BSMultiBound
0x00836310|BSMultiBoundOBB::BSMultiBoundOBB
0x00837EC0|BSMultiBoundAABB::BSMultiBoundAABB
0x00839640|BSMultiBoundRoom::BSMultiBoundRoom
0x00839780|BSMultiBoundRoom::BSMultiBoundRoom
0x0083A620|BSSimpleArray<ShadowSceneLight *>::BSSimpleArray<ShadowSceneLight *>
0x0083BAC0|BSNodeReferences::BSNodeReferences
0x0083BB10|NiTArray<NiAVObject *>::NiTArray<NiAVObject *>
0x0083BCF0|MessageHandler::MessageHandler
0x0083BDA0|MessageHandler::MessageHandler
0x0083C4E0|QueuedChildren::QueuedChildren
0x0083C520|QueuedChildren::QueuedChildren
0x0083C540|QueuedParents::QueuedParents
0x0083C570|QueuedParents::QueuedParents
0x0083C590|QueuedFile::QueuedFile
0x0083C620|BSTask<__int64>::BSTask<__int64>
0x0083CE60|QueuedFileEntry::QueuedFileEntry
0x0083D930|?$BSSimpleArray@V?$NiPointer@VQueuedFile::?$BSSimpleArray@V?$NiPointer@VQueuedFile
0x0083DA50|IOManager::IOManager
0x0083DB60|IOManager::IOManager
0x0083E1E8|BSTaskManagerIterator<__int64>::BSTaskManagerIterator<__int64>
0x0083E2E9|LockFreeMapIterator@?$LockFreeMap@_JV?$NiPointer@V?$BSTask@_J::LockFreeMapIterator@?$LockFreeMap@_JV?$NiPointer@V?$BSTask@_J
0x0083E4F0|BSTaskManager<__int64>::BSTaskManager<__int64>
0x0083E8B0|?$LockFreePriorityQueue@V?$NiPointer@VIOTask::?$LockFreePriorityQueue@V?$NiPointer@VIOTask
0x0083EC80|?$LockFreeMap@_JV?$NiPointer@V?$BSTask@_J::?$LockFreeMap@_JV?$NiPointer@V?$BSTask@_J
0x0083EE88|BSTaskManagerThread<__int64>::BSTaskManagerThread<__int64>
0x0083EEB0|?$LockFreeQueue@V?$NiPointer@VIOTask::?$LockFreeQueue@V?$NiPointer@VIOTask
0x0083F8C0|?$LockFreeMap@_JV?$NiPointer@V?$BSTask@_J::?$LockFreeMap@_JV?$NiPointer@V?$BSTask@_J
0x0083FA70|BSTaskManager<__int64>::BSTaskManager<__int64>
0x00840990|LockFreeMapIterator@?$LockFreeMap@_JV?$NiPointer@V?$BSTask@_J::LockFreeMapIterator@?$LockFreeMap@_JV?$NiPointer@V?$BSTask@_J
0x008409E0|?$LockFreePriorityQueue@V?$NiPointer@VIOTask::?$LockFreePriorityQueue@V?$NiPointer@VIOTask
0x00840AA0|?$LockFreeQueue@V?$NiPointer@VIOTask::?$LockFreeQueue@V?$NiPointer@VIOTask
0x00841148|LockFreeMapIterator@?$LockFreeMap@_JV?$NiPointer@V?$BSTask@_J::LockFreeMapIterator@?$LockFreeMap@_JV?$NiPointer@V?$BSTask@_J
0x00842DD0|BSTaskThread::BSTaskThread
0x00842F00|BSTaskThread::BSTaskThread
0x00843070|NiIntegerExtraData::NiIntegerExtraData
0x00843660|BSValueNode::BSValueNode
0x008436A0|BSValueNode::BSValueNode
0x00844E20|BSTempNodeManager::BSTempNodeManager
0x008450D0|BSRangeNode::BSRangeNode
0x00846530|?$NiTArray@V?$NiPointer@VNiRefObject::?$NiTArray@V?$NiPointer@VNiRefObject
0x00846970|BSMultiBoundNode::BSMultiBoundNode
0x00846A40|BSMultiBoundNode::BSMultiBoundNode
0x00846AF0|BSMultiBoundNode::BSMultiBoundNode
0x00849FE0|BSSimpleArray<NiFrustumPlanes>::BSSimpleArray<NiFrustumPlanes>
0x0084A1B0|BSSimpleArray<BSCompoundFrustum::FunctionOp>::FunctionOp>
0x0084A840|BSSimpleArray<NiFrustumPlanes>::BSSimpleArray<NiFrustumPlanes>
0x0084A8E0|BSSimpleArray<BSCompoundFrustum::FunctionOp>::FunctionOp>
0x0084CF80|BSSimpleArray<unsigned int,1024>::BSSimpleArray<unsigned int,1024>
0x0084F460|BSPortalSharedNode::BSPortalSharedNode
0x0084F550|BSPortalSharedNode::BSPortalSharedNode
0x0084F8F0|BSPortal::BSPortal
0x0084FB10|BSMultiBoundSphere::BSMultiBoundSphere
0x008503D0|BSParticleSystemManager::BSParticleSystemManager
0x008504E0|BSParticleSystemManager::BSParticleSystemManager
0x00850610|BSTasklet::BSTasklet
0x00851640|BSTaskletData::BSTaskletData
0x00851658|UpdateMasterPsysTaskletData::UpdateMasterPsysTaskletData
0x008517B0|BSSceneGraph::BSSceneGraph
0x00853DB0|?$NiTPrimitiveArray@PAV?$NiTPrimitiveSet@PAVNiNode::?$NiTPrimitiveArray@PAV?$NiTPrimitiveSet@PAVNiNode
0x00853E40|?$NiTArray@PAV?$NiTPrimitiveSet@PAVNiNode::?$NiTArray@PAV?$NiTPrimitiveSet@PAVNiNode
0x00853FA0|NiTArray<FurnitureMark>::NiTArray<FurnitureMark>
0x00854810|NiTArray<FurnitureMark>::NiTArray<FurnitureMark>
0x00854C50|NiTArray<FurnitureMark>::NiTArray<FurnitureMark>
0x0085A9D0|NiRefObject::NiRefObject
0x0085AC00|BSPortalGraph::BSPortalGraph
0x0085C3C0|BSPSysMultiTargetEmitterCtlr::BSPSysMultiTargetEmitterCtlr
0x0085C440|BSPSysMultiTargetEmitterCtlr::BSPSysMultiTargetEmitterCtlr
0x0085CEB0|BSScissorTriShape::BSScissorTriShape
0x0085CED0|BSScissorTriShape::BSScissorTriShape
0x0085CF30|BSScissorTriShape::BSScissorTriShape
0x0085CFB0|BSScissorTriShape::BSScissorTriShape
0x0085DA70|NiTPrimitiveArray<NiParticles *>::NiTPrimitiveArray<NiParticles *>
0x0085DB90|BSMasterParticleSystem::BSMasterParticleSystem
0x0085EB60|NiTArray<NiParticles *>::NiTArray<NiParticles *>
0x0085EC10|NiTArray<NiParticles *>::NiTArray<NiParticles *>
0x0085ED60|BSTextureData::BSTextureData
0x0085F570|BSNiNode::BSNiNode
0x0085F680|BSNiNode::BSNiNode
0x0085FAA0|BSNiNode::BSNiNode
0x0085FC70|BSPSysStripUpdateModifier::BSPSysStripUpdateModifier
0x0085FD50|BSPSysStripUpdateModifier::BSPSysStripUpdateModifier
0x00860100|BSPSysSimpleColorModifier::BSPSysSimpleColorModifier
0x00860D50|BSMultiBoundCapsule::BSMultiBoundCapsule
0x00861330|BSWArray::BSWArray
0x008613A0|NiIntegersExtraData::NiIntegersExtraData
0x00861A10|?$NiTPrimitiveArray@V?$NiPointer@VNiAVObject::?$NiTPrimitiveArray@V?$NiPointer@VNiAVObject
0x00862890|?$NiTArray@V?$NiPointer@VNiAVObject::?$NiTArray@V?$NiPointer@VNiAVObject
0x00863260|?$NiTArray@V?$NiPointer@VNiAVObject::?$NiTArray@V?$NiPointer@VNiAVObject
0x00863340|BSParentVelocityModifier::BSParentVelocityModifier
0x008633B0|BSParentVelocityModifier::BSParentVelocityModifier
0x00863B40|NiIntegerExtraData::NiIntegerExtraData
0x00864DE0|NiTPrimitiveArray<BSAttachPointPair *>::NiTPrimitiveArray<BSAttachPointPair *>
0x00864E70|NiTArray<BSAttachPointPair *>::NiTArray<BSAttachPointPair *>
0x00865680|NiTArray<BSAttachPointPair *>::NiTArray<BSAttachPointPair *>
0x00865760|NiTArray<BSAttachPointPair *>::NiTArray<BSAttachPointPair *>
0x008665F0|hkpBroadPhaseCastCollector::hkpBroadPhaseCastCollector
0x008681C0|bhkWorldCinfo::bhkWorldCinfo
0x00868230|bhkMemoryAllocator::bhkMemoryAllocator
0x0086ACB0|bhkWorld::bhkWorld
0x0086B950|bhkNiCollisionObject::bhkNiCollisionObject
0x0086C2A8|bhkNiCollisionObject::bhkNiCollisionObject
0x0086C7A0|bhkCharacterListener::bhkCharacterListener
0x0086C830|hkpCharacterProxyListener::hkpCharacterProxyListener
0x0086D1E0|bhkCollisionBox::bhkCollisionBox
0x0086E680|hkpClosestRayHitCollector::hkpClosestRayHitCollector
0x008705C0|bhkCharacterController::bhkCharacterController
0x00872250|hkpAllCdPointCollector::hkpAllCdPointCollector
0x00874760|bhkWindListener::bhkWindListener
0x008747A0|hkaRaycastInterface::hkaRaycastInterface
0x00875CC0|?$NiTMapBase@V?$DFALL@V?$NiTMapItem@PBDV?$NiPointer@VbhkPoseArray::?$NiTMapBase@V?$DFALL@V?$NiTMapItem@PBDV?$NiPointer@VbhkPoseArray
0x00875D90|?$NiTMap@PBDV?$NiPointer@VbhkPoseArray::?$NiTMap@PBDV?$NiPointer@VbhkPoseArray
0x00875E00|?$NiTMapBase@V?$DFALL@V?$NiTMapItem@PBDV?$NiPointer@VbhkRagdollShareData::?$NiTMapBase@V?$DFALL@V?$NiTMapItem@PBDV?$NiPointer@VbhkRagdollShareData
0x00875EE0|?$NiTMap@PBDV?$NiPointer@VbhkRagdollShareData::?$NiTMap@PBDV?$NiPointer@VbhkRagdollShareData
0x00875F80|?$NiTMapBase@V?$DFALL@V?$NiTMapItem@PAVNiAVObject::?$NiTMapBase@V?$DFALL@V?$NiTMapItem@PAVNiAVObject
0x00875FA0|NiTMap<NiAVObject *>::NiTMap<NiAVObject *>
0x0087A630|BSSimpleArray<bhkRagdollController::BoneTransf>::BoneTransf>
0x0087DC00|hkaRaycastInterface::hkaRaycastInterface
0x0087E3B0|?$NiTMapBase@V?$DFALL@V?$NiTMapItem@PAVNiAVObject::?$NiTMapBase@V?$DFALL@V?$NiTMapItem@PAVNiAVObject
0x0087F060|BSSimpleArray<NiAVObject *>::BSSimpleArray<NiAVObject *>
0x0087FB40|hkConstraintCinfo::hkConstraintCinfo
0x00880630|BSSimpleArray<bhkUtilFunctions::AVLevel>::AVLevel>
0x008812D0|BSSimpleArray<bhkUtilFunctions::AVLevel>::AVLevel>
0x00881550|bhkBlendCollisionObject::bhkBlendCollisionObject
0x00881600|bhkBlendCollisionObject::bhkBlendCollisionObject
0x00884C50|bhkShape::bhkShape
0x00885790|bhkWorldObject::bhkWorldObject
0x00886530|hkpMotion::hkpMotion
0x00886720|bhkUnaryAction::bhkUnaryAction
0x00886CB0|bhkMouseSpringAction::bhkMouseSpringAction
0x008877B0|bhkSerializable::bhkSerializable
0x00887970|bhkAction::bhkAction
0x00887D20|bhkRefObject::bhkRefObject
0x00888938|WeaponObject::WeaponObject
0x00888C58|hkLimitedHingeConstraintCinfo::hkLimitedHingeConstraintCinfo
0x008894D0|WeaponObject::WeaponObject
0x00889640|bhkConstraint::bhkConstraint
0x0088A720|bhkBinaryAction::bhkBinaryAction
0x0088ADF0|bhkListShape::bhkListShape
0x0088AF98|bhkListShape::bhkListShape
0x0088BED0|bhkTransformShape::bhkTransformShape
0x0088E9C0|bhkRigidBody::bhkRigidBody
0x0088FFD0|bhkBlendCollisionObjectAddRotation::bhkBlendCollisionObjectAddRotation
0x008903D0|hkBaseObject::hkBaseObject
0x00890830|hkReferencedObjectLock::hkReferencedObjectLock
0x00890B80|hkpWorldCinfo::hkpWorldCinfo
0x00890E00|hkpWorldCinfo::hkpWorldCinfo
0x00891F70|hkpWorldRayCaster::hkpWorldRayCaster
0x00892040|hkpSimpleWorldRayCaster::hkpSimpleWorldRayCaster
0x00892478|hkpWorldLinearCaster::hkpWorldLinearCaster
0x00893E50|hkpWorld::hkpWorld
0x00895A80|hkpWorld::hkpWorld
0x00899EB0|hkDebugDisplay::hkDebugDisplay
0x00899F10|hkDebugDisplay::hkDebugDisplay
0x00899F48|hkBaseObject::hkBaseObject
0x0089CE00|hkpMaxSizeMotion::hkpMaxSizeMotion
0x0089D108|hkpKeyframedRigidMotion::hkpKeyframedRigidMotion
0x0089D130|hkpFixedRigidMotion::hkpFixedRigidMotion
0x0089D190|hkpSphereMotion::hkpSphereMotion
0x0089D1C0|hkpBoxMotion::hkpBoxMotion
0x0089D1F0|hkpThinBoxMotion::hkpThinBoxMotion
0x0089D220|hkpCharacterMotion::hkpCharacterMotion
0x0089D3B0|hkpWorldObject::hkpWorldObject
0x0089D930|hkpBvShape::hkpBvShape
0x0089D990|hkpSingleShapeContainer::hkpSingleShapeContainer
0x0089DB80|hkBaseObject::hkBaseObject
0x0089E340|hkpSingleShapeContainer::hkpSingleShapeContainer
0x0089EA40|hkpShapePhantom::hkpShapePhantom
0x0089EB30|bhkShapePhantom::bhkShapePhantom
0x0089EEC0|bhkSimpleShapePhantom::bhkSimpleShapePhantom
0x0089F3B0|bhkPhantom::bhkPhantom
0x0089F530|bhkAabbPhantom::bhkAabbPhantom
0x0089FB00|bhkConvexShape::bhkConvexShape
0x0089FD70|bhkBoxShape::bhkBoxShape
0x008A0540|bhkSphereRepShape::bhkSphereRepShape
0x008A0660|bhkSphereShape::bhkSphereShape
0x008A0C30|hkaRagdollRaycastInterface::hkaRagdollRaycastInterface
0x008A0D40|BSSimpleArray<bhkRagdollPenetrationUtil::ConstrainedSystem *>::ConstrainedSystem *>
0x008A0DC0|BSSimpleArray<bhkRagdollPenetrationUtil::ConstrainedSystem *>::ConstrainedSystem *>
0x008A2140|hkaRagdollRaycastInterface::hkaRagdollRaycastInterface
0x008A2AD0|BSSimpleArray<bhkRagdollPenetrationUtil::ConstrainedSystem *>::ConstrainedSystem *>
0x008A3560|hkBaseObject::hkBaseObject
0x008A3570|hkPackedNiTriStripsData::hkPackedNiTriStripsData
0x008A39A0|hkNormalTriangleShape::hkNormalTriangleShape
0x008A39F0|hkPackedNiTriStripsShape::hkPackedNiTriStripsShape
0x008A3B90|hkBaseObject::hkBaseObject
0x008A4470|NiTLargeArray<hkNiTriStripsData>::NiTLargeArray<hkNiTriStripsData>
0x008A44A0|NiTLargeArray<hkNiTriStripsData>::NiTLargeArray<hkNiTriStripsData>
0x008A4BC8|NiTLargePrimitiveArray<hkNiTriStripsData>::NiTLargePrimitiveArray<hkNiTriStripsData>
0x008A4DA0|bhkBvTreeShape::bhkBvTreeShape
0x008A5290|bhkPackedNiTriStripsShape::bhkPackedNiTriStripsShape
0x008A5420|bhkPackedNiTriStripsShape::bhkPackedNiTriStripsShape
0x008A6590|bhkNiTriStripsShape::bhkNiTriStripsShape
0x008A66E0|bhkNiTriStripsShape::bhkNiTriStripsShape
0x008A6E68|NiTLargeArray<hkNiTriStripsData>::NiTLargeArray<hkNiTriStripsData>
0x008A7838|NiTLargePrimitiveArray<hkNiTriStripsData>::NiTLargePrimitiveArray<hkNiTriStripsData>
0x008A80A0|hkpRigidBody::hkpRigidBody
0x008A9240|hkpCharacterMotion::hkpCharacterMotion
0x008A9270|hkpSphereMotion::hkpSphereMotion
0x008A9580|hkpCharacterContext::hkpCharacterContext
0x008A95E0|hkpCharacterContext::hkpCharacterContext
0x008A9870|bhkMalleableConstraint::bhkMalleableConstraint
0x008A9900|hkBaseObject::hkBaseObject
0x008A9AA0|hkpMalleableConstraintData::hkpMalleableConstraintData
0x008AA140|bhkLimitedHingeConstraint::bhkLimitedHingeConstraint
0x008AAD10|bhkCapsuleShape::bhkCapsuleShape
0x008ABEC0|ahkpCharacterProxy::ahkpCharacterProxy
0x008ABF60|bhkCharacterProxy::bhkCharacterProxy
0x008ADA70|hkpCharacterProxy::hkpCharacterProxy
0x008ADB00|hkpCharacterProxy::hkpCharacterProxy
0x008AE870|hkpAllCdPointCollector::hkpAllCdPointCollector
0x008AFAD0|hkpAllCdPointCollector::hkpAllCdPointCollector
0x008AFBF0|hkpAllCdPointCollector::hkpAllCdPointCollector
0x008AFD00|hkpAllCdPointCollector::hkpAllCdPointCollector
0x008AFF80|bhkTriSampledHeightFieldBvTreeShape::bhkTriSampledHeightFieldBvTreeShape
0x008B1600|hkErrStream::hkErrStream
0x008B3010|bhkRigidBodyT::bhkRigidBodyT
0x008B3870|bhkRigidBodyT::bhkRigidBodyT
0x008B4230|hkpMaxSizeMotion::hkpMaxSizeMotion
0x008B75D0|bhkWaterListener::bhkWaterListener
0x008B78B0|bhkMultiSphereShape::bhkMultiSphereShape
0x008B8B40|hkBaseObject::hkBaseObject
0x008B9090|hkpLimitedHingeConstraintData::hkpLimitedHingeConstraintData
0x008B9900|bhkFilteredCdBodyCollector::bhkFilteredCdBodyCollector
0x008B9FD0|BSSimpleArray<hkConstraintCinfo *>::BSSimpleArray<hkConstraintCinfo *>
0x008BA000|BSSimpleArray<enum hkpConstraintData::ConstraintType>::ConstraintType>
0x008BA1D0|BSSimpleArray<hkConstraintCinfo *>::BSSimpleArray<hkConstraintCinfo *>
0x008BA5A0|hkMalleableConstraintCinfo::hkMalleableConstraintCinfo
0x008BAF90|bhkRagdollTemplate::bhkRagdollTemplate
0x008BAFF8|?$BSSimpleArray@V?$NiPointer@VbhkRagdollTemplateData::?$BSSimpleArray@V?$NiPointer@VbhkRagdollTemplateData
0x008BBFE0|hkMemorySystem::hkMemorySystem
0x008BC4A0|hkBaseObject::hkBaseObject
0x008BC720|?$NiTMapBase@V?$DFALL@V?$NiTMapItem@PAVNiAVObject::?$NiTMapBase@V?$DFALL@V?$NiTMapItem@PAVNiAVObject
0x008BC740|NiTMap<NiAVObject *>::NiTMap<NiAVObject *>
0x008BC920|bhkLiquidAction::bhkLiquidAction
0x008BD970|bhkHingeConstraint::bhkHingeConstraint
0x008BE880|bhkCollisionBox::bhkCollisionBox
0x008BF1A0|hkMemoryAllocator::hkMemoryAllocator
0x008BFBA0|hkpCollisionFilter::hkpCollisionFilter
0x008C00B0|hkOstream::hkOstream
0x008C00E0|hkBaseObject::hkBaseObject
0x008C04D0|hkOstream::hkOstream
0x008C0500|hkOstream::hkOstream
0x008C0550|hkOstream::hkOstream
0x008C0580|hkMemoryTrackStreamWriter::hkMemoryTrackStreamWriter
0x008C0630|hkOstream::hkOstream
0x008C06F0|hkArrayStreamWriter::hkArrayStreamWriter
0x008C0780|hkBaseObject::hkBaseObject
0x008C0AE0|hkpHavokSnapshot::ConvertListener::ConvertListener
0x008C1520|bhkPoseArray::bhkPoseArray
0x008C1AB0|?$NiTLargeArray@V?$NiPointer@VNiTimeController::?$NiTLargeArray@V?$NiPointer@VNiTimeController
0x008C1E40|bhkExtraData::bhkExtraData
0x008C2358|bhkCachingShapePhantom::bhkCachingShapePhantom
0x008C2AC8|bhkSpringAction::bhkSpringAction
0x008C3270|bhkMotorAction::bhkMotorAction
0x008C35D0|bhkMotorAction::bhkMotorAction
0x008C39C0|bhkDashpotAction::bhkDashpotAction
0x008C3DF0|bhkDashpotAction::bhkDashpotAction
0x008C5090|bhkWheelConstraint::bhkWheelConstraint
0x008C58C0|bhkStiffSpringConstraint::bhkStiffSpringConstraint
0x008C7450|bhkPrismaticConstraint::bhkPrismaticConstraint
0x008C7D00|bhkFixedConstraint::bhkFixedConstraint
0x008C7ED0|bhkFixedConstraint::bhkFixedConstraint
0x008C8148|bhkFixedConstraint::bhkFixedConstraint
0x008C81C0|hkMalleableConstraintCinfo::hkMalleableConstraintCinfo
0x008C8490|bhkHingeLimitsConstraint::bhkHingeLimitsConstraint
0x008C8570|bhkHingeLimitsConstraint::bhkHingeLimitsConstraint
0x008C8CE0|bhkBallSocketConstraintChain::bhkBallSocketConstraintChain
0x008C9160|bhkBallSocketConstraintChain::bhkBallSocketConstraintChain
0x008C95E0|hkBallSocketChainCinfo::hkBallSocketChainCinfo
0x008C9648|bhkBallAndSocketConstraint::bhkBallAndSocketConstraint
0x008C9C70|bhkMoppBvTreeShape::bhkMoppBvTreeShape
0x008C9D00|hkScaledMoppBvTreeShape::hkScaledMoppBvTreeShape
0x008C9ED0|bhkMoppBvTreeShape::bhkMoppBvTreeShape
0x008CA8D0|bhkTriangleShape::bhkTriangleShape
0x008CAF70|hkpTriangleShape::hkpTriangleShape
0x008CBDA0|bhkExtendedMeshShape::bhkExtendedMeshShape
0x008CC740|bhkExtendedMeshShapeData::bhkExtendedMeshShapeData
0x008CCA80|NiTPrimitiveArray<unsigned short>::NiTPrimitiveArray<unsigned short>
0x008CD080|bhkCylinderShape::bhkCylinderShape
0x008CD120|bhkCylinderShape::bhkCylinderShape
0x008CDBC0|bhkConvexVerticesShape::bhkConvexVerticesShape
0x008CE900|bhkConvexTransformShape::bhkConvexTransformShape
0x008CF4F0|bhkConvexSweepShape::bhkConvexSweepShape
0x008D09D0|hkMemoryBlockServer::hkMemoryBlockServer
0x008D0A60|hkLeakDetectAllocator::hkLeakDetectAllocator
0x008D1970|hkVisualDebugger::hkVisualDebugger
0x008D1B08|hkBaseObject::hkBaseObject
0x008D2690|hkpPhysicsContext::hkpPhysicsContext
0x008D26C0|hkpPhysicsContext::hkpPhysicsContext
0x008D27C8|hkBaseObject::hkBaseObject
0x008D27F0|hkProcessContext::hkProcessContext
0x008D2C50|hkpWorldObject::hkpWorldObject
0x008D2CE0|hkpWorldObject::hkpWorldObject
0x008D2DE0|bhkShapeCollection::bhkShapeCollection
0x008D3410|bhkCharacterPointCollector::bhkCharacterPointCollector
0x008D3490|bhkCharacterPointCollector::bhkCharacterPointCollector
0x008D3F90|bhkCharacterStateInAir::bhkCharacterStateInAir
0x008D8160|hkpSphereShape::hkpSphereShape
0x008DF1F0|hkpRagdollConstraintData::hkpRagdollConstraintData
0x008DF2F0|hkpRagdollConstraintData::hkpRagdollConstraintData
0x008DF578|hkpPositionConstraintMotor::hkpPositionConstraintMotor
0x008DF720|hkpMalleableConstraintData::hkpMalleableConstraintData
0x008DF760|hkpMalleableConstraintData::hkpMalleableConstraintData
0x008DF7A0|hkpMalleableConstraintData::hkpMalleableConstraintData
0x008E29E0|hkBaseObject::hkBaseObject
0x008E4A20|hkaSkeletonMapper::hkaSkeletonMapper
0x008F12E0|hkpMoppCode::hkpMoppCode
0x008F2BF0|hkpAabbPhantom::hkpAabbPhantom
0x008F3F40|hkpConstraintInstance::hkpConstraintInstance
0x008F40B0|hkBaseObject::hkBaseObject
0x008F4190|bhkPositionConstraintMotor::bhkPositionConstraintMotor
0x008F45D0|bhkSpringDamperConstraintMotor::bhkSpringDamperConstraintMotor
0x008F4D80|hkpAction::hkpAction
0x008F4DE0|hkBaseObject::hkBaseObject
0x008F56F0|hkpListShape::hkpListShape
0x008F5750|hkpListShape::hkpListShape
0x008F5990|hkpSingleShapeContainer::hkpSingleShapeContainer
0x008F69B0|hkReferencedObject::hkReferencedObject
0x008F86D0|hkBaseObject::hkBaseObject
0x008F87C0|hkpSimulation::hkpSimulation
0x008FA860|hkBaseObject::hkBaseObject
0x008FC030|hkpCollisionDispatcher::hkpCollisionDispatcher
0x008FC140|hkpCollisionDispatcher::hkpCollisionDispatcher
0x008FC590|hkBaseObject::hkBaseObject
0x008FD688|hkpSimpleConstraintContactMgr::hkpSimpleConstraintContactMgr
0x008FD720|hkpSimpleConstraintContactMgr::hkpSimpleConstraintContactMgr
0x008FDAB8|hkBaseObject::hkBaseObject
0x00902DA0|hkpMultiThreadedSimulation::hkpMultiThreadedSimulation
0x009065E0|hkpPhysicsSystem::hkpPhysicsSystem
0x00906640|hkpPhysicsSystem::hkpPhysicsSystem
0x00906F70|hkBaseObject::hkBaseObject
0x00907720|hkpSimulationIsland::hkpSimulationIsland
0x00907738|hkBaseObject::hkBaseObject
0x00908130|hkpPhantom::hkpPhantom
0x00908E80|hkpAabbTreeWorldManager::hkpAabbTreeWorldManager
0x0090A4F0|hkpEntityListener::hkpEntityListener
0x00913BD0|hkp3AxisSweep::hkp3AxisSweep
0x009182E0|hkp3AxisSweep::hkp3AxisSweep
0x0091DFA0|hkpKeyframedRigidMotion::hkpKeyframedRigidMotion
0x0091DFF0|hkBaseObject::hkBaseObject
0x0091E160|hkpFixedRigidMotion::hkpFixedRigidMotion
0x0091E690|hkpBoxMotion::hkpBoxMotion
0x0091F780|hkpSimpleShapePhantom::hkpSimpleShapePhantom
0x0091FA50|hkaDetectRagdollPenetration::hkaDetectRagdollPenetration
0x0091FE78|hkBaseObject::hkBaseObject
0x00921410|hkpShapeCollection::hkpShapeCollection
0x00921930|hkpThinBoxMotion::hkpThinBoxMotion
0x00922590|hkpCapsuleShape::hkpCapsuleShape
0x00922DC0|hkDisplayCapsule::hkDisplayCapsule
0x00924660|hkBaseObject::hkBaseObject
0x00926700|hkpTriSampledHeightFieldCollection::hkpTriSampledHeightFieldCollection
0x00926760|hkpTriSampledHeightFieldCollection::hkpTriSampledHeightFieldCollection
0x00926B50|hkpSingleShapeContainer::hkpSingleShapeContainer
0x00927460|hkBufferedStreamWriter::hkBufferedStreamWriter
0x009274C0|hkBufferedStreamWriter::hkBufferedStreamWriter
0x00927520|hkBaseObject::hkBaseObject
0x0092A760|hkpMultiSphereShape::hkpMultiSphereShape
0x0092B260|hkpAction::hkpAction
0x0092B2B0|hkBaseObject::hkBaseObject
0x0092B640|hkDefaultError::hkDefaultError
0x0092B850|hkSocket::WriterAdapter::WriterAdapter
0x0092BC38|hkBufferedStreamReader::hkBufferedStreamReader
0x0092BDA0|hkBaseObject::hkBaseObject
0x0092BF30|hkStdioStreamWriter::hkStdioStreamWriter
0x0092BFB0|hkBaseObject::hkBaseObject
0x0092C720|hkThreadMemory::hkThreadMemory
0x0092C7F0|hkpAction::hkpAction
0x0092C868|hkLiquidAction::hkLiquidAction
0x0092CF00|hkCpuJobThreadPool::hkCpuJobThreadPool
0x0092CF40|hkBaseObject::hkBaseObject
0x0092D110|hkCpuJobThreadPool::hkCpuJobThreadPool
0x0092DAF0|hkpSymmetricAgentFlipCastCollector::hkpSymmetricAgentFlipCastCollector
0x0092DEF0|hkpBvTreeStreamAgent::hkpBvTreeStreamAgent
0x0092E8A8|hkpSymmetricAgent<hkpBvTreeStreamAgent>::hkpSymmetricAgent<hkpBvTreeStreamAgent>
0x0092E980|hkpSymmetricAgentFlipBodyCollector::hkpSymmetricAgentFlipBodyCollector
0x0092E9B0|hkpSymmetricAgentFlipCollector::hkpSymmetricAgentFlipCollector
0x0092E9F0|hkpSymmetricAgentFlipCastCollector::hkpSymmetricAgentFlipCastCollector
0x0092ED98|hkpSymmetricAgentFlipBodyCollector::hkpSymmetricAgentFlipBodyCollector
0x0092EDD8|hkpSymmetricAgentFlipCollector::hkpSymmetricAgentFlipCollector
0x0092F288|hkpSymmetricAgent<hkpMoppAgent>::hkpSymmetricAgent<hkpMoppAgent>
0x0092F478|hkpSymmetricAgentFlipCastCollector::hkpSymmetricAgentFlipCastCollector
0x0092F998|hkpBvTreeAgent::hkpBvTreeAgent
0x0092FA18|hkpSymmetricAgent<hkpBvTreeAgent>::hkpSymmetricAgent<hkpBvTreeAgent>
0x00931748|hkpSymmetricAgentFlipCollector::hkpSymmetricAgentFlipCollector
0x00932070|hkpHeightFieldAgent::hkpHeightFieldAgent
0x00932370|hkpSymmetricAgentFlipBodyCollector::hkpSymmetricAgentFlipBodyCollector
0x009323B0|hkpSymmetricAgentFlipCollector::hkpSymmetricAgentFlipCollector
0x009323F0|hkpSymmetricAgentFlipCastCollector::hkpSymmetricAgentFlipCastCollector
0x00933940|hkpConvexListAgent::hkpConvexListAgent
0x009345A0|hkpPredGskfAgent::hkpPredGskfAgent
0x00934790|hkpSymmetricAgentFlipBodyCollector::hkpSymmetricAgentFlipBodyCollector
0x009347D0|hkpSymmetricAgentFlipCollector::hkpSymmetricAgentFlipCollector
0x00934810|hkpSymmetricAgentFlipCastCollector::hkpSymmetricAgentFlipCastCollector
0x00934930|hkpSymmetricAgentFlipBodyCollector::hkpSymmetricAgentFlipBodyCollector
0x00934970|hkpSymmetricAgentFlipCollector::hkpSymmetricAgentFlipCollector
0x009349B0|hkpSymmetricAgentFlipCastCollector::hkpSymmetricAgentFlipCastCollector
0x00934B60|hkpSymmetricAgentFlipCastCollector::hkpSymmetricAgentFlipCastCollector
0x00936EC0|hkpSymmetricAgentFlipCastCollector::hkpSymmetricAgentFlipCastCollector
0x00937860|hkpSymmetricAgentFlipBodyCollector::hkpSymmetricAgentFlipBodyCollector
0x009378A0|hkpSymmetricAgentFlipCollector::hkpSymmetricAgentFlipCollector
0x00937D48|hkBaseObject::hkBaseObject
0x00937E80|hkpSymmetricAgentLinearCast<hkpMultiSphereTriangleAgent>::hkpSymmetricAgentLinearCast<hkpMultiSphereTriangleAgent>
0x00938AC0|hkpSymmetricAgentFlipBodyCollector::hkpSymmetricAgentFlipBodyCollector
0x00938ED0|hkpSymmetricAgentFlipCollector::hkpSymmetricAgentFlipCollector
0x0093AC80|hkpSymmetricAgentFlipCastCollector::hkpSymmetricAgentFlipCastCollector
0x0093B1A0|hkpSymmetricAgentFlipBodyCollector::hkpSymmetricAgentFlipBodyCollector
0x0093B1E8|hkpSymmetricAgentFlipCollector::hkpSymmetricAgentFlipCollector
0x0093B240|hkpSymmetricAgentFlipCollector::hkpSymmetricAgentFlipCollector
0x0093CFC0|hkpSymmetricAgentFlipBodyCollector::hkpSymmetricAgentFlipBodyCollector
0x0093D040|hkpSymmetricAgentFlipCollector::hkpSymmetricAgentFlipCollector
0x0093DD50|hkpSymmetricAgentFlipBodyCollector::hkpSymmetricAgentFlipBodyCollector
0x0093E110|hkpSymmetricAgentFlipCollector::hkpSymmetricAgentFlipCollector
0x0093E320|hkpSymmetricAgentLinearCast<hkpSphereCapsuleAgent>::hkpSymmetricAgentLinearCast<hkpSphereCapsuleAgent>
0x0093F048|hkpSymmetricAgentFlipBodyCollector::hkpSymmetricAgentFlipBodyCollector
0x0093F4C0|hkpSymmetricAgentFlipCollector::hkpSymmetricAgentFlipCollector
0x009432F0|hkpSymmetricAgentFlipBodyCollector::hkpSymmetricAgentFlipBodyCollector
0x00943330|hkpSymmetricAgentFlipCollector::hkpSymmetricAgentFlipCollector
0x00943370|hkpSymmetricAgentFlipCastCollector::hkpSymmetricAgentFlipCastCollector
0x009440F0|hkpShapeCollectionAgent::hkpShapeCollectionAgent
0x00944B00|hkpMultiSphereAgent::hkpMultiSphereAgent
0x00944DE0|hkpSymmetricAgentFlipBodyCollector::hkpSymmetricAgentFlipBodyCollector
0x00944E20|hkpSymmetricAgentFlipCollector::hkpSymmetricAgentFlipCollector
0x00944E60|hkpSymmetricAgentFlipCastCollector::hkpSymmetricAgentFlipCastCollector
0x009453D0|hkpBvAgent::hkpBvAgent
0x00945680|hkpSimpleClosestContactCollector::hkpSimpleClosestContactCollector
0x00945B38|hkpFlagCdBodyPairCollector::hkpFlagCdBodyPairCollector
0x00946010|hkpSymmetricAgentFlipBodyCollector::hkpSymmetricAgentFlipBodyCollector
0x00946050|hkpSymmetricAgentFlipCollector::hkpSymmetricAgentFlipCollector
0x00946090|hkpSymmetricAgentFlipCastCollector::hkpSymmetricAgentFlipCastCollector
0x00946C30|hkBaseObject::hkBaseObject
0x009478C0|hkDefaultBuiltinTypeRegistry::hkDefaultBuiltinTypeRegistry
0x00948360|hkpPhysicsData::hkpPhysicsData
0x00948570|hkBinaryTagfileWriter::hkBinaryTagfileWriter
0x009485A0|hkBaseObject::hkBaseObject
0x00948840|hkTypeInfoRegistry::hkTypeInfoRegistry
0x00949538|hkpRigidBody::hkpRigidBody
0x00949550|hkpRigidBody::hkpRigidBody
0x009495A0|hkpStorageSampledHeightFieldShape::hkpStorageSampledHeightFieldShape
0x009495F0|hkpStorageSampledHeightFieldShape::hkpStorageSampledHeightFieldShape
0x00949670|hkpStorageSampledHeightFieldShape::hkpStorageSampledHeightFieldShape
0x009496D0|hkpStorageSampledHeightFieldShape::hkpStorageSampledHeightFieldShape
0x00949700|hkpStorageSampledHeightFieldShape::hkpStorageSampledHeightFieldShape
0x00949770|hkpStorageSampledHeightFieldShape::hkpStorageSampledHeightFieldShape
0x00949C40|hkpStorageExtendedMeshShape::ShapeSubpartStorage::ShapeSubpartStorage
0x00949CB0|hkpStorageExtendedMeshShape::hkpStorageExtendedMeshShape
0x0094A170|hkpStorageExtendedMeshShape::MeshSubpartStorage::MeshSubpartStorage
0x0094A180|hkpStorageExtendedMeshShape::hkpStorageExtendedMeshShape
0x0094AC70|hkpStorageExtendedMeshShape::ShapeSubpartStorage::ShapeSubpartStorage
0x0094AF60|hkpStorageExtendedMeshShape::MeshSubpartStorage::MeshSubpartStorage
0x0094B3B0|hkpStorageMeshShape::SubpartStorage::SubpartStorage
0x0094B400|hkpStorageMeshShape::hkpStorageMeshShape
0x0094BA30|hkpStorageMeshShape::hkpStorageMeshShape
0x0094BAB0|hkpStorageMeshShape::hkpStorageMeshShape
0x0094BC00|hkpStorageMeshShape::SubpartStorage::SubpartStorage
0x0094BDB0|hkBaseObject::hkBaseObject
0x0094C220|hkpPhysicsData::hkpPhysicsData
0x0094C250|hkpPhysicsData::hkpPhysicsData
0x0094CA38|hkpConstraintOwner::hkpConstraintOwner
0x0094CE60|hkpConstraintOwner::hkpConstraintOwner
0x0094D980|hkpDashpotAction::hkpDashpotAction
0x0094DFC0|hkpBreakableConstraintData::hkpBreakableConstraintData
0x0094E000|hkpBreakableConstraintData::hkpBreakableConstraintData
0x0094F0F0|hkpStiffSpringConstraintData::hkpStiffSpringConstraintData
0x0094F2A0|hkpRagdollLimitsData::hkpRagdollLimitsData
0x0094F8D0|hkBaseObject::hkBaseObject
0x0094FE80|hkpPrismaticConstraintData::hkpPrismaticConstraintData
0x00950020|bhkGenericConstraint::bhkGenericConstraint
0x00950C00|hkpGenericConstraintData::hkpGenericConstraintData
0x00950C50|hkBaseObject::hkBaseObject
0x00950C90|hkpGenericConstraintData::hkpGenericConstraintData
0x00952FC0|hkpHingeLimitsData::hkpHingeLimitsData
0x00953220|bhkConstraintChain::bhkConstraintChain
0x00953DF0|hkpBallSocketChainData::hkpBallSocketChainData
0x00954290|hkpBallAndSocketConstraintData::hkpBallAndSocketConstraintData
0x009543E0|hkMoppBvTreeShapeBase::hkMoppBvTreeShapeBase
0x009544A8|hkMoppBvTreeShapeBase::hkMoppBvTreeShapeBase
0x009544F0|hkpSingleShapeContainer::hkpSingleShapeContainer
0x00954960|hkScaledMoppBvTreeShape::hkScaledMoppBvTreeShape
0x00954E70|bhkHeightFieldShape::bhkHeightFieldShape
0x009551D0|hkpPlaneShape::hkpPlaneShape
0x00955240|hkpPlaneShape::hkpPlaneShape
0x009569C0|hkpExtendedMeshShape::hkpExtendedMeshShape
0x00956AB0|hkpExtendedMeshShape::hkpExtendedMeshShape
0x00956E00|hkpExtendedMeshShape::hkpExtendedMeshShape
0x00956F10|hkpExtendedMeshShape::hkpExtendedMeshShape
0x00957AA0|hkpCylinderShape::hkpCylinderShape
0x00957B20|hkpCylinderShape::hkpCylinderShape
0x00958510|hkDisplayCylinder::hkDisplayCylinder
0x00959760|hkpConvexVerticesShape::hkpConvexVerticesShape
0x00959830|hkpShape::hkpShape
0x00959840|hkpConvexVerticesShape::hkpConvexVerticesShape
0x00959870|hkpConvexVerticesShape::hkpConvexVerticesShape
0x00959BD0|hkpConvexVerticesShape::hkpConvexVerticesShape
0x0095D7A0|hkpConvexTransformShape::hkpConvexTransformShape
0x0095E7C0|hkpConvexListShape::hkpConvexListShape
0x0095E900|hkSolverAllocator::hkSolverAllocator
0x0095E940|hkSolverAllocator::hkSolverAllocator
0x0095FFD0|hkFreeListAllocator::hkFreeListAllocator
0x00960270|hkFreeListAllocator::hkFreeListAllocator
0x00960500|hkSystemMemoryBlockServer::hkSystemMemoryBlockServer
0x00960590|hkOArchive::hkOArchive
0x00960830|hkOArchive::hkOArchive
0x00960870|hkOArchive::hkOArchive
0x009608A0|hkOArchive::hkOArchive
0x00960B40|hkOArchive::hkOArchive
0x00962720|hkpWorldPostSimulationListener::hkpWorldPostSimulationListener
0x00962FE0|hkpWorldSnapshotViewer::hkpWorldSnapshotViewer
0x00963340|hkpWorldMemoryViewer::hkpWorldMemoryViewer
0x00963CB0|hkpVehicleViewer::hkpVehicleViewer
0x009648C0|hkpSweptTransformDisplayViewer::hkpSweptTransformDisplayViewer
0x00964AE0|hkpSimulationIslandViewer::hkpSimulationIslandViewer
0x00966490|hkpPhantomDisplayViewer::hkpPhantomDisplayViewer
0x00966518|hkpPhantomListener::hkpPhantomListener
0x00967250|hkpRigidBodyInertiaViewer::hkpRigidBodyInertiaViewer
0x009682F8|hkpToiContactPointViewer::hkpToiContactPointViewer
0x00968840|hkpActiveContactPointViewer::hkpActiveContactPointViewer
0x009690D0|hkpConvexRadiusViewer::hkpConvexRadiusViewer
0x009698B0|hkpConstraintViewer::hkpConstraintViewer
0x00969920|hkpConstraintViewer::hkpConstraintViewer
0x0096A050|hkpRigidBodyCentreOfMassViewer::hkpRigidBodyCentreOfMassViewer
0x0096A0A0|hkpRigidBodyCentreOfMassViewer::hkpRigidBodyCentreOfMassViewer
0x0096A280|hkpMidphaseViewer::hkpMidphaseViewer
0x0096A750|hkpMidphaseViewer::hkpMidphaseViewer
0x0096A940|hkpBroadphaseViewer::hkpBroadphaseViewer
0x0096AC40|hkpBroadphaseViewer::hkpBroadphaseViewer
0x0096ACA0|hkpWorldPostSimulationListener::hkpWorldPostSimulationListener
0x0096AE10|hkpConstraintInstance::hkpConstraintInstance
0x0096AE50|hkpConstraintInstance::hkpConstraintInstance
0x009747B0|hkpConvexTranslateShape::hkpConvexTranslateShape
0x00976940|hkgpConvexHull::hkgpConvexHull
0x00976978|hkBaseObject::hkBaseObject
0x00976CA0|hkgpConvexHull::hkgpConvexHull
0x0097F6A0|hkgpAbstractMesh<hkgpConvexHullImpl::Edge>::Edge>
0x00985178|hkpNullCollisionFilter::hkpNullCollisionFilter
0x00986220|hkpSpringDamperConstraintMotor::hkpSpringDamperConstraintMotor
0x009862D8|hkpSpringDamperConstraintMotor::hkpSpringDamperConstraintMotor
0x00987BF0|hkpConstraintListener::hkpConstraintListener
0x00992F20|hkpSimpleContactConstraintData::hkpSimpleContactConstraintData
0x009933C8|hkpDeferredConstraintOwner::hkpDeferredConstraintOwner
0x009937E7|hkBaseObject::hkBaseObject
0x00997010|hkpBroadPhase::hkpBroadPhase
0x009970C0|hkBaseObject::hkBaseObject
0x0099A040|hkpAabbTreeCollidableRaycaster::hkpAabbTreeCollidableRaycaster
0x0099C110|hkAabbTree<hkAabbTreeData::hkAabbTreeAabb>::hkAabbTreeAabb>
0x0099C180|hkAabbTree<hkAabbTreeData::hkAabbTreeAabb16>::hkAabbTreeAabb16>
0x0099DF50|hkpCollidableMediator::hkpCollidableMediator
0x0099F6E0|hkpSimulation::hkpSimulation
0x0099FB30|hkBaseObject::hkBaseObject
0x009A0770|hkLocalFrameGroup::hkLocalFrameGroup
0x009A0780|hkLocalFrameGroup::hkLocalFrameGroup
0x009A07D0|hkSimpleLocalFrame::hkSimpleLocalFrame
0x009A0910|hkpKeyframedRigidMotion::hkpKeyframedRigidMotion
0x009A0950|hkpMaxSizeMotion::hkpMaxSizeMotion
0x009A0B20|hkpSingleShapeContainer::hkpSingleShapeContainer
0x009A2560|hkBaseObject::hkBaseObject
0x009A2930|hkStackTracer::hkStackTracer
0x009A2960|hkBaseObject::hkBaseObject
0x009A2B90|hkStackTracer::hkStackTracer
0x009A3080|hkBaseObject::hkBaseObject
0x009A30A0|hkBsdSocket::hkBsdSocket
0x009ABF10|hkpGskBaseAgent::hkpGskBaseAgent
0x009ACBD0|hkpGskfAgent::hkpGskfAgent
0x009AF560|hkpSimpleClosestContactCollector::hkpSimpleClosestContactCollector
0x009AF6E8|hkpSimpleClosestContactCollector::hkpSimpleClosestContactCollector
0x009AF8E0|hkpSimpleClosestContactCollector::hkpSimpleClosestContactCollector
0x009B7870|hkCrc32StreamWriter::hkCrc32StreamWriter
0x009BB360|hkDataWorldNative::hkDataWorldNative
0x009BB3F0|hkDataWorldNative::hkDataWorldNative
0x009BC670|hkBinaryPackfileWriter::hkBinaryPackfileWriter
0x009BC6E0|hkBinaryPackfileWriter::hkBinaryPackfileWriter
0x009BDB10|hkBaseObject::hkBaseObject
0x009BDF60|hkPackfileWriter::hkPackfileWriter
0x009BE4D0|hkPackfileWriter::hkPackfileWriter
0x009C0F20|`anonymous namespace'::hkNativeResource::hkNativeResource
0x009C1040|`anonymous namespace'::PackfileObjectCopier::PackfileObjectCopier
0x009C5D30|hkBinaryTagfileReader::hkBinaryTagfileReader
0x009C8080|hkBaseObject::hkBaseObject
0x009C8CD8|hkDataRefCounted::hkDataRefCounted
0x009C96A0|hkDataObjectDict::hkDataObjectDict
0x009C9A50|VecArrayImplementation::VecArrayImplementation
0x009CA0F0|PointerArrayImplementation::PointerArrayImplementation
0x009CA1C0|ByteArrayImplementation::ByteArrayImplementation
0x009CA260|IntArrayImplementation::IntArrayImplementation
0x009CA5A0|RealArrayImplementation::RealArrayImplementation
0x009CA6B0|CstringArrayImplementation::CstringArrayImplementation
0x009CABB0|hkDataClassDict::hkDataClassDict
0x009CAEB0|StructArrayImplementation::StructArrayImplementation
0x009CB890|StructArrayImplementation::StructArrayImplementation
0x009CBFC0|hkDataClassDict::hkDataClassDict
0x009CC130|hkIstream::hkIstream
0x009CC160|hkBaseObject::hkBaseObject
0x009CC670|hkIstream::hkIstream
0x009CC6A0|hkIstream::hkIstream
0x009CC6F0|hkIstream::hkIstream
0x009CD310|hkpMeshShape::hkpMeshShape
0x009CD380|hkpMeshShape::hkpMeshShape
0x009CECC0|hkpPhysicsSystemWithContacts::hkpPhysicsSystemWithContacts
0x009D0568|hkpAction::hkpAction
0x009D05C0|hkpConstraintChainInstance::hkpConstraintChainInstance
0x009D51A0|hkpMoppCostFunction::hkpMoppCostFunction
0x009D51D0|hkBaseObject::hkBaseObject
0x009D52A0|hkpMoppShapeMediator::hkpMoppShapeMediator
0x009D5D50|hkpMoppCachedShapeMediator::hkpMoppCachedShapeMediator
0x009D5D90|hkpMoppCachedShapeMediator::hkpMoppCachedShapeMediator
0x009D7EC0|hkFreeListAllocatorServer::hkFreeListAllocatorServer
0x009D8D40|hkLargeBlockAllocator::hkLargeBlockAllocator
0x009D9130|hkIArchive::hkIArchive
0x009D9160|hkIArchive::hkIArchive
0x009D91A0|hkIArchive::hkIArchive
0x009D91F0|hkBaseObject::hkBaseObject
0x009D9460|hkProcessFactory::hkProcessFactory
0x009D94C0|hkProcessFactory::hkProcessFactory
0x009D9CC0|hkServerDebugDisplayHandler::hkServerDebugDisplayHandler
0x009DA690|hkDisplaySerializeOStream::hkDisplaySerializeOStream
0x009DB670|hkInspectProcess::hkInspectProcess
0x009DB6E0|hkBaseObject::hkBaseObject
0x009DBF00|hkStatisticsProcess::hkStatisticsProcess
0x009DC0B0|hkStatisticsProcess::hkStatisticsProcess
0x009DCAF0|hkDebugDisplayProcess::hkDebugDisplayProcess
0x009DCB50|hkBaseObject::hkBaseObject
0x009DCC60|hkBaseObject::hkBaseObject
0x009DCCB0|hkpWorldViewerBase::hkpWorldViewerBase
0x009DFB80|hkpShapeDisplayBuilder::hkpShapeDisplayBuilder
0x009E1190|hkDisplayAABB::hkDisplayAABB
0x009E1210|hkDisplayAABB::hkDisplayAABB
0x009E1D20|hkDisplayConvex::hkDisplayConvex
0x009E1F50|hkDisplayBox::hkDisplayBox
0x009E1FF0|hkDisplayBox::hkDisplayBox
0x009E29B0|hkpContactPointViewer::hkpContactPointViewer
0x009E2A40|hkpWorldPostSimulationListener::hkpWorldPostSimulationListener
0x009E3060|hkpConvexRadiusBuilder::hkpConvexRadiusBuilder
0x009E49B0|hkDisplaySemiCircle::hkDisplaySemiCircle
0x009E4A80|hkDisplaySemiCircle::hkDisplaySemiCircle
0x009E4F20|hkDisplayPlane::hkDisplayPlane
0x009E4FF0|hkDisplayPlane::hkDisplayPlane
0x009E53B0|hkDisplayCone::hkDisplayCone
0x009E5450|hkDisplayCone::hkDisplayCone
0x009EDF10|?$ConstFunction@U?$IFunction@VhkVector4::?$ConstFunction@U?$IFunction@VhkVector4
0x009EE750|hkpPointToPathConstraintData::hkpPointToPathConstraintData
0x009EE7D0|hkBaseObject::hkBaseObject
0x009EF160|hkpPairCollisionFilter::hkpPairCollisionFilter
0x009EF350|hkpPairCollisionFilter::hkpPairCollisionFilter
0x009F67D0|hkSimpleLocalFrame::hkSimpleLocalFrame
0x009F6E10|hkpFixedBufferCdPointCollector::hkpFixedBufferCdPointCollector
0x009F7760|hkpFixedBufferCdPointCollector::hkpFixedBufferCdPointCollector
0x009F89B0|hkpFixedBufferRayHitCollector::hkpFixedBufferRayHitCollector
0x009FB2D0|hkpSingleShapeContainer::hkpSingleShapeContainer
0x009FB590|hkaWaveletCompressedAnimation::hkaWaveletCompressedAnimation
0x009FB8B8|hkaSplineCompressedAnimation::hkaSplineCompressedAnimation
0x009FB8D0|hkaSplineCompressedAnimation::hkaSplineCompressedAnimation
0x009FBA10|hkaSkeleton::hkaSkeleton
0x009FBB70|hkaDeltaCompressedAnimation::hkaDeltaCompressedAnimation
0x009FBD30|hkpVehicleLinearCastWheelCollide::hkpVehicleLinearCastWheelCollide
0x009FBDF8|hkpVehicleInstance::hkpVehicleInstance
0x009FBE20|hkpVehicleInstance::hkpVehicleInstance
0x009FBF60|hkpVehicleDefaultSuspension::hkpVehicleDefaultSuspension
0x009FBFA8|hkBaseObject::hkBaseObject
0x009FC070|hkpVehicleDefaultBrake::hkpVehicleDefaultBrake
0x009FC140|hkpVehicleData::hkpVehicleData
0x009FC290|hkpTyremarksWheel::hkpTyremarksWheel
0x009FC2B0|hkpTyremarksInfo::hkpTyremarksInfo
0x009FC400|hkpSerializedAgentNnEntry::hkpSerializedAgentNnEntry
0x009FC480|hkpSerializedDisplayRbTransforms::hkpSerializedDisplayRbTransforms
0x009FC530|hkpPoweredChainMapper::hkpPoweredChainMapper
0x009FC630|hkpMoppCode::hkpMoppCode
0x009FC6D0|hkpWheelConstraintData::hkpWheelConstraintData
0x009FC740|hkpStiffSpringConstraintData::hkpStiffSpringConstraintData
0x009FC850|hkpSimpleShapePhantom::hkpSimpleShapePhantom
0x009FC910|hkpRotationalConstraintData::hkpRotationalConstraintData
0x009FC9A0|hkpRagdollLimitsData::hkpRagdollLimitsData
0x009FCA30|hkpRagdollConstraintData::hkpRagdollConstraintData
0x009FCAA0|hkpPulleyConstraintData::hkpPulleyConstraintData
0x009FCB10|hkpPrismaticConstraintData::hkpPrismaticConstraintData
0x009FCC00|hkpPointToPlaneConstraintData::hkpPointToPlaneConstraintData
0x009FCC70|hkpLimitedHingeConstraintData::hkpLimitedHingeConstraintData
0x009FCCE0|hkpHingeLimitsData::hkpHingeLimitsData
0x009FCD50|hkpHingeConstraintData::hkpHingeConstraintData
0x009FCEA0|hkpBallAndSocketConstraintData::hkpBallAndSocketConstraintData
0x009FCF60|hkpSimpleMeshShape::hkpSimpleMeshShape
0x009FD7D0|hkxNode::hkxNode
0x009FD808|hkxNode::hkxNode
0x009FD998|hkxMaterial::hkxMaterial
0x009FD9B0|hkxMaterial::hkxMaterial
0x009FDB60|hkxSparselyAnimatedEnum::hkxSparselyAnimatedEnum
0x009FDB80|hkxEnum::hkxEnum
0x009FDE50|hkTraceStream::hkTraceStream
0x009FDFC0|hkMonitorStreamColorTable::hkMonitorStreamColorTable
0x009FE010|hkBaseObject::hkBaseObject
0x009FE2F0|hkaSkeletonMapper::hkaSkeletonMapper
0x009FE350|hkaInterleavedUncompressedAnimation::hkaInterleavedUncompressedAnimation
0x009FE4A0|hkaFootstepAnalysisInfoContainer::hkaFootstepAnalysisInfoContainer
0x009FE510|hkaDefaultAnimatedReferenceFrame::hkaDefaultAnimatedReferenceFrame
0x009FE5B0|hkaBoneAttachment::hkaBoneAttachment
0x009FE5E0|hkaBoneAttachment::hkaBoneAttachment
0x009FE6A0|hkaAnimationPreviewColorContainer::hkaAnimationPreviewColorContainer
0x009FE710|hkaAnimationContainer::hkaAnimationContainer
0x009FE9B0|hkaAnimationBinding::hkaAnimationBinding
0x009FEB70|hkpVehicleRayCastBatchingManager::hkpVehicleRayCastBatchingManager
0x009FEC20|hkpVehicleLinearCastBatchingManager::hkpVehicleLinearCastBatchingManager
0x009FEC80|hkpVehicleDriverInputAnalogStatus::hkpVehicleDriverInputAnalogStatus
0x009FECA0|hkpVehicleDefaultAnalogDriverInput::hkpVehicleDefaultAnalogDriverInput
0x009FECE0|hkpVehicleDefaultVelocityDamper::hkpVehicleDefaultVelocityDamper
0x009FED20|hkpVehicleDefaultTransmission::hkpVehicleDefaultTransmission
0x009FEE10|hkpVehicleDefaultSteering::hkpVehicleDefaultSteering
0x009FEEB0|hkpVehicleDefaultEngine::hkpVehicleDefaultEngine
0x009FEF40|hkpRejectChassisListener::hkpRejectChassisListener
0x009FEF50|hkpSpringAction::hkpSpringAction
0x009FEF90|hkpSpringAction::hkpSpringAction
0x009FF000|hkpSerializedDisplayMarkerList::hkpSerializedDisplayMarkerList
0x009FF010|hkpSerializedDisplayMarkerList::hkpSerializedDisplayMarkerList
0x009FF0E0|hkpSerializedDisplayMarker::hkpSerializedDisplayMarker
0x009FF0F0|hkpReorientAction::hkpReorientAction
0x009FF130|hkpReorientAction::hkpReorientAction
0x009FF1F0|hkpPhysicsSystemWithContacts::hkpPhysicsSystemWithContacts
0x009FF220|hkpPhysicsSystemWithContacts::hkpPhysicsSystemWithContacts
0x009FF270|hkpMouseSpringAction::hkpMouseSpringAction
0x009FF2B0|hkpMouseSpringAction::hkpMouseSpringAction
0x009FF340|hkpMotorAction::hkpMotorAction
0x009FF380|hkpMotorAction::hkpMotorAction
0x009FF430|hkpGroupCollisionFilter::hkpGroupCollisionFilter
0x009FF5F0|hkpDisplayBindingData::RigidBody::RigidBody
0x009FF610|hkpDisplayBindingData::PhysicsSystem::PhysicsSystem
0x009FF630|hkpDisplayBindingData::hkpDisplayBindingData
0x009FF8D0|hkpDisableEntityCollisionFilter::hkpDisableEntityCollisionFilter
0x009FF9B0|hkpDashpotAction::hkpDashpotAction
0x009FFA00|hkpDashpotAction::hkpDashpotAction
0x009FFA90|hkpConstrainedSystemFilter::hkpConstrainedSystemFilter
0x009FFBE0|hkpAngularDashpotAction::hkpAngularDashpotAction
0x009FFC20|hkpAngularDashpotAction::hkpAngularDashpotAction
0x009FFC90|hkpConvexPieceStreamData::hkpConvexPieceStreamData
0x009FFDB0|hkpVelocityConstraintMotor::hkpVelocityConstraintMotor
0x009FFE10|hkpThinBoxMotion::hkpThinBoxMotion
0x009FFE50|hkpSpringDamperConstraintMotor::hkpSpringDamperConstraintMotor
0x009FFEB0|hkpSphereMotion::hkpSphereMotion
0x009FFEF0|hkpPositionConstraintMotor::hkpPositionConstraintMotor
0x009FFF50|hkpPointToPathConstraintData::hkpPointToPathConstraintData
0x009FFFF0|hkpLinearParametricCurve::hkpLinearParametricCurve
0x00A00130|hkpFixedRigidMotion::hkpFixedRigidMotion
0x00A00150|hkpFixedRigidMotion::hkpFixedRigidMotion
0x00A00190|hkpDefaultWorldMemoryWatchDog::hkpDefaultWorldMemoryWatchDog
0x00A001C0|hkpConstraintChainInstanceAction::hkpConstraintChainInstanceAction
0x00A001F0|hkpConstraintChainInstanceAction::hkpConstraintChainInstanceAction
0x00A00240|hkpConstraintChainInstance::hkpConstraintChainInstance
0x00A00290|hkpConstraintChainInstance::hkpConstraintChainInstance
0x00A00320|hkpCharacterMotion::hkpCharacterMotion
0x00A00360|hkpCallbackConstraintMotor::hkpCallbackConstraintMotor
0x00A003D0|hkpCachingShapePhantom::hkpCachingShapePhantom
0x00A00480|hkpBoxMotion::hkpBoxMotion
0x00A004F0|hkpAabbPhantom::hkpAabbPhantom
0x00A005A0|hkpTriangleShape::hkpTriangleShape
0x00A00610|hkpShape::hkpShape
0x00A00620|hkpTriSampledHeightFieldCollection::hkpTriSampledHeightFieldCollection
0x00A006D0|hkpSingleShapeContainer::hkpSingleShapeContainer
0x00A00780|hkpTransformShape::hkpTransformShape
0x00A007E0|hkpSphereShape::hkpSphereShape
0x00A00820|hkpShapeInfo::hkpShapeInfo
0x00A00830|hkpShapeInfo::hkpShapeInfo
0x00A00970|hkpRemoveTerminalsMoppModifier::hkpRemoveTerminalsMoppModifier
0x00A00A10|hkpPlaneShape::hkpPlaneShape
0x00A00A80|hkpNullCollisionFilter::hkpNullCollisionFilter
0x00A00B30|hkpMultiSphereShape::hkpMultiSphereShape
0x00A00BA0|hkpGroupFilter::hkpGroupFilter
0x00A00CD0|hkpFastMeshShape::hkpFastMeshShape
0x00A00D20|hkpDefaultConvexListFilter::hkpDefaultConvexListFilter
0x00A00DC0|hkpConvexVerticesConnectivity::hkpConvexVerticesConnectivity
0x00A00ED0|hkpConvexTranslateShape::hkpConvexTranslateShape
0x00A00F40|hkpConvexTransformShape::hkpConvexTransformShape
0x00A00FB0|hkpConvexPieceMeshShape::hkpConvexPieceMeshShape
0x00A010B0|hkpConvexListShape::hkpConvexListShape
0x00A01130|hkpCompressedSampledHeightFieldShape::hkpCompressedSampledHeightFieldShape
0x00A01250|hkpCollisionFilterList::hkpCollisionFilterList
0x00A01370|hkpCapsuleShape::hkpCapsuleShape
0x00A013E0|hkpBvShape::hkpBvShape
0x00A01440|hkpBoxShape::hkpBoxShape
0x00A01490|hkMemoryMeshShape::hkMemoryMeshShape
0x00A01540|hkxVertexVectorDataChannel::hkxVertexVectorDataChannel
0x00A015C0|hkxVertexIntDataChannel::hkxVertexIntDataChannel
0x00A01670|hkxVertexFloatDataChannel::hkxVertexFloatDataChannel
0x00A016B0|hkxTriangleSelectionChannel::hkxTriangleSelectionChannel
0x00A016E0|hkxTextureInplace::hkxTextureInplace
0x00A01710|hkxTextureInplace::hkxTextureInplace
0x00A017F0|hkxTextureFile::hkxTextureFile
0x00A01830|hkxTextureFile::hkxTextureFile
0x00A018F0|hkxSparselyAnimatedString::hkxSparselyAnimatedString
0x00A01A00|hkxSparselyAnimatedInt::hkxSparselyAnimatedInt
0x00A01A40|hkxSparselyAnimatedBool::hkxSparselyAnimatedBool
0x00A01B20|hkxSkinBinding::hkxSkinBinding
0x00A01C30|hkxScene::hkxScene
0x00A01C60|hkxScene::hkxScene
0x00A01D10|hkxNodeSelectionSet::hkxNodeSelectionSet
0x00A01E80|hkxMesh::UserChannelInfo::UserChannelInfo
0x00A01EB0|hkxMesh::UserChannelInfo::UserChannelInfo
0x00A01F60|hkxMeshSection::hkxMeshSection
0x00A02140|hkxMaterialShader::hkxMaterialShader
0x00A02180|hkxMaterialShader::hkxMaterialShader
0x00A022A0|hkxMaterialEffect::hkxMaterialEffect
0x00A02370|hkxLight::hkxLight
0x00A023B0|hkxIndexBuffer::hkxIndexBuffer
0x00A02490|hkxEdgeSelectionChannel::hkxEdgeSelectionChannel
0x00A024D0|hkxCamera::hkxCamera
0x00A02510|hkxAttributeHolder::hkxAttributeHolder
0x00A02550|hkxAnimatedVector::hkxAnimatedVector
0x00A02590|hkxAnimatedQuaternion::hkxAnimatedQuaternion
0x00A02640|hkxAnimatedMatrix::hkxAnimatedMatrix
0x00A026F0|hkxAnimatedFloat::hkxAnimatedFloat
0x00A027A0|hkOstream::hkOstream
0x00A02BB0|hkPlatformObjectWriter::hkPlatformObjectWriter
0x00A02EF0|hkOffsetOnlyStreamWriter::hkOffsetOnlyStreamWriter
0x00A03120|hkObjectCopier::hkObjectCopier
0x00A03160|hkBaseObject::hkBaseObject
0x00A04F10|hkObjectResource::hkObjectResource
0x00A04F80|hkBaseObject::hkBaseObject
0x00A057C0|hkPackfileData::hkPackfileData
0x00A05B40|hkMemoryStreamReader::hkMemoryStreamReader
0x00A05BB0|hkBaseObject::hkBaseObject
0x00A05D10|hkpSerializedAgentNnEntry::hkpSerializedAgentNnEntry
0x00A065F0|hkpMoppCodeGenerator::hkpMoppCodeGenerator
0x00A06650|hkpMoppCodeGenerator::hkpMoppCodeGenerator
0x00A090C0|hkpMoppDefaultAssembler::hkpMoppDefaultAssembler
0x00A09450|hkpMoppDefaultAssembler::hkpMoppDefaultAssembler
0x00A09480|hkBaseObject::hkBaseObject
0x00A09BA0|hkpMoppDefaultSplitter::hkpMoppDefaultSplitter
0x00A09BD0|hkBaseObject::hkBaseObject
0x00A0AF50|hkDisplaySphere::hkDisplaySphere
0x00A120E0|hkgpMesh::CollideShapeTriangle::CollideShapeTriangle
0x00A121C0|hkgpMeshInternals::RayCaster::RayCaster
0x00A12260|hkgpMeshInternals::TriangleOverlap::TriangleOverlap
0x00A13210|hkgpMesh::NearestFeaturePolicy::NearestFeaturePolicy
0x00A15268|hkgpMeshInternals::SimpleCollector::SimpleCollector
0x00A160F0|hkgpMeshInternals::SimpleCollector::SimpleCollector
0x00A1AB00|hkgpMeshInternals::SimpleCollector::SimpleCollector
0x00A1C940|hkgpMesh::PrismPolicy::PrismPolicy
0x00A1DB28|TreeTreeNodePairCollector@?$hkAabbTreeQueryUtils@UhkAabbTreeAabb@hkAabbTreeData::TreeTreeNodePairCollector@?$hkAabbTreeQueryUtils@UhkAabbTreeAabb@hkAabbTreeData
0x00A1EFE8|hkBaseObject::hkBaseObject
0x00A1F888|hkgpTriangulatorType<hkgpTriangulatorBase::VertexBase>::VertexBase>
0x00A1F8B0|?$hkgpAbstractMesh@UEdge@?$hkgpTriangulatorType@UVertexBase@hkgpTriangulatorBase::?$hkgpAbstractMesh@UEdge@?$hkgpTriangulatorType@UVertexBase@hkgpTriangulatorBase
0x00A21408|?$hkgpAbstractMesh@UEdge@?$hkgpTriangulatorType@UVertexBase@hkgpTriangulatorBase::?$hkgpAbstractMesh@UEdge@?$hkgpTriangulatorType@UVertexBase@hkgpTriangulatorBase
0x00A2ABF0|hkpFixedBufferRayHitCollector::hkpFixedBufferRayHitCollector
0x00A2B070|hkCpuWorldRayCastCollector::hkCpuWorldRayCastCollector
0x00A2B510|hkCpuWorldRayCastCollector::hkCpuWorldRayCastCollector
0x00A2EA20|hkMemoryResourceHandle::hkMemoryResourceHandle
0x00A2EA40|hkMemoryResourceHandle::hkMemoryResourceHandle
0x00A2EB80|hkMemoryResourceContainer::hkMemoryResourceContainer
0x00A2EBC0|hkMemoryResourceContainer::hkMemoryResourceContainer
0x00A2EC00|hkMemoryResourceContainer::hkMemoryResourceContainer
0x00A2EC90|hkBaseObject::hkBaseObject
0x00A2F500|hkaAnimation::hkaAnimation
0x00A345A0|hkaSplineCompressedAnimation::hkaSplineCompressedAnimation
0x00A347C0|hkaMeshBinding::hkaMeshBinding
0x00A34800|hkaMeshBinding::hkaMeshBinding
0x00A34820|hkaMeshBinding::hkaMeshBinding
0x00A360F0|hkBaseObject::hkBaseObject
0x00A38BF0|hkpVehicleInstance::hkpVehicleInstance
0x00A3A360|hkpTyremarksInfo::hkpTyremarksInfo
0x00A3A3D0|hkpSerializedDisplayRbTransforms::hkpSerializedDisplayRbTransforms
0x00A3AD80|hkpPoweredChainMapper::hkpPoweredChainMapper
0x00A3B060|hkpStiffSpringChainData::hkpStiffSpringChainData
0x00A3B0A0|hkpStiffSpringChainData::hkpStiffSpringChainData
0x00A3B8F0|hkpPoweredChainData::hkpPoweredChainData
0x00A3B960|hkpPoweredChainData::hkpPoweredChainData
0x00A3B9A0|hkpPoweredChainData::hkpPoweredChainData
0x00A3C680|hkpMultiRayShape::hkpMultiRayShape
0x00A3DAE0|hkpCompressedMeshShape::hkpCompressedMeshShape
0x00A3DBD0|hkpCompressedMeshShape::hkpCompressedMeshShape
0x00A3E950|hkxAttributeHolder::hkxAttributeHolder
0x00A3EAA0|hkxAttributeHolder::hkxAttributeHolder
0x00A3ED80|hkxNode::hkxNode
0x00A3F110|hkxMaterial::hkxMaterial
0x00A3F510|hkxEnvironment::hkxEnvironment
0x00A402E0|hkaInterleavedUncompressedAnimation::hkaInterleavedUncompressedAnimation
0x00A40CB0|hkaFootstepAnalysisInfo::hkaFootstepAnalysisInfo
0x00A40FD0|hkaFootstepAnalysisInfoContainer::hkaFootstepAnalysisInfoContainer
0x00A41028|hkBaseObject::hkBaseObject
0x00A41830|hkaDefaultAnimatedReferenceFrame::hkaDefaultAnimatedReferenceFrame
0x00A41E20|hkaAnimationPreviewColorContainer::hkaAnimationPreviewColorContainer
0x00A41FC0|hkBaseObject::hkBaseObject
0x00A42740|hkpVehicleManager::hkpVehicleManager
0x00A44E70|hkBaseObject::hkBaseObject
0x00A45120|hkpMountedBallGun::hkpMountedBallGun
0x00A45150|hkpMountedBallGun::hkpMountedBallGun
0x00A45530|hkpGroupCollisionFilter::hkpGroupCollisionFilter
0x00A46260|hkpGravityGun::hkpGravityGun
0x00A46300|hkpGravityGun::hkpGravityGun
0x00A46518|hkpClosestCdPointCollector::hkpClosestCdPointCollector
0x00A46660|hkpFirstPersonGun::hkpFirstPersonGun
0x00A466A0|hkpFirstPersonGun::hkpFirstPersonGun
0x00A466E0|hkpFirstPersonGun::hkpFirstPersonGun
0x00A468B0|hkpDisableEntityCollisionFilter::hkpDisableEntityCollisionFilter
0x00A46900|hkpDisableEntityCollisionFilter::hkpDisableEntityCollisionFilter
0x00A46B30|hkpConstrainedSystemFilter::hkpConstrainedSystemFilter
0x00A46B80|hkpConstrainedSystemFilter::hkpConstrainedSystemFilter
0x00A46BB8|hkBaseObject::hkBaseObject
0x00A46F20|hkpBallGun::hkpBallGun
0x00A46F90|hkpBallGun::hkpBallGun
0x00A47020|hkpBallGun::hkpBallGun
0x00A485D0|hkpRemoveTerminalsMoppModifier::hkpRemoveTerminalsMoppModifier
0x00A48740|hkpRemoveTerminalsMoppModifier::hkpRemoveTerminalsMoppModifier
0x00A489B0|hkpGroupFilter::hkpGroupFilter
0x00A48A80|hkBaseObject::hkBaseObject
0x00A490D0|hkpConvexPieceMeshShape::hkpConvexPieceMeshShape
0x00A499D0|hkpCompressedSampledHeightFieldShape::hkpCompressedSampledHeightFieldShape
0x00A49E50|hkpCollisionFilterList::hkpCollisionFilterList
0x00A49F40|hkpCollisionFilterList::hkpCollisionFilterList
0x00A49FE0|hkpCollisionFilterList::hkpCollisionFilterList
0x00A4A460|hkMemoryMeshShape::hkMemoryMeshShape
0x00A4A6A0|hkxScene::hkxScene
0x00A4A750|hkxScene::hkxScene
0x00A4AD00|hkxMesh::hkxMesh
0x00A4AD10|hkxMesh::hkxMesh
0x00A4AE80|hkxMaterialShaderSet::hkxMaterialShaderSet
0x00A4AF60|hkAlignSceneToNodeOptions::hkAlignSceneToNodeOptions
0x00A4AF80|hkAlignSceneToNodeOptions::hkAlignSceneToNodeOptions
0x00A4DDE0|hkKdTreeCpuBroadphaseBundleCastCollector::hkKdTreeCpuBroadphaseBundleCastCollector
0x00A607C0|hkpConvexPieceShape::hkpConvexPieceShape
0x00A61720|hkxMeshSection::hkxMeshSection
0x00A68830|NiDX9SourceTextureData::NiDX9SourceTextureData
0x00A754A0|NiTMapBase<NiTPointerAllocator<unsigned int> >::NiTMapBase<NiTPointerAllocator<unsigned int> >
0x00A75728|?$NiTMapBase@V?$DFALL@V?$NiTMapItem@W4_D3DFORMAT::?$NiTMapBase@V?$DFALL@V?$NiTMapItem@W4_D3DFORMAT
0x00A75A70|NiDX9Renderer::NiDX9Renderer
0x00A78840|NiD3DShaderDeclaration::NiD3DShaderDeclaration
0x00A78BE0|NiD3DShaderDeclaration::NiD3DShaderDeclaration
0x00A7A6A0|?$NiTArray@P6AIAAVPackingParameters@NiD3DShaderDeclaration::?$NiTArray@P6AIAAVPackingParameters@NiD3DShaderDeclaration
0x00A7A888|NiTPrimitiveArray<NiD3DShaderDeclaration::NiPackerEntry *>::NiPackerEntry *>
0x00A7B040|NiTPointerMap<enum _D3DFORMAT>::NiTPointerMap<enum _D3DFORMAT>
0x00A7B260|NiTMapBase<NiTPointerAllocator<unsigned int> >::NiTMapBase<NiTPointerAllocator<unsigned int> >
0x00A7C540|NiD3DDefaultShader::NiD3DDefaultShader
0x00A7C6B0|NiD3DDefaultShader::NiD3DDefaultShader
0x00A7D1B0|NiDX92DBufferData::NiDX92DBufferData
0x00A7D4E0|NiDX92DBufferData::NiDX92DBufferData
0x00A7D8D0|NiDX9ImplicitDepthStencilBufferData::NiDX9ImplicitDepthStencilBufferData
0x00A7D940|NiRefObject::NiRefObject
0x00A7DBC0|NiDX9AdditionalDepthStencilBufferData::NiDX9AdditionalDepthStencilBufferData
0x00A7FEA0|NiD3DPass::NiD3DPass
0x00A80020|?$NiTObjectArray@V?$NiPointer@VNiD3DTextureStage::?$NiTObjectArray@V?$NiPointer@VNiD3DTextureStage
0x00A800F0|NiD3DPass::NiD3DPass
0x00A806C0|NiD3DShader::NiD3DShader
0x00A818A0|NiD3DShaderInterface::NiD3DShaderInterface
0x00A81A50|NiD3DShaderInterface::NiD3DShaderInterface
0x00A81BA0|NiRefObject::NiRefObject
0x00A81C00|NiRefObject::NiRefObject
0x00A87690|NiD3DShaderConstantMap::NiD3DShaderConstantMap
0x00A877A0|?$NiTArray@V?$NiPointer@VNiShaderConstantMapEntry::?$NiTArray@V?$NiPointer@VNiShaderConstantMapEntry
0x00A877C8|?$NiTArray@V?$NiPointer@VNiShaderConstantMapEntry::?$NiTArray@V?$NiPointer@VNiShaderConstantMapEntry
0x00A877D8|NiRefObject::NiRefObject
0x00A881A0|NiRefObject::NiRefObject
0x00A88B00|NiRefObject::NiRefObject
0x00A88D60|NiD3DGeometryGroupManager::NiD3DGeometryGroupManager
0x00A897D0|NiRefObject::NiRefObject
0x00A89840|NiD3DShaderProgram::NiD3DShaderProgram
0x00A89970|NiD3DPixelShader::NiD3DPixelShader
0x00A8A2B0|NiTexture::RendererData::RendererData
0x00A8AA08|NiTexture::RendererData::RendererData
0x00A8B630|NiTPointerMap<NiLight *>::NiTPointerMap<NiLight *>
0x00A8BAE0|NiTMapBase<NiTPointerAllocator<unsigned int> >::NiTMapBase<NiTPointerAllocator<unsigned int> >
0x00A8D0E0|NiRefObject::NiRefObject
0x00A8DB90|NiFragmentShaderInstanceDescriptor::NiFragmentShaderInstanceDescriptor
0x00A8E4B0|NiD3DGPUProgramCache::NiD3DGPUProgramCache
0x00A8F0F0|NiGeometryBufferData::NiGeometryBufferData
0x00A8F840|NiDX9IndexBufferManager::NiDX9IndexBufferManager
0x00A8FD80|NiDX9RenderedTextureData::NiDX9RenderedTextureData
0x00A90A80|NiRefObject::NiRefObject
0x00A92520|NiTPointerMap<char const *,NiShader *>::NiTPointerMap<char const *,NiShader *>
0x00A925A0|?$NiTPointerMap@PBDV?$NiPointer@VNiShaderLibrary::?$NiTPointerMap@PBDV?$NiPointer@VNiShaderLibrary
0x00A92CF0|NiD3DShaderFactory::NiD3DShaderFactory
0x00A92DC0|NiD3DShaderFactory::NiD3DShaderFactory
0x00A93400|NiTPointerMap<char const *,NiD3DVertexShader *>::NiTPointerMap<char const *,NiD3DVertexShader *>
0x00A934D0|NiTPointerMap<char const *,NiD3DPixelShader *>::NiTPointerMap<char const *,NiD3DPixelShader *>
0x00A93540|NiTPointerMap<char const *,NiD3DShaderProgramCreator *>::NiTPointerMap<char const *,NiD3DShaderProgramCreator *>
0x00A93AD0|NiRefObject::NiRefObject
0x00A93E00|NiD3DShaderProgramFactory::NiD3DShaderProgramFactory
0x00A93E18|NiRefObject::NiRefObject
0x00A943F0|NiTArray<NiVBBlock *>::NiTArray<NiVBBlock *>
0x00A94AB0|NiTMapBase<NiTPointerAllocator<unsigned int> >::NiTMapBase<NiTPointerAllocator<unsigned int> >
0x00A96C90|NiD3DHLSLPixelShader::NiD3DHLSLPixelShader
0x00A971D0|NiD3DHLSLVertexShader::NiD3DHLSLVertexShader
0x00A97790|NiDX9ShaderConstantManager::NiDX9ShaderConstantManager
0x00A97C80|NiD3DPixelShader::NiD3DPixelShader
0x00A98640|NiTArray<NiVBChip *>::NiTArray<NiVBChip *>
0x00A986F0|NiGeometryGroup::NiGeometryGroup
0x00A98710|NiGeometryGroup::NiGeometryGroup
0x00A98910|NiRefObject::NiRefObject
0x00A989C0|NiD3DShaderConstantManager::NiD3DShaderConstantManager
0x00A98DB0|NiTPrimitiveArray<NiPick::Record *>::Record *>
0x00A98E90|NiTArray<NiPick::Record *>::Record *>
0x00A9E680|NiHalfSpaceBV::NiHalfSpaceBV
0x00A9EDD0|NiTArray<NiBoundingVolume *>::NiTArray<NiBoundingVolume *>
0x00AAB8A0|NiSphereBV::NiSphereBV
0x00AACDE0|NiCollisionData::NiCollisionData
0x00AAE6D0|NiIntersector::NiIntersector
0x00AAE720|NiIntersector::NiIntersector
0x00AAE9E0|NiCapsuleSphereIntersector::NiCapsuleSphereIntersector
0x00AAEDC0|NiCapsuleCapsuleIntersector::NiCapsuleCapsuleIntersector
0x00AB3750|NiCapsuleTriIntersector::NiCapsuleTriIntersector
0x00AB5E30|NiSphereTriIntersector::NiSphereTriIntersector
0x00AB8AB0|NiOBBNode::NiOBBNode
0x00ABA1C0|NiOBBNode::NiOBBNode
0x00AC1AB0|?$NiTMapBase@V?$DFALL@V?$NiTMapItem@PBDPAD::?$NiTMapBase@V?$DFALL@V?$NiTMapItem@PBDPAD
0x00AC1BB0|?$NiTMapBase@V?$DFALL@V?$NiTMapItem@PBDPAD::?$NiTMapBase@V?$DFALL@V?$NiTMapItem@PBDPAD
0x00AC20C0|BSTCaseInsensitiveStringMap<char *>::BSTCaseInsensitiveStringMap<char *>
0x00AC3020|?$NiTMapBase@V?$DFALL@V?$NiTMapItem@PBDPAD::?$NiTMapBase@V?$DFALL@V?$NiTMapItem@PBDPAD
0x00AC3093|std::out_of_range::out_of_range
0x00AC35FF|std::locale::_Locimp::_Locimp
0x00AC3648|std::locale::_Locimp::_Locimp
0x00AC3A4F|basic_filebuf<char,std::char_traits<char> >::char_traits<char> >
0x00AC409B|type_info::type_info
0x00AC78E0|std::exception::exception
0x00AC78F1|std::exception::exception
0x00AC7944|std::exception::exception
0x00AC79A1|std::exception::exception
0x00AC79C4|std::bad_cast::bad_cast
0x00AC79E2|std::bad_cast::bad_cast
0x00AC7A28|std::bad_typeid::bad_typeid
0x00AC7A62|std::__non_rtti_object::__non_rtti_object
0x00ACE2D2|std::bad_exception::bad_exception
0x00ACEE9B|std::bad_exception::bad_exception
0x00AE8248|NiRenderedCubeMap::NiRenderedCubeMap
0x00AE82B0|NiTexture::NiTexture
0x00AE8560|NiRenderTargetGroup::NiRenderTargetGroup
0x00AE88D0|NiShaderDeclaration::NiShaderDeclaration
0x00AE9A60|?$NiTFixedStringMapBase@V?$DFALL@V?$NiTMapItem@VNiFixedString::?$NiTFixedStringMapBase@V?$DFALL@V?$NiTMapItem@VNiFixedString
0x00AE9BF0|NiRefObject::NiRefObject
0x00AEA580|NiRefObject::NiRefObject
0x00AEA5E0|NiRefObject::NiRefObject
0x00BB3250|Tile::MenuStringMap::MenuStringMap
0x00BB32B0|NiTPointerMap<int,int>::NiTPointerMap<int,int>
0x00BB33C0|NiTPointerMap<Tile::Value *>::Value *>
0x00BB33F0|SettingT<INISettingCollection>::SettingT<INISettingCollection>
0x00BB3570|SettingT<INISettingCollection>::SettingT<INISettingCollection>
0x00BB3668|SettingT<INISettingCollection>::SettingT<INISettingCollection>
0x00BB3818|SettingT<INISettingCollection>::SettingT<INISettingCollection>
0x00BB3958|SettingT<INISettingCollection>::SettingT<INISettingCollection>
0x00BB3A18|SettingT<INISettingCollection>::SettingT<INISettingCollection>
0x00BB3A70|SettingT<INISettingCollection>::SettingT<INISettingCollection>
0x00BB3B10|Setting::Setting
0x00BB3B40|SettingT<INISettingCollection>::SettingT<INISettingCollection>
0x00BB3BB0|SettingT<INISettingCollection>::SettingT<INISettingCollection>
0x00BB3DC0|NiTStringPointerMap<XMLStorage *>::NiTStringPointerMap<XMLStorage *>
0x00BB3E60|NiTPrimitiveArray<Tile *>::NiTPrimitiveArray<Tile *>
0x00BB4390|SettingT<INISettingCollection>::SettingT<INISettingCollection>
0x00BB4430|SettingT<INISettingCollection>::SettingT<INISettingCollection>
0x00BB44D0|SettingT<INISettingCollection>::SettingT<INISettingCollection>
0x00BB4570|SettingT<INISettingCollection>::SettingT<INISettingCollection>
0x00BB4610|Setting::Setting
0x00BB4648|SettingT<INISettingCollection>::SettingT<INISettingCollection>
0x00BB46B0|Setting::Setting
0x00BB4760|SettingT<INISettingCollection>::SettingT<INISettingCollection>
0x00BB47F0|SettingT<INISettingCollection>::SettingT<INISettingCollection>
0x00BB4930|SettingT<INISettingCollection>::SettingT<INISettingCollection>
0x00BB6C30|SettingT<INISettingCollection>::SettingT<INISettingCollection>
0x00BB6CD0|SettingT<INISettingCollection>::SettingT<INISettingCollection>
0x00BB6D80|SettingT<INISettingCollection>::SettingT<INISettingCollection>
0x00BB6E00|SettingT<INISettingCollection>::SettingT<INISettingCollection>
0x00BB6EA0|SettingT<INISettingCollection>::SettingT<INISettingCollection>
0x00BB6F40|SettingT<INISettingCollection>::SettingT<INISettingCollection>
0x00BB6FE0|SettingT<INISettingCollection>::SettingT<INISettingCollection>
0x00BB70B0|SettingT<INISettingCollection>::SettingT<INISettingCollection>
0x00BB7150|SettingT<INIPrefSettingCollection>::SettingT<INIPrefSettingCollection>
0x00BB71F0|SettingT<INIPrefSettingCollection>::SettingT<INIPrefSettingCollection>
0x00BB7290|SettingT<INIPrefSettingCollection>::SettingT<INIPrefSettingCollection>
0x00BB7330|Setting::Setting
0x00BB7360|SettingT<INIPrefSettingCollection>::SettingT<INIPrefSettingCollection>
0x00BB73F8|SettingT<INIPrefSettingCollection>::SettingT<INIPrefSettingCollection>
0x00BB7490|SettingT<INIPrefSettingCollection>::SettingT<INIPrefSettingCollection>
0x00BB75B0|SettingT<INISettingCollection>::SettingT<INISettingCollection>
0x00BB7738|SettingT<INISettingCollection>::SettingT<INISettingCollection>
0x00BB7790|Setting::Setting
0x00BB77C8|SettingT<INISettingCollection>::SettingT<INISettingCollection>
0x00BB7978|SettingT<INISettingCollection>::SettingT<INISettingCollection>
0x00BB7A10|SettingT<INISettingCollection>::SettingT<INISettingCollection>
0x00BB7AB0|SettingT<INISettingCollection>::SettingT<INISettingCollection>
0x00BB7B50|SettingT<INISettingCollection>::SettingT<INISettingCollection>
0x00BB7BF0|SettingT<INISettingCollection>::SettingT<INISettingCollection>
0x00BB7C50|SettingT<INISettingCollection>::SettingT<INISettingCollection>
0x00BB7C90|Setting::Setting
0x00BB7D30|SettingT<INISettingCollection>::SettingT<INISettingCollection>
0x00BB7DD0|SettingT<INISettingCollection>::SettingT<INISettingCollection>
0x00BB7E70|SettingT<INISettingCollection>::SettingT<INISettingCollection>
0x00BB7F38|SettingT<INISettingCollection>::SettingT<INISettingCollection>
0x00BB7FB8|SettingT<INISettingCollection>::SettingT<INISettingCollection>
0x00BB92A0|Uniform::Uniform
0x00BBB7F0|SettingT<INISettingCollection>::SettingT<INISettingCollection>
0x00BBB8A8|SettingT<INISettingCollection>::SettingT<INISettingCollection>
0x00BBB920|SettingT<INISettingCollection>::SettingT<INISettingCollection>
0x00BBB9C0|SettingT<INISettingCollection>::SettingT<INISettingCollection>
0x00BBBB00|?$NiTObjectArray@V?$NiPointer@VNiRefObject::?$NiTObjectArray@V?$NiPointer@VNiRefObject
0x00BBBDA0|SettingT<INISettingCollection>::SettingT<INISettingCollection>
0x00BBBE40|Setting::Setting
0x00BBBEE0|Setting::Setting
0x00BBBF28|SettingT<INISettingCollection>::SettingT<INISettingCollection>
0x00BBBF80|SettingT<INISettingCollection>::SettingT<INISettingCollection>
0x00BBC020|SettingT<INISettingCollection>::SettingT<INISettingCollection>
0x00BBC0C0|SettingT<INISettingCollection>::SettingT<INISettingCollection>
0x00BBC160|SettingT<INISettingCollection>::SettingT<INISettingCollection>
0x00BBC200|SettingT<INISettingCollection>::SettingT<INISettingCollection>
0x00BBC2C0|SettingT<INISettingCollection>::SettingT<INISettingCollection>
0x00BBC360|SettingT<INISettingCollection>::SettingT<INISettingCollection>
0x00BBC400|SettingT<INISettingCollection>::SettingT<INISettingCollection>
0x00BBC4A0|SettingT<INISettingCollection>::SettingT<INISettingCollection>
0x00BC76D8|SettingT<INISettingCollection>::SettingT<INISettingCollection>
0x00BC7770|SettingT<INISettingCollection>::SettingT<INISettingCollection>
0x00BC7810|SettingT<INISettingCollection>::SettingT<INISettingCollection>
0x00BDA000|Tile::MenuStringMap::MenuStringMap
0x00BDA020|NiTMapBase<NiTPointerAllocator<unsigned int> >::NiTMapBase<NiTPointerAllocator<unsigned int> >
0x00BDA1A0|NiTMapBase<NiTPointerAllocator<unsigned int> >::NiTMapBase<NiTPointerAllocator<unsigned int> >
0x00BDA210|SettingT<INISettingCollection>::SettingT<INISettingCollection>
0x00BDA440|SettingT<INISettingCollection>::SettingT<INISettingCollection>
0x00BDA4C0|SettingT<INISettingCollection>::SettingT<INISettingCollection>
0x00BDA540|SettingT<INISettingCollection>::SettingT<INISettingCollection>
0x00BDA5C0|SettingT<INISettingCollection>::SettingT<INISettingCollection>
0x00BDA640|SettingT<INISettingCollection>::SettingT<INISettingCollection>
0x00BDA6C0|SettingT<INISettingCollection>::SettingT<INISettingCollection>
0x00BDA740|SettingT<INISettingCollection>::SettingT<INISettingCollection>
0x00BDA800|NiTArray<Tile *>::NiTArray<Tile *>
0x00BDA830|SettingT<INISettingCollection>::SettingT<INISettingCollection>
0x00BDA8B0|SettingT<INISettingCollection>::SettingT<INISettingCollection>
0x00BDA930|SettingT<INISettingCollection>::SettingT<INISettingCollection>
0x00BDA9B0|SettingT<INISettingCollection>::SettingT<INISettingCollection>
0x00BDAA30|SettingT<INISettingCollection>::SettingT<INISettingCollection>
0x00BDAAB0|SettingT<INISettingCollection>::SettingT<INISettingCollection>
0x00BDAB30|SettingT<INISettingCollection>::SettingT<INISettingCollection>
0x00BDABB0|SettingT<INISettingCollection>::SettingT<INISettingCollection>
0x00BDAC30|SettingT<INISettingCollection>::SettingT<INISettingCollection>
0x00BDACB0|SettingT<INISettingCollection>::SettingT<INISettingCollection>
0x00BDB2C0|SettingT<INISettingCollection>::SettingT<INISettingCollection>
0x00BDB340|SettingT<INISettingCollection>::SettingT<INISettingCollection>
0x00BDB3C0|SettingT<INISettingCollection>::SettingT<INISettingCollection>
0x00BDB440|SettingT<INISettingCollection>::SettingT<INISettingCollection>
0x00BDB540|SettingT<INISettingCollection>::SettingT<INISettingCollection>
0x00BDB5D0|SettingT<INISettingCollection>::SettingT<INISettingCollection>
0x00BDB650|SettingT<INISettingCollection>::SettingT<INISettingCollection>
0x00BDB6D0|SettingT<INIPrefSettingCollection>::SettingT<INIPrefSettingCollection>
0x00BDB750|SettingT<INIPrefSettingCollection>::SettingT<INIPrefSettingCollection>
0x00BDB7D0|SettingT<INIPrefSettingCollection>::SettingT<INIPrefSettingCollection>
0x00BDB850|SettingT<INIPrefSettingCollection>::SettingT<INIPrefSettingCollection>
0x00BDB8E0|SettingT<INIPrefSettingCollection>::SettingT<INIPrefSettingCollection>
0x00BDB950|SettingT<INIPrefSettingCollection>::SettingT<INIPrefSettingCollection>
0x00BDB9D0|SettingT<INISettingCollection>::SettingT<INISettingCollection>
0x00BDBA50|SettingT<INISettingCollection>::SettingT<INISettingCollection>
0x00BDBAD0|SettingT<INISettingCollection>::SettingT<INISettingCollection>
0x00BDBBD0|SettingT<INISettingCollection>::SettingT<INISettingCollection>
0x00BDBC50|SettingT<INISettingCollection>::SettingT<INISettingCollection>
0x00BDBCD0|SettingT<INISettingCollection>::SettingT<INISettingCollection>
0x00BDBD60|SettingT<INISettingCollection>::SettingT<INISettingCollection>
0x00BDBDD0|SettingT<INISettingCollection>::SettingT<INISettingCollection>
0x00BDBE50|SettingT<INISettingCollection>::SettingT<INISettingCollection>
0x00BDBED0|SettingT<INISettingCollection>::SettingT<INISettingCollection>
0x00BDBF50|SettingT<INISettingCollection>::SettingT<INISettingCollection>
0x00BDBFF0|SettingT<INISettingCollection>::SettingT<INISettingCollection>
0x00BDC070|SettingT<INISettingCollection>::SettingT<INISettingCollection>
0x00BDC0F0|SettingT<INISettingCollection>::SettingT<INISettingCollection>
0x00BDC170|SettingT<INISettingCollection>::SettingT<INISettingCollection>
0x00BDC1F0|SettingT<INISettingCollection>::SettingT<INISettingCollection>
0x00BDC270|SettingT<INISettingCollection>::SettingT<INISettingCollection>
0x00BDC720|Random::Random
0x00BDD440|SettingT<INISettingCollection>::SettingT<INISettingCollection>
0x00BDD4C0|SettingT<INISettingCollection>::SettingT<INISettingCollection>
0x00BDD540|SettingT<INISettingCollection>::SettingT<INISettingCollection>
0x00BDD5C0|SettingT<INISettingCollection>::SettingT<INISettingCollection>
0x00BDD640|?$NiTArray@V?$NiPointer@VNiRefObject::?$NiTArray@V?$NiPointer@VNiRefObject
0x00BDD6D0|SettingT<INISettingCollection>::SettingT<INISettingCollection>
0x00BDD750|SettingT<INISettingCollection>::SettingT<INISettingCollection>
0x00BDD7D0|SettingT<INISettingCollection>::SettingT<INISettingCollection>
0x00BDD850|SettingT<INISettingCollection>::SettingT<INISettingCollection>
0x00BDD8D0|SettingT<INISettingCollection>::SettingT<INISettingCollection>
0x00BDD950|SettingT<INISettingCollection>::SettingT<INISettingCollection>
0x00BDD9D0|SettingT<INISettingCollection>::SettingT<INISettingCollection>
0x00BDDA50|SettingT<INISettingCollection>::SettingT<INISettingCollection>
0x00BDDAD0|SettingT<INISettingCollection>::SettingT<INISettingCollection>
0x00BDDB50|SettingT<INISettingCollection>::SettingT<INISettingCollection>
0x00BDDBD0|SettingT<INISettingCollection>::SettingT<INISettingCollection>
0x00BDDC50|SettingT<INISettingCollection>::SettingT<INISettingCollection>
0x00BDE3D0|SettingT<INISettingCollection>::SettingT<INISettingCollection>
0x00BDE450|SettingT<INISettingCollection>::SettingT<INISettingCollection>
0x00BDE4D0|SettingT<INISettingCollection>::SettingT<INISettingCollection>
0x00D8BB08|type_info::type_info
0x00D8BBA0|type_info::type_info
0x00D8BEC0|type_info::type_info
0x00D8C528|type_info::type_info
0x00D9DCB8|type_info::type_info
0x00D9FAA0|type_info::type_info
0x00D9FAF0|type_info::type_info
0x00DA0148|type_info::type_info
0x00DA01F0|type_info::type_info
0x00DA0258|type_info::type_info
0x00DA0AA0|type_info::type_info
0x00DA1D10|type_info::type_info
0x00DA2970|type_info::type_info
0x00DA29B8|type_info::type_info
0x00DA6E48|type_info::type_info
0x00DB12E8|type_info::type_info
0x00DBDEE0|IConvexOverlapImpl::IConvexOverlapImpl
0x00DBFBB8|type_info::type_info
0x00DC0860|type_info::type_info
